ID,disableParam_NT,disableParamReserve1,disableParamReserve2,sortId,wanderingEquipId,resistSleep,resistMadness,saDurability,toughnessCorrectRate,fixPrice,basicPrice,sellValue,weight,residentSpEffectId,residentSpEffectId2,residentSpEffectId3,materialSetId,partsDamageRate,corectSARecover,originEquipPro,originEquipPro1,originEquipPro2,originEquipPro3,originEquipPro4,originEquipPro5,originEquipPro6,originEquipPro7,originEquipPro8,originEquipPro9,originEquipPro10,originEquipPro11,originEquipPro12,originEquipPro13,originEquipPro14,originEquipPro15,faceScaleM_ScaleX,faceScaleM_ScaleZ,faceScaleM_MaxX,faceScaleM_MaxZ,faceScaleF_ScaleX,faceScaleF_ScaleZ,faceScaleF_MaxX,faceScaleF_MaxZ,qwcId,equipModelId,iconIdM,iconIdF,knockBack,knockbackBounceRate,durability,durabilityMax,pad03,defFlickPower,defensePhysics,defenseMagic,defenseFire,defenseThunder,defenseSlash,defenseBlow,defenseThrust,resistPoison,resistDisease,resistBlood,resistCurse,reinforceTypeId,trophySGradeId,shopLv,knockbackParamId,flickDamageCutRate,equipModelCategory,equipModelGender,protectorCategory,rarity,sortGroupId,partsDmgType,pad04,isDeposit,headEquip,bodyEquip,armEquip,legEquip,useFaceScale,isSkipWeakDamageAnim,pad06,defenseMaterialVariationValue_Weak,autoFootEffectDecalBaseId2,autoFootEffectDecalBaseId3,defenseMaterialVariationValue,isDiscard,isDrop,disableMultiDropShare,simpleModelForDlc,showLogCondType,showDialogCondType,pad,neutralDamageCutRate,slashDamageCutRate,blowDamageCutRate,thrustDamageCutRate,magicDamageCutRate,fireDamageCutRate,thunderDamageCutRate,defenseMaterialSfx1,defenseMaterialSfx_Weak1,defenseMaterial1,defenseMaterial_Weak1,defenseMaterialSfx2,defenseMaterialSfx_Weak2,footMaterialSe,defenseMaterial_Weak2,autoFootEffectDecalBaseId1,toughnessDamageCutRate,toughnessRecoverCorrection,darkDamageCutRate,defenseDark,invisibleFlag48,invisibleFlag49,invisibleFlag50,invisibleFlag51,invisibleFlag52,invisibleFlag53,invisibleFlag54,invisibleFlag55,invisibleFlag56,invisibleFlag57,invisibleFlag58,invisibleFlag59,invisibleFlag60,invisibleFlag61,invisibleFlag62,invisibleFlag63,invisibleFlag64,invisibleFlag65,invisibleFlag66,invisibleFlag67,invisibleFlag68,invisibleFlag69,invisibleFlag70,invisibleFlag71,invisibleFlag72,invisibleFlag73,invisibleFlag74,invisibleFlag75,invisibleFlag76,invisibleFlag77,invisibleFlag78,invisibleFlag79,invisibleFlag80,padbit,postureControlId,pad2,saleValue,resistFreeze,invisibleFlag_SexVer00,invisibleFlag_SexVer01,invisibleFlag_SexVer02,invisibleFlag_SexVer03,invisibleFlag_SexVer04,invisibleFlag_SexVer05,invisibleFlag_SexVer06,invisibleFlag_SexVer07,invisibleFlag_SexVer08,invisibleFlag_SexVer09,invisibleFlag_SexVer10,invisibleFlag_SexVer11,invisibleFlag_SexVer12,invisibleFlag_SexVer13,invisibleFlag_SexVer14,invisibleFlag_SexVer15,invisibleFlag_SexVer16,invisibleFlag_SexVer17,invisibleFlag_SexVer18,invisibleFlag_SexVer19,invisibleFlag_SexVer20,invisibleFlag_SexVer21,invisibleFlag_SexVer22,invisibleFlag_SexVer23,invisibleFlag_SexVer24,invisibleFlag_SexVer25,invisibleFlag_SexVer26,invisibleFlag_SexVer27,invisibleFlag_SexVer28,invisibleFlag_SexVer29,invisibleFlag_SexVer30,invisibleFlag_SexVer31,invisibleFlag_SexVer32,invisibleFlag_SexVer33,invisibleFlag_SexVer34,invisibleFlag_SexVer35,invisibleFlag_SexVer36,invisibleFlag_SexVer37,invisibleFlag_SexVer38,invisibleFlag_SexVer39,invisibleFlag_SexVer40,invisibleFlag_SexVer41,invisibleFlag_SexVer42,invisibleFlag_SexVer43,invisibleFlag_SexVer44,invisibleFlag_SexVer45,invisibleFlag_SexVer46,invisibleFlag_SexVer47,invisibleFlag_SexVer48,invisibleFlag_SexVer49,invisibleFlag_SexVer50,invisibleFlag_SexVer51,invisibleFlag_SexVer52,invisibleFlag_SexVer53,invisibleFlag_SexVer54,invisibleFlag_SexVer55,invisibleFlag_SexVer56,invisibleFlag_SexVer57,invisibleFlag_SexVer58,invisibleFlag_SexVer59,invisibleFlag_SexVer60,invisibleFlag_SexVer61,invisibleFlag_SexVer62,invisibleFlag_SexVer63,invisibleFlag_SexVer64,invisibleFlag_SexVer65,invisibleFlag_SexVer66,invisibleFlag_SexVer67,invisibleFlag_SexVer68,invisibleFlag_SexVer69,invisibleFlag_SexVer70,invisibleFlag_SexVer71,invisibleFlag_SexVer72,invisibleFlag_SexVer73,invisibleFlag_SexVer74,invisibleFlag_SexVer75,invisibleFlag_SexVer76,invisibleFlag_SexVer77,invisibleFlag_SexVer78,invisibleFlag_SexVer79,invisibleFlag_SexVer80,invisibleFlag_SexVer81,invisibleFlag_SexVer82,invisibleFlag_SexVer83,invisibleFlag_SexVer84,invisibleFlag_SexVer85,invisibleFlag_SexVer86,invisibleFlag_SexVer87,invisibleFlag_SexVer88,invisibleFlag_SexVer89,invisibleFlag_SexVer90,invisibleFlag_SexVer91,invisibleFlag_SexVer92,invisibleFlag_SexVer93,invisibleFlag_SexVer94,invisibleFlag_SexVer95,pad404
1000,0,0,System.Byte[],1,0,0,0,0,0,0,0,0,0,-1,-1,-1,-1,1,0,-1,-1,-1,-1,-1,-1,-1,-1,-1,-1,-1,-1,-1,-1,-1,-1,1,1,1.1,1.1,1,1,1.1,1.1,-1,0,0,0,0,0,0,0,System.Byte[],0,0,0,0,0,0,0,0,0,0,0,0,0,-1,-1,1,0,4,1,4,0,255,0,System.Byte[],0,0,0,0,0,0,0,0,0,-1,-1,0,0,0,0,0,1,2,0,1,1,1,1,1,1,1,139,139,139,139,139,139,139,139,-1,1,0,1,100,0,0,0,0,0,0,0,0,0,0,0,0,0,0,0,0,0,0,0,0,0,0,0,0,0,0,0,0,0,0,0,0,0,0,0,System.Byte[],0,0,0,0,0,0,0,0,0,0,0,0,0,0,0,0,0,0,0,0,0,0,0,0,0,0,0,0,0,0,0,0,0,0,0,0,0,0,0,0,0,0,0,0,0,0,0,0,0,0,0,0,0,0,0,0,0,0,0,0,0,0,0,0,0,0,0,0,0,0,0,0,0,0,0,0,0,0,0,0,0,0,0,0,0,0,0,0,0,0,0,0,0,0,0,0,0,0,System.Byte[]
1100,0,0,System.Byte[],2,0,0,0,0,0,0,0,0,0,-1,-1,-1,-1,1,0,-1,-1,-1,-1,-1,-1,-1,-1,-1,-1,-1,-1,-1,-1,-1,-1,1,1,1.1,1.1,1,1,1.1,1.1,-1,2,0,0,0,0,0,0,System.Byte[],0,0,0,0,0,0,0,0,0,0,0,0,0,-1,-1,1,0,4,1,4,0,255,0,System.Byte[],0,0,0,0,0,0,0,0,0,-1,-1,0,0,0,0,0,1,2,0,1,1,1,1,1,1,1,139,139,139,139,139,139,139,139,-1,1,0,1,100,0,0,0,0,0,0,0,0,0,0,0,0,0,0,0,0,0,0,0,0,0,0,0,0,0,0,0,0,0,0,0,0,0,0,0,System.Byte[],0,0,0,0,0,0,0,0,0,0,0,0,0,0,0,0,0,0,0,0,0,0,0,0,0,0,0,0,0,0,0,0,0,0,0,0,0,0,0,0,0,0,0,0,0,0,0,0,0,0,0,0,0,0,0,0,0,0,0,0,0,0,0,0,0,0,0,0,0,0,0,0,0,0,0,0,0,0,0,0,0,0,0,0,0,0,0,0,0,0,0,0,0,0,0,0,0,0,System.Byte[]
1200,0,0,System.Byte[],3,0,0,0,0,0,0,0,0,0,-1,-1,-1,-1,1,0,-1,-1,-1,-1,-1,-1,-1,-1,-1,-1,-1,-1,-1,-1,-1,-1,1,1,1.1,1.1,1,1,1.1,1.1,-1,11,0,0,0,0,0,0,System.Byte[],0,0,0,0,0,0,0,0,0,0,0,0,0,-1,-1,1,0,4,1,4,0,255,0,System.Byte[],0,0,0,0,0,0,0,0,0,-1,-1,0,0,0,0,0,1,2,0,1,1,1,1,1,1,1,139,139,139,139,139,139,139,139,-1,1,0,1,100,0,0,0,0,0,0,0,0,0,0,0,0,0,0,0,0,0,0,0,0,0,0,0,0,0,0,0,0,0,0,0,0,0,0,0,System.Byte[],0,0,0,0,0,0,0,0,0,0,0,0,0,0,0,0,0,0,0,0,0,0,0,0,0,0,0,0,0,0,0,0,0,0,0,0,0,0,0,0,0,0,0,0,0,0,0,0,0,0,0,0,0,0,0,0,0,0,0,0,0,0,0,0,0,0,0,0,0,0,0,0,0,0,0,0,0,0,0,0,0,0,0,0,0,0,0,0,0,0,0,0,0,0,0,0,0,0,System.Byte[]
1300,0,0,System.Byte[],4,0,0,0,0,0,0,0,0,0,-1,-1,-1,-1,1,0,-1,-1,-1,-1,-1,-1,-1,-1,-1,-1,-1,-1,-1,-1,-1,-1,1,1,1.1,1.1,1,1,1.1,1.1,-1,4,0,0,0,0,0,0,System.Byte[],0,0,0,0,0,0,0,0,0,0,0,0,0,-1,-1,1,0,4,1,4,0,255,0,System.Byte[],0,0,0,0,0,0,0,0,0,-1,-1,0,0,0,0,0,1,2,0,1,1,1,1,1,1,1,139,139,139,139,139,139,139,139,-1,1,0,1,100,0,0,0,0,0,0,0,0,0,0,0,0,0,0,0,0,0,0,0,0,0,0,0,0,0,0,0,0,0,0,0,0,0,0,0,System.Byte[],0,0,0,0,0,0,0,0,0,0,0,0,0,0,0,0,0,0,0,0,0,0,0,0,0,0,0,0,0,0,0,0,0,0,0,0,0,0,0,0,0,0,0,0,0,0,0,0,0,0,0,0,0,0,0,0,0,0,0,0,0,0,0,0,0,0,0,0,0,0,0,0,0,0,0,0,0,0,0,0,0,0,0,0,0,0,0,0,0,0,0,0,0,0,0,0,0,0,System.Byte[]
1400,0,0,System.Byte[],5,0,0,0,0,0,0,0,0,0,-1,-1,-1,-1,1,0,-1,-1,-1,-1,-1,-1,-1,-1,-1,-1,-1,-1,-1,-1,-1,-1,1,1,1.1,1.1,1,1,1.1,1.1,-1,12,0,0,0,0,0,0,System.Byte[],0,0,0,0,0,0,0,0,0,0,0,0,0,-1,-1,1,0,4,1,4,0,255,0,System.Byte[],0,0,0,0,0,0,0,0,0,-1,-1,0,0,0,0,0,1,2,0,1,1,1,1,1,1,1,139,139,139,139,139,139,139,139,-1,1,0,1,100,0,0,0,0,0,0,0,0,0,0,0,0,0,0,0,0,0,0,0,0,0,0,0,0,0,0,0,0,0,0,0,0,0,0,0,System.Byte[],0,0,0,0,0,0,0,0,0,0,0,0,0,0,0,0,0,0,0,0,0,0,0,0,0,0,0,0,0,0,0,0,0,0,0,0,0,0,0,0,0,0,0,0,0,0,0,0,0,0,0,0,0,0,0,0,0,0,0,0,0,0,0,0,0,0,0,0,0,0,0,0,0,0,0,0,0,0,0,0,0,0,0,0,0,0,0,0,0,0,0,0,0,0,0,0,0,0,System.Byte[]
1500,0,0,System.Byte[],6,0,0,0,0,0,0,0,0,0,-1,-1,-1,-1,1,0,-1,-1,-1,-1,-1,-1,-1,-1,-1,-1,-1,-1,-1,-1,-1,-1,1,1,1.1,1.1,1,1,1.1,1.1,-1,6,0,0,0,0,0,0,System.Byte[],0,0,0,0,0,0,0,0,0,0,0,0,0,-1,-1,1,0,4,1,4,0,255,0,System.Byte[],0,0,0,0,0,0,0,0,0,-1,-1,0,0,0,0,0,1,2,0,1,1,1,1,1,1,1,139,139,139,139,139,139,139,139,-1,1,0,1,100,0,0,0,0,0,0,0,0,0,0,0,0,0,0,0,0,0,0,0,0,0,0,0,0,0,0,0,0,0,0,0,0,0,0,0,System.Byte[],0,0,0,0,0,0,0,0,0,0,0,0,0,0,0,0,0,0,0,0,0,0,0,0,0,0,0,0,0,0,0,0,0,0,0,0,0,0,0,0,0,0,0,0,0,0,0,0,0,0,0,0,0,0,0,0,0,0,0,0,0,0,0,0,0,0,0,0,0,0,0,0,0,0,0,0,0,0,0,0,0,0,0,0,0,0,0,0,0,0,0,0,0,0,0,0,0,0,System.Byte[]
1600,0,0,System.Byte[],7,0,0,0,0,0,0,0,0,0,-1,-1,-1,-1,1,0,-1,-1,-1,-1,-1,-1,-1,-1,-1,-1,-1,-1,-1,-1,-1,-1,1,1,1.1,1.1,1,1,1.1,1.1,-1,10,0,0,0,0,0,0,System.Byte[],0,0,0,0,0,0,0,0,0,0,0,0,0,-1,-1,1,0,4,1,4,0,255,0,System.Byte[],0,0,0,0,0,0,0,0,0,-1,-1,0,0,0,0,0,1,2,0,1,1,1,1,1,1,1,139,139,139,139,139,139,139,139,-1,1,0,1,100,0,0,0,0,0,0,0,0,0,0,0,0,0,0,0,0,0,0,0,0,0,0,0,0,0,0,0,0,0,0,0,0,0,0,0,System.Byte[],0,0,0,0,0,0,0,0,0,0,0,0,0,0,0,0,0,0,0,0,0,0,0,0,0,0,0,0,0,0,0,0,0,0,0,0,0,0,0,0,0,0,0,0,0,0,0,0,0,0,0,0,0,0,0,0,0,0,0,0,0,0,0,0,0,0,0,0,0,0,0,0,0,0,0,0,0,0,0,0,0,0,0,0,0,0,0,0,0,0,0,0,0,0,0,0,0,0,System.Byte[]
1700,0,0,System.Byte[],8,0,0,0,0,0,0,0,0,0,-1,-1,-1,-1,1,0,-1,-1,-1,-1,-1,-1,-1,-1,-1,-1,-1,-1,-1,-1,-1,-1,1,1,1.1,1.1,1,1,1.1,1.1,-1,5,0,0,0,0,0,0,System.Byte[],0,0,0,0,0,0,0,0,0,0,0,0,0,-1,-1,1,0,4,1,4,0,255,0,System.Byte[],0,0,0,0,0,0,0,0,0,-1,-1,0,0,0,0,0,1,2,0,1,1,1,1,1,1,1,139,139,139,139,139,139,139,139,-1,1,0,1,100,0,0,0,0,0,0,0,0,0,0,0,0,0,0,0,0,0,0,0,0,0,0,0,0,0,0,0,0,0,0,0,0,0,0,0,System.Byte[],0,0,0,0,0,0,0,0,0,0,0,0,0,0,0,0,0,0,0,0,0,0,0,0,0,0,0,0,0,0,0,0,0,0,0,0,0,0,0,0,0,0,0,0,0,0,0,0,0,0,0,0,0,0,0,0,0,0,0,0,0,0,0,0,0,0,0,0,0,0,0,0,0,0,0,0,0,0,0,0,0,0,0,0,0,0,0,0,0,0,0,0,0,0,0,0,0,0,System.Byte[]
1800,0,0,System.Byte[],9,0,0,0,0,0,0,0,0,0,-1,-1,-1,-1,1,0,-1,-1,-1,-1,-1,-1,-1,-1,-1,-1,-1,-1,-1,-1,-1,-1,1,1,1.1,1.1,1,1,1.1,1.1,-1,7,0,0,0,0,0,0,System.Byte[],0,0,0,0,0,0,0,0,0,0,0,0,0,-1,-1,1,0,4,1,4,0,255,0,System.Byte[],0,0,0,0,0,0,0,0,0,-1,-1,0,0,0,0,0,1,2,0,1,1,1,1,1,1,1,139,139,139,139,139,139,139,139,-1,1,0,1,100,0,0,0,0,0,0,0,0,0,0,0,0,0,0,0,0,0,0,0,0,0,0,0,0,0,0,0,0,0,0,0,0,0,0,0,System.Byte[],0,0,0,0,0,0,0,0,0,0,0,0,0,0,0,0,0,0,0,0,0,0,0,0,0,0,0,0,0,0,0,0,0,0,0,0,0,0,0,0,0,0,0,0,0,0,0,0,0,0,0,0,0,0,0,0,0,0,0,0,0,0,0,0,0,0,0,0,0,0,0,0,0,0,0,0,0,0,0,0,0,0,0,0,0,0,0,0,0,0,0,0,0,0,0,0,0,0,System.Byte[]
1900,0,0,System.Byte[],10,0,0,0,0,0,0,0,0,0,-1,-1,-1,-1,1,0,-1,-1,-1,-1,-1,-1,-1,-1,-1,-1,-1,-1,-1,-1,-1,-1,1,1,1.1,1.1,1,1,1.1,1.1,-1,3,0,0,0,0,0,0,System.Byte[],0,0,0,0,0,0,0,0,0,0,0,0,0,-1,-1,1,0,4,1,4,0,255,0,System.Byte[],0,0,0,0,0,0,0,0,0,-1,-1,0,0,0,0,0,1,2,0,1,1,1,1,1,1,1,139,139,139,139,139,139,139,139,-1,1,0,1,100,0,0,0,0,0,0,0,0,0,0,0,0,0,0,0,0,0,0,0,0,0,0,0,0,0,0,0,0,0,0,0,0,0,0,0,System.Byte[],0,0,0,0,0,0,0,0,0,0,0,0,0,0,0,0,0,0,0,0,0,0,0,0,0,0,0,0,0,0,0,0,0,0,0,0,0,0,0,0,0,0,0,0,0,0,0,0,0,0,0,0,0,0,0,0,0,0,0,0,0,0,0,0,0,0,0,0,0,0,0,0,0,0,0,0,0,0,0,0,0,0,0,0,0,0,0,0,0,0,0,0,0,0,0,0,0,0,System.Byte[]
2000,0,0,System.Byte[],-1,0,0,0,0,0,0,0,0,0,-1,-1,-1,-1,1,0,-1,-1,-1,-1,-1,-1,-1,-1,-1,-1,-1,-1,-1,-1,-1,-1,1,1,1,1,1,1,1,1,-1,0,0,0,0,0,0,0,System.Byte[],0,0,0,0,0,0,0,0,0,0,0,0,0,-1,-1,1,0,4,1,4,0,255,0,System.Byte[],0,0,0,0,0,0,0,0,0,-1,-1,0,0,0,0,0,1,2,0,1,1,1,1,1,1,1,139,139,139,139,139,139,139,139,-1,1,0,1,100,0,0,0,0,0,0,0,0,0,0,0,0,0,0,0,0,0,0,0,0,0,0,0,0,0,0,0,0,0,0,0,0,0,0,0,System.Byte[],0,0,0,0,0,0,0,0,0,0,0,0,0,0,0,0,0,0,0,0,0,0,0,0,0,0,0,0,0,0,0,0,0,0,0,0,0,0,0,0,0,0,0,0,0,0,0,0,0,0,0,0,0,0,0,0,0,0,0,0,0,0,0,0,0,0,0,0,0,0,0,0,0,0,0,0,0,0,0,0,0,0,0,0,0,0,0,0,0,0,0,0,0,0,0,0,0,0,System.Byte[]
2100,0,0,System.Byte[],-1,0,0,0,0,0,0,0,0,0,-1,-1,-1,-1,1,0,-1,-1,-1,-1,-1,-1,-1,-1,-1,-1,-1,-1,-1,-1,-1,-1,1,1,1,1,1,1,1,1,-1,0,0,0,0,0,0,0,System.Byte[],0,0,0,0,0,0,0,0,0,0,0,0,0,-1,-1,1,0,4,1,4,0,255,0,System.Byte[],0,0,0,0,0,0,0,0,0,-1,-1,0,0,0,0,0,1,2,0,1,1,1,1,1,1,1,139,139,139,139,139,139,139,139,-1,1,0,1,100,0,0,0,0,0,0,0,0,0,0,0,0,0,0,0,0,0,0,0,0,0,0,0,0,0,0,0,0,0,0,0,0,0,0,0,System.Byte[],0,0,0,0,0,0,0,0,0,0,0,0,0,0,0,0,0,0,0,0,0,0,0,0,0,0,0,0,0,0,0,0,0,0,0,0,0,0,0,0,0,0,0,0,0,0,0,0,0,0,0,0,0,0,0,0,0,0,0,0,0,0,0,0,0,0,0,0,0,0,0,0,0,0,0,0,0,0,0,0,0,0,0,0,0,0,0,0,0,0,0,0,0,0,0,0,0,0,System.Byte[]
2200,0,0,System.Byte[],-1,0,0,0,0,0,0,0,0,0,-1,-1,-1,-1,1,0,-1,-1,-1,-1,-1,-1,-1,-1,-1,-1,-1,-1,-1,-1,-1,-1,1,1,1,1,1,1,1,1,-1,0,0,0,0,0,0,0,System.Byte[],0,0,0,0,0,0,0,0,0,0,0,0,0,-1,-1,1,0,4,1,4,0,255,0,System.Byte[],0,0,0,0,0,0,0,0,0,-1,-1,0,0,0,0,0,1,2,0,1,1,1,1,1,1,1,139,139,139,139,139,139,139,139,-1,1,0,1,100,0,0,0,0,0,0,0,0,0,0,0,0,0,0,0,0,0,0,0,0,0,0,0,0,0,0,0,0,0,0,0,0,0,0,0,System.Byte[],0,0,0,0,0,0,0,0,0,0,0,0,0,0,0,0,0,0,0,0,0,0,0,0,0,0,0,0,0,0,0,0,0,0,0,0,0,0,0,0,0,0,0,0,0,0,0,0,0,0,0,0,0,0,0,0,0,0,0,0,0,0,0,0,0,0,0,0,0,0,0,0,0,0,0,0,0,0,0,0,0,0,0,0,0,0,0,0,0,0,0,0,0,0,0,0,0,0,System.Byte[]
2300,0,0,System.Byte[],-1,0,0,0,0,0,0,0,0,0,-1,-1,-1,-1,1,0,-1,-1,-1,-1,-1,-1,-1,-1,-1,-1,-1,-1,-1,-1,-1,-1,1,1,1,1,1,1,1,1,-1,0,0,0,0,0,0,0,System.Byte[],0,0,0,0,0,0,0,0,0,0,0,0,0,-1,-1,1,0,4,1,4,0,255,0,System.Byte[],0,0,0,0,0,0,0,0,0,-1,-1,0,0,0,0,0,1,2,0,1,1,1,1,1,1,1,139,139,139,139,139,139,139,139,-1,1,0,1,100,0,0,0,0,0,0,0,0,0,0,0,0,0,0,0,0,0,0,0,0,0,0,0,0,0,0,0,0,0,0,0,0,0,0,0,System.Byte[],0,0,0,0,0,0,0,0,0,0,0,0,0,0,0,0,0,0,0,0,0,0,0,0,0,0,0,0,0,0,0,0,0,0,0,0,0,0,0,0,0,0,0,0,0,0,0,0,0,0,0,0,0,0,0,0,0,0,0,0,0,0,0,0,0,0,0,0,0,0,0,0,0,0,0,0,0,0,0,0,0,0,0,0,0,0,0,0,0,0,0,0,0,0,0,0,0,0,System.Byte[]
2400,0,0,System.Byte[],-1,0,0,0,0,0,0,0,0,0,-1,-1,-1,-1,1,0,-1,-1,-1,-1,-1,-1,-1,-1,-1,-1,-1,-1,-1,-1,-1,-1,1,1,1,1,1,1,1,1,-1,0,0,0,0,0,0,0,System.Byte[],0,0,0,0,0,0,0,0,0,0,0,0,0,-1,-1,1,0,4,1,4,0,255,0,System.Byte[],0,0,0,0,0,0,0,0,0,-1,-1,0,0,0,0,0,1,2,0,1,1,1,1,1,1,1,139,139,139,139,139,139,139,139,-1,1,0,1,100,0,0,0,0,0,0,0,0,0,0,0,0,0,0,0,0,0,0,0,0,0,0,0,0,0,0,0,0,0,0,0,0,0,0,0,System.Byte[],0,0,0,0,0,0,0,0,0,0,0,0,0,0,0,0,0,0,0,0,0,0,0,0,0,0,0,0,0,0,0,0,0,0,0,0,0,0,0,0,0,0,0,0,0,0,0,0,0,0,0,0,0,0,0,0,0,0,0,0,0,0,0,0,0,0,0,0,0,0,0,0,0,0,0,0,0,0,0,0,0,0,0,0,0,0,0,0,0,0,0,0,0,0,0,0,0,0,System.Byte[]
2500,0,0,System.Byte[],-1,0,0,0,0,0,0,0,0,0,-1,-1,-1,-1,1,0,-1,-1,-1,-1,-1,-1,-1,-1,-1,-1,-1,-1,-1,-1,-1,-1,1,1,1,1,1,1,1,1,-1,0,0,0,0,0,0,0,System.Byte[],0,0,0,0,0,0,0,0,0,0,0,0,0,-1,-1,1,0,4,1,4,0,255,0,System.Byte[],0,0,0,0,0,0,0,0,0,-1,-1,0,0,0,0,0,1,2,0,1,1,1,1,1,1,1,139,139,139,139,139,139,139,139,-1,1,0,1,100,0,0,0,0,0,0,0,0,0,0,0,0,0,0,0,0,0,0,0,0,0,0,0,0,0,0,0,0,0,0,0,0,0,0,0,System.Byte[],0,0,0,0,0,0,0,0,0,0,0,0,0,0,0,0,0,0,0,0,0,0,0,0,0,0,0,0,0,0,0,0,0,0,0,0,0,0,0,0,0,0,0,0,0,0,0,0,0,0,0,0,0,0,0,0,0,0,0,0,0,0,0,0,0,0,0,0,0,0,0,0,0,0,0,0,0,0,0,0,0,0,0,0,0,0,0,0,0,0,0,0,0,0,0,0,0,0,System.Byte[]
2600,0,0,System.Byte[],-1,0,0,0,0,0,0,0,0,0,-1,-1,-1,-1,1,0,-1,-1,-1,-1,-1,-1,-1,-1,-1,-1,-1,-1,-1,-1,-1,-1,1,1,1,1,1,1,1,1,-1,0,0,0,0,0,0,0,System.Byte[],0,0,0,0,0,0,0,0,0,0,0,0,0,-1,-1,1,0,4,1,4,0,255,0,System.Byte[],0,0,0,0,0,0,0,0,0,-1,-1,0,0,0,0,0,1,2,0,1,1,1,1,1,1,1,139,139,139,139,139,139,139,139,-1,1,0,1,100,0,0,0,0,0,0,0,0,0,0,0,0,0,0,0,0,0,0,0,0,0,0,0,0,0,0,0,0,0,0,0,0,0,0,0,System.Byte[],0,0,0,0,0,0,0,0,0,0,0,0,0,0,0,0,0,0,0,0,0,0,0,0,0,0,0,0,0,0,0,0,0,0,0,0,0,0,0,0,0,0,0,0,0,0,0,0,0,0,0,0,0,0,0,0,0,0,0,0,0,0,0,0,0,0,0,0,0,0,0,0,0,0,0,0,0,0,0,0,0,0,0,0,0,0,0,0,0,0,0,0,0,0,0,0,0,0,System.Byte[]
2700,0,0,System.Byte[],-1,0,0,0,0,0,0,0,0,0,-1,-1,-1,-1,1,0,-1,-1,-1,-1,-1,-1,-1,-1,-1,-1,-1,-1,-1,-1,-1,-1,1,1,1,1,1,1,1,1,-1,0,0,0,0,0,0,0,System.Byte[],0,0,0,0,0,0,0,0,0,0,0,0,0,-1,-1,1,0,4,1,4,0,255,0,System.Byte[],0,0,0,0,0,0,0,0,0,-1,-1,0,0,0,0,0,1,2,0,1,1,1,1,1,1,1,139,139,139,139,139,139,139,139,-1,1,0,1,100,0,0,0,0,0,0,0,0,0,0,0,0,0,0,0,0,0,0,0,0,0,0,0,0,0,0,0,0,0,0,0,0,0,0,0,System.Byte[],0,0,0,0,0,0,0,0,0,0,0,0,0,0,0,0,0,0,0,0,0,0,0,0,0,0,0,0,0,0,0,0,0,0,0,0,0,0,0,0,0,0,0,0,0,0,0,0,0,0,0,0,0,0,0,0,0,0,0,0,0,0,0,0,0,0,0,0,0,0,0,0,0,0,0,0,0,0,0,0,0,0,0,0,0,0,0,0,0,0,0,0,0,0,0,0,0,0,System.Byte[]
2800,0,0,System.Byte[],-1,0,0,0,0,0,0,0,0,0,-1,-1,-1,-1,1,0,-1,-1,-1,-1,-1,-1,-1,-1,-1,-1,-1,-1,-1,-1,-1,-1,1,1,1,1,1,1,1,1,-1,0,0,0,0,0,0,0,System.Byte[],0,0,0,0,0,0,0,0,0,0,0,0,0,-1,-1,1,0,4,1,4,0,255,0,System.Byte[],0,0,0,0,0,0,0,0,0,-1,-1,0,0,0,0,0,1,2,0,1,1,1,1,1,1,1,139,139,139,139,139,139,139,139,-1,1,0,1,100,0,0,0,0,0,0,0,0,0,0,0,0,0,0,0,0,0,0,0,0,0,0,0,0,0,0,0,0,0,0,0,0,0,0,0,System.Byte[],0,0,0,0,0,0,0,0,0,0,0,0,0,0,0,0,0,0,0,0,0,0,0,0,0,0,0,0,0,0,0,0,0,0,0,0,0,0,0,0,0,0,0,0,0,0,0,0,0,0,0,0,0,0,0,0,0,0,0,0,0,0,0,0,0,0,0,0,0,0,0,0,0,0,0,0,0,0,0,0,0,0,0,0,0,0,0,0,0,0,0,0,0,0,0,0,0,0,System.Byte[]
2900,0,0,System.Byte[],-1,0,0,0,0,0,0,0,0,0,-1,-1,-1,-1,1,0,-1,-1,-1,-1,-1,-1,-1,-1,-1,-1,-1,-1,-1,-1,-1,-1,1,1,1,1,1,1,1,1,-1,0,0,0,0,0,0,0,System.Byte[],0,0,0,0,0,0,0,0,0,0,0,0,0,-1,-1,1,0,4,1,4,0,255,0,System.Byte[],0,0,0,0,0,0,0,0,0,-1,-1,0,0,0,0,0,1,2,0,1,1,1,1,1,1,1,139,139,139,139,139,139,139,139,-1,1,0,1,100,0,0,0,0,0,0,0,0,0,0,0,0,0,0,0,0,0,0,0,0,0,0,0,0,0,0,0,0,0,0,0,0,0,0,0,System.Byte[],0,0,0,0,0,0,0,0,0,0,0,0,0,0,0,0,0,0,0,0,0,0,0,0,0,0,0,0,0,0,0,0,0,0,0,0,0,0,0,0,0,0,0,0,0,0,0,0,0,0,0,0,0,0,0,0,0,0,0,0,0,0,0,0,0,0,0,0,0,0,0,0,0,0,0,0,0,0,0,0,0,0,0,0,0,0,0,0,0,0,0,0,0,0,0,0,0,0,System.Byte[]
3000,0,0,System.Byte[],1,0,0,0,0,0,0,0,0,0,-1,-1,-1,-1,1,0,-1,-1,-1,-1,-1,-1,-1,-1,-1,-1,-1,-1,-1,-1,-1,-1,1,1,1.1,1.1,1,1,1.1,1.1,-1,0,0,0,0,0,0,0,System.Byte[],0,0,0,0,0,0,0,0,0,0,0,0,0,-1,-1,1,0,4,2,4,0,255,0,System.Byte[],0,0,0,0,0,0,0,0,0,-1,-1,0,0,0,0,0,1,2,0,1,1,1,1,1,1,1,139,139,139,139,139,139,139,139,-1,1,0,1,100,0,0,0,0,0,0,0,0,0,0,0,0,0,0,0,0,0,0,0,0,0,0,0,0,0,0,0,0,0,0,0,0,0,0,0,System.Byte[],0,0,0,0,0,0,0,0,0,0,0,0,0,0,0,0,0,0,0,0,0,0,0,0,0,0,0,0,0,0,0,0,0,0,0,0,0,0,0,0,0,0,0,0,0,0,0,0,0,0,0,0,0,0,0,0,0,0,0,0,0,0,0,0,0,0,0,0,0,0,0,0,0,0,0,0,0,0,0,0,0,0,0,0,0,0,0,0,0,0,0,0,0,0,0,0,0,0,System.Byte[]
3100,0,0,System.Byte[],2,0,0,0,0,0,0,0,0,0,-1,-1,-1,-1,1,0,-1,-1,-1,-1,-1,-1,-1,-1,-1,-1,-1,-1,-1,-1,-1,-1,1,1,1.1,1.1,1,1,1.1,1.1,-1,6,0,0,0,0,0,0,System.Byte[],0,0,0,0,0,0,0,0,0,0,0,0,0,-1,-1,1,0,4,2,4,0,255,0,System.Byte[],0,0,0,0,0,0,0,0,0,-1,-1,0,0,0,0,0,1,2,0,1,1,1,1,1,1,1,139,139,139,139,139,139,139,139,-1,1,0,1,100,0,0,0,0,0,0,0,0,0,0,0,0,0,0,0,0,0,0,0,0,0,0,0,0,0,0,0,0,0,0,0,0,0,0,0,System.Byte[],0,0,0,0,0,0,0,0,0,0,0,0,0,0,0,0,0,0,0,0,0,0,0,0,0,0,0,0,0,0,0,0,0,0,0,0,0,0,0,0,0,0,0,0,0,0,0,0,0,0,0,0,0,0,0,0,0,0,0,0,0,0,0,0,0,0,0,0,0,0,0,0,0,0,0,0,0,0,0,0,0,0,0,0,0,0,0,0,0,0,0,0,0,0,0,0,0,0,System.Byte[]
3200,0,0,System.Byte[],3,0,0,0,0,0,0,0,0,0,-1,-1,-1,-1,1,0,-1,-1,-1,-1,-1,-1,-1,-1,-1,-1,-1,-1,-1,-1,-1,-1,1,1,1.1,1.1,1,1,1.1,1.1,-1,2,0,0,0,0,0,0,System.Byte[],0,0,0,0,0,0,0,0,0,0,0,0,0,-1,-1,1,0,4,2,4,0,255,0,System.Byte[],0,0,0,0,0,0,0,0,0,-1,-1,0,0,0,0,0,1,2,0,1,1,1,1,1,1,1,139,139,139,139,139,139,139,139,-1,1,0,1,100,0,0,0,0,0,0,0,0,0,0,0,0,0,0,0,0,0,0,0,0,0,0,0,0,0,0,0,0,0,0,0,0,0,0,0,System.Byte[],0,0,0,0,0,0,0,0,0,0,0,0,0,0,0,0,0,0,0,0,0,0,0,0,0,0,0,0,0,0,0,0,0,0,0,0,0,0,0,0,0,0,0,0,0,0,0,0,0,0,0,0,0,0,0,0,0,0,0,0,0,0,0,0,0,0,0,0,0,0,0,0,0,0,0,0,0,0,0,0,0,0,0,0,0,0,0,0,0,0,0,0,0,0,0,0,0,0,System.Byte[]
3300,0,0,System.Byte[],4,0,0,0,0,0,0,0,0,0,-1,-1,-1,-1,1,0,-1,-1,-1,-1,-1,-1,-1,-1,-1,-1,-1,-1,-1,-1,-1,-1,1,1,1.1,1.1,1,1,1.1,1.1,-1,4,0,0,0,0,0,0,System.Byte[],0,0,0,0,0,0,0,0,0,0,0,0,0,-1,-1,1,0,4,2,4,0,255,0,System.Byte[],0,0,0,0,0,0,0,0,0,-1,-1,0,0,0,0,0,1,2,0,1,1,1,1,1,1,1,139,139,139,139,139,139,139,139,-1,1,0,1,100,0,0,0,0,0,0,0,0,0,0,0,0,0,0,0,0,0,0,0,0,0,0,0,0,0,0,0,0,0,0,0,0,0,0,0,System.Byte[],0,0,0,0,0,0,0,0,0,0,0,0,0,0,0,0,0,0,0,0,0,0,0,0,0,0,0,0,0,0,0,0,0,0,0,0,0,0,0,0,0,0,0,0,0,0,0,0,0,0,0,0,0,0,0,0,0,0,0,0,0,0,0,0,0,0,0,0,0,0,0,0,0,0,0,0,0,0,0,0,0,0,0,0,0,0,0,0,0,0,0,0,0,0,0,0,0,0,System.Byte[]
3400,0,0,System.Byte[],5,0,0,0,0,0,0,0,0,0,-1,-1,-1,-1,1,0,-1,-1,-1,-1,-1,-1,-1,-1,-1,-1,-1,-1,-1,-1,-1,-1,1,1,1.1,1.1,1,1,1.1,1.1,-1,5,0,0,0,0,0,0,System.Byte[],0,0,0,0,0,0,0,0,0,0,0,0,0,-1,-1,1,0,4,2,4,0,255,0,System.Byte[],0,0,0,0,0,0,0,0,0,-1,-1,0,0,0,0,0,1,2,0,1,1,1,1,1,1,1,139,139,139,139,139,139,139,139,-1,1,0,1,100,0,0,0,0,0,0,0,0,0,0,0,0,0,0,0,0,0,0,0,0,0,0,0,0,0,0,0,0,0,0,0,0,0,0,0,System.Byte[],0,0,0,0,0,0,0,0,0,0,0,0,0,0,0,0,0,0,0,0,0,0,0,0,0,0,0,0,0,0,0,0,0,0,0,0,0,0,0,0,0,0,0,0,0,0,0,0,0,0,0,0,0,0,0,0,0,0,0,0,0,0,0,0,0,0,0,0,0,0,0,0,0,0,0,0,0,0,0,0,0,0,0,0,0,0,0,0,0,0,0,0,0,0,0,0,0,0,System.Byte[]
3500,0,0,System.Byte[],6,0,0,0,0,0,0,0,0,0,-1,-1,-1,-1,1,0,-1,-1,-1,-1,-1,-1,-1,-1,-1,-1,-1,-1,-1,-1,-1,-1,1,1,1.1,1.1,1,1,1.1,1.1,-1,7,0,0,0,0,0,0,System.Byte[],0,0,0,0,0,0,0,0,0,0,0,0,0,-1,-1,1,0,4,2,4,0,255,0,System.Byte[],0,0,0,0,0,0,0,0,0,-1,-1,0,0,0,0,0,1,2,0,1,1,1,1,1,1,1,139,139,139,139,139,139,139,139,-1,1,0,1,100,0,0,0,0,0,0,0,0,0,0,0,0,0,0,0,0,0,0,0,0,0,0,0,0,0,0,0,0,0,0,0,0,0,0,0,System.Byte[],0,0,0,0,0,0,0,0,0,0,0,0,0,0,0,0,0,0,0,0,0,0,0,0,0,0,0,0,0,0,0,0,0,0,0,0,0,0,0,0,0,0,0,0,0,0,0,0,0,0,0,0,0,0,0,0,0,0,0,0,0,0,0,0,0,0,0,0,0,0,0,0,0,0,0,0,0,0,0,0,0,0,0,0,0,0,0,0,0,0,0,0,0,0,0,0,0,0,System.Byte[]
3600,0,0,System.Byte[],7,0,0,0,0,0,0,0,0,0,-1,-1,-1,-1,1,0,-1,-1,-1,-1,-1,-1,-1,-1,-1,-1,-1,-1,-1,-1,-1,-1,1,1,1.1,1.1,1,1,1.1,1.1,-1,8,0,0,0,0,0,0,System.Byte[],0,0,0,0,0,0,0,0,0,0,0,0,0,-1,-1,1,0,4,2,4,0,255,0,System.Byte[],0,0,0,0,0,0,0,0,0,-1,-1,0,0,0,0,0,1,2,0,1,1,1,1,1,1,1,139,139,139,139,139,139,139,139,-1,1,0,1,100,0,0,0,0,0,0,0,0,0,0,0,0,0,0,0,0,0,0,0,0,0,0,0,0,0,0,0,0,0,0,0,0,0,0,0,System.Byte[],0,0,0,0,0,0,0,0,0,0,0,0,0,0,0,0,0,0,0,0,0,0,0,0,0,0,0,0,0,0,0,0,0,0,0,0,0,0,0,0,0,0,0,0,0,0,0,0,0,0,0,0,0,0,0,0,0,0,0,0,0,0,0,0,0,0,0,0,0,0,0,0,0,0,0,0,0,0,0,0,0,0,0,0,0,0,0,0,0,0,0,0,0,0,0,0,0,0,System.Byte[]
3700,0,0,System.Byte[],8,0,0,0,0,0,0,0,0,0,-1,-1,-1,-1,1,0,-1,-1,-1,-1,-1,-1,-1,-1,-1,-1,-1,-1,-1,-1,-1,-1,1,1,1.1,1.1,1,1,1.1,1.1,-1,3,0,0,0,0,0,0,System.Byte[],0,0,0,0,0,0,0,0,0,0,0,0,0,-1,-1,1,0,4,2,4,0,255,0,System.Byte[],0,0,0,0,0,0,0,0,0,-1,-1,0,0,0,0,0,1,2,0,1,1,1,1,1,1,1,139,139,139,139,139,139,139,139,-1,1,0,1,100,0,0,0,0,0,0,0,0,0,0,0,0,0,0,0,0,0,0,0,0,0,0,0,0,0,0,0,0,0,0,0,0,0,0,0,System.Byte[],0,0,0,0,0,0,0,0,0,0,0,0,0,0,0,0,0,0,0,0,0,0,0,0,0,0,0,0,0,0,0,0,0,0,0,0,0,0,0,0,0,0,0,0,0,0,0,0,0,0,0,0,0,0,0,0,0,0,0,0,0,0,0,0,0,0,0,0,0,0,0,0,0,0,0,0,0,0,0,0,0,0,0,0,0,0,0,0,0,0,0,0,0,0,0,0,0,0,System.Byte[]
3800,0,0,System.Byte[],9,0,0,0,0,0,0,0,0,0,-1,-1,-1,-1,1,0,-1,-1,-1,-1,-1,-1,-1,-1,-1,-1,-1,-1,-1,-1,-1,-1,1,1,1.1,1.1,1,1,1.1,1.1,-1,9,0,0,0,0,0,0,System.Byte[],0,0,0,0,0,0,0,0,0,0,0,0,0,-1,-1,1,0,4,2,4,0,255,0,System.Byte[],0,0,0,0,0,0,0,0,0,-1,-1,0,0,0,0,0,1,2,0,1,1,1,1,1,1,1,139,139,139,139,139,139,139,139,-1,1,0,1,100,0,0,0,0,0,0,0,0,0,0,0,0,0,0,0,0,0,0,0,0,0,0,0,0,0,0,0,0,0,0,0,0,0,0,0,System.Byte[],0,0,0,0,0,0,0,0,0,0,0,0,0,0,0,0,0,0,0,0,0,0,0,0,0,0,0,0,0,0,0,0,0,0,0,0,0,0,0,0,0,0,0,0,0,0,0,0,0,0,0,0,0,0,0,0,0,0,0,0,0,0,0,0,0,0,0,0,0,0,0,0,0,0,0,0,0,0,0,0,0,0,0,0,0,0,0,0,0,0,0,0,0,0,0,0,0,0,System.Byte[]
3900,0,0,System.Byte[],10,0,0,0,0,0,0,0,0,0,-1,-1,-1,-1,1,0,-1,-1,-1,-1,-1,-1,-1,-1,-1,-1,-1,-1,-1,-1,-1,-1,1,1,1.1,1.1,1,1,1.1,1.1,-1,10,0,0,0,0,0,0,System.Byte[],0,0,0,0,0,0,0,0,0,0,0,0,0,-1,-1,1,0,4,2,4,0,255,0,System.Byte[],0,0,0,0,0,0,0,0,0,-1,-1,0,0,0,0,0,1,2,0,1,1,1,1,1,1,1,139,139,139,139,139,139,139,139,-1,1,0,1,100,0,0,0,0,0,0,0,0,0,0,0,0,0,0,0,0,0,0,0,0,0,0,0,0,0,0,0,0,0,0,0,0,0,0,0,System.Byte[],0,0,0,0,0,0,0,0,0,0,0,0,0,0,0,0,0,0,0,0,0,0,0,0,0,0,0,0,0,0,0,0,0,0,0,0,0,0,0,0,0,0,0,0,0,0,0,0,0,0,0,0,0,0,0,0,0,0,0,0,0,0,0,0,0,0,0,0,0,0,0,0,0,0,0,0,0,0,0,0,0,0,0,0,0,0,0,0,0,0,0,0,0,0,0,0,0,0,System.Byte[]
4000,0,0,System.Byte[],-1,0,0,0,0,0,0,0,0,0,-1,-1,-1,-1,1,0,-1,-1,-1,-1,-1,-1,-1,-1,-1,-1,-1,-1,-1,-1,-1,-1,1,1,1,1,1,1,1,1,-1,0,0,0,0,0,0,0,System.Byte[],0,0,0,0,0,0,0,0,0,0,0,0,0,-1,-1,1,0,4,2,4,0,255,0,System.Byte[],0,0,0,0,0,0,0,0,0,-1,-1,0,0,0,0,0,1,2,0,1,1,1,1,1,1,1,139,139,139,139,139,139,139,139,-1,1,0,1,100,0,0,0,0,0,0,0,0,0,0,0,0,0,0,0,0,0,0,0,0,0,0,0,0,0,0,0,0,0,0,0,0,0,0,0,System.Byte[],0,0,0,0,0,0,0,0,0,0,0,0,0,0,0,0,0,0,0,0,0,0,0,0,0,0,0,0,0,0,0,0,0,0,0,0,0,0,0,0,0,0,0,0,0,0,0,0,0,0,0,0,0,0,0,0,0,0,0,0,0,0,0,0,0,0,0,0,0,0,0,0,0,0,0,0,0,0,0,0,0,0,0,0,0,0,0,0,0,0,0,0,0,0,0,0,0,0,System.Byte[]
4100,0,0,System.Byte[],-1,0,0,0,0,0,0,0,0,0,-1,-1,-1,-1,1,0,-1,-1,-1,-1,-1,-1,-1,-1,-1,-1,-1,-1,-1,-1,-1,-1,1,1,1,1,1,1,1,1,-1,0,0,0,0,0,0,0,System.Byte[],0,0,0,0,0,0,0,0,0,0,0,0,0,-1,-1,1,0,4,2,4,0,255,0,System.Byte[],0,0,0,0,0,0,0,0,0,-1,-1,0,0,0,0,0,1,2,0,1,1,1,1,1,1,1,139,139,139,139,139,139,139,139,-1,1,0,1,100,0,0,0,0,0,0,0,0,0,0,0,0,0,0,0,0,0,0,0,0,0,0,0,0,0,0,0,0,0,0,0,0,0,0,0,System.Byte[],0,0,0,0,0,0,0,0,0,0,0,0,0,0,0,0,0,0,0,0,0,0,0,0,0,0,0,0,0,0,0,0,0,0,0,0,0,0,0,0,0,0,0,0,0,0,0,0,0,0,0,0,0,0,0,0,0,0,0,0,0,0,0,0,0,0,0,0,0,0,0,0,0,0,0,0,0,0,0,0,0,0,0,0,0,0,0,0,0,0,0,0,0,0,0,0,0,0,System.Byte[]
4200,0,0,System.Byte[],-1,0,0,0,0,0,0,0,0,0,-1,-1,-1,-1,1,0,-1,-1,-1,-1,-1,-1,-1,-1,-1,-1,-1,-1,-1,-1,-1,-1,1,1,1,1,1,1,1,1,-1,0,0,0,0,0,0,0,System.Byte[],0,0,0,0,0,0,0,0,0,0,0,0,0,-1,-1,1,0,4,2,4,0,255,0,System.Byte[],0,0,0,0,0,0,0,0,0,-1,-1,0,0,0,0,0,1,2,0,1,1,1,1,1,1,1,139,139,139,139,139,139,139,139,-1,1,0,1,100,0,0,0,0,0,0,0,0,0,0,0,0,0,0,0,0,0,0,0,0,0,0,0,0,0,0,0,0,0,0,0,0,0,0,0,System.Byte[],0,0,0,0,0,0,0,0,0,0,0,0,0,0,0,0,0,0,0,0,0,0,0,0,0,0,0,0,0,0,0,0,0,0,0,0,0,0,0,0,0,0,0,0,0,0,0,0,0,0,0,0,0,0,0,0,0,0,0,0,0,0,0,0,0,0,0,0,0,0,0,0,0,0,0,0,0,0,0,0,0,0,0,0,0,0,0,0,0,0,0,0,0,0,0,0,0,0,System.Byte[]
4300,0,0,System.Byte[],-1,0,0,0,0,0,0,0,0,0,-1,-1,-1,-1,1,0,-1,-1,-1,-1,-1,-1,-1,-1,-1,-1,-1,-1,-1,-1,-1,-1,1,1,1,1,1,1,1,1,-1,0,0,0,0,0,0,0,System.Byte[],0,0,0,0,0,0,0,0,0,0,0,0,0,-1,-1,1,0,4,2,4,0,255,0,System.Byte[],0,0,0,0,0,0,0,0,0,-1,-1,0,0,0,0,0,1,2,0,1,1,1,1,1,1,1,139,139,139,139,139,139,139,139,-1,1,0,1,100,0,0,0,0,0,0,0,0,0,0,0,0,0,0,0,0,0,0,0,0,0,0,0,0,0,0,0,0,0,0,0,0,0,0,0,System.Byte[],0,0,0,0,0,0,0,0,0,0,0,0,0,0,0,0,0,0,0,0,0,0,0,0,0,0,0,0,0,0,0,0,0,0,0,0,0,0,0,0,0,0,0,0,0,0,0,0,0,0,0,0,0,0,0,0,0,0,0,0,0,0,0,0,0,0,0,0,0,0,0,0,0,0,0,0,0,0,0,0,0,0,0,0,0,0,0,0,0,0,0,0,0,0,0,0,0,0,System.Byte[]
4400,0,0,System.Byte[],-1,0,0,0,0,0,0,0,0,0,-1,-1,-1,-1,1,0,-1,-1,-1,-1,-1,-1,-1,-1,-1,-1,-1,-1,-1,-1,-1,-1,1,1,1,1,1,1,1,1,-1,0,0,0,0,0,0,0,System.Byte[],0,0,0,0,0,0,0,0,0,0,0,0,0,-1,-1,1,0,4,2,4,0,255,0,System.Byte[],0,0,0,0,0,0,0,0,0,-1,-1,0,0,0,0,0,1,2,0,1,1,1,1,1,1,1,139,139,139,139,139,139,139,139,-1,1,0,1,100,0,0,0,0,0,0,0,0,0,0,0,0,0,0,0,0,0,0,0,0,0,0,0,0,0,0,0,0,0,0,0,0,0,0,0,System.Byte[],0,0,0,0,0,0,0,0,0,0,0,0,0,0,0,0,0,0,0,0,0,0,0,0,0,0,0,0,0,0,0,0,0,0,0,0,0,0,0,0,0,0,0,0,0,0,0,0,0,0,0,0,0,0,0,0,0,0,0,0,0,0,0,0,0,0,0,0,0,0,0,0,0,0,0,0,0,0,0,0,0,0,0,0,0,0,0,0,0,0,0,0,0,0,0,0,0,0,System.Byte[]
4500,0,0,System.Byte[],-1,0,0,0,0,0,0,0,0,0,-1,-1,-1,-1,1,0,-1,-1,-1,-1,-1,-1,-1,-1,-1,-1,-1,-1,-1,-1,-1,-1,1,1,1,1,1,1,1,1,-1,0,0,0,0,0,0,0,System.Byte[],0,0,0,0,0,0,0,0,0,0,0,0,0,-1,-1,1,0,4,2,4,0,255,0,System.Byte[],0,0,0,0,0,0,0,0,0,-1,-1,0,0,0,0,0,1,2,0,1,1,1,1,1,1,1,139,139,139,139,139,139,139,139,-1,1,0,1,100,0,0,0,0,0,0,0,0,0,0,0,0,0,0,0,0,0,0,0,0,0,0,0,0,0,0,0,0,0,0,0,0,0,0,0,System.Byte[],0,0,0,0,0,0,0,0,0,0,0,0,0,0,0,0,0,0,0,0,0,0,0,0,0,0,0,0,0,0,0,0,0,0,0,0,0,0,0,0,0,0,0,0,0,0,0,0,0,0,0,0,0,0,0,0,0,0,0,0,0,0,0,0,0,0,0,0,0,0,0,0,0,0,0,0,0,0,0,0,0,0,0,0,0,0,0,0,0,0,0,0,0,0,0,0,0,0,System.Byte[]
4600,0,0,System.Byte[],-1,0,0,0,0,0,0,0,0,0,-1,-1,-1,-1,1,0,-1,-1,-1,-1,-1,-1,-1,-1,-1,-1,-1,-1,-1,-1,-1,-1,1,1,1,1,1,1,1,1,-1,0,0,0,0,0,0,0,System.Byte[],0,0,0,0,0,0,0,0,0,0,0,0,0,-1,-1,1,0,4,2,4,0,255,0,System.Byte[],0,0,0,0,0,0,0,0,0,-1,-1,0,0,0,0,0,1,2,0,1,1,1,1,1,1,1,139,139,139,139,139,139,139,139,-1,1,0,1,100,0,0,0,0,0,0,0,0,0,0,0,0,0,0,0,0,0,0,0,0,0,0,0,0,0,0,0,0,0,0,0,0,0,0,0,System.Byte[],0,0,0,0,0,0,0,0,0,0,0,0,0,0,0,0,0,0,0,0,0,0,0,0,0,0,0,0,0,0,0,0,0,0,0,0,0,0,0,0,0,0,0,0,0,0,0,0,0,0,0,0,0,0,0,0,0,0,0,0,0,0,0,0,0,0,0,0,0,0,0,0,0,0,0,0,0,0,0,0,0,0,0,0,0,0,0,0,0,0,0,0,0,0,0,0,0,0,System.Byte[]
4700,0,0,System.Byte[],-1,0,0,0,0,0,0,0,0,0,-1,-1,-1,-1,1,0,-1,-1,-1,-1,-1,-1,-1,-1,-1,-1,-1,-1,-1,-1,-1,-1,1,1,1,1,1,1,1,1,-1,0,0,0,0,0,0,0,System.Byte[],0,0,0,0,0,0,0,0,0,0,0,0,0,-1,-1,1,0,4,2,4,0,255,0,System.Byte[],0,0,0,0,0,0,0,0,0,-1,-1,0,0,0,0,0,1,2,0,1,1,1,1,1,1,1,139,139,139,139,139,139,139,139,-1,1,0,1,100,0,0,0,0,0,0,0,0,0,0,0,0,0,0,0,0,0,0,0,0,0,0,0,0,0,0,0,0,0,0,0,0,0,0,0,System.Byte[],0,0,0,0,0,0,0,0,0,0,0,0,0,0,0,0,0,0,0,0,0,0,0,0,0,0,0,0,0,0,0,0,0,0,0,0,0,0,0,0,0,0,0,0,0,0,0,0,0,0,0,0,0,0,0,0,0,0,0,0,0,0,0,0,0,0,0,0,0,0,0,0,0,0,0,0,0,0,0,0,0,0,0,0,0,0,0,0,0,0,0,0,0,0,0,0,0,0,System.Byte[]
4800,0,0,System.Byte[],-1,0,0,0,0,0,0,0,0,0,-1,-1,-1,-1,1,0,-1,-1,-1,-1,-1,-1,-1,-1,-1,-1,-1,-1,-1,-1,-1,-1,1,1,1,1,1,1,1,1,-1,0,0,0,0,0,0,0,System.Byte[],0,0,0,0,0,0,0,0,0,0,0,0,0,-1,-1,1,0,4,2,4,0,255,0,System.Byte[],0,0,0,0,0,0,0,0,0,-1,-1,0,0,0,0,0,1,2,0,1,1,1,1,1,1,1,139,139,139,139,139,139,139,139,-1,1,0,1,100,0,0,0,0,0,0,0,0,0,0,0,0,0,0,0,0,0,0,0,0,0,0,0,0,0,0,0,0,0,0,0,0,0,0,0,System.Byte[],0,0,0,0,0,0,0,0,0,0,0,0,0,0,0,0,0,0,0,0,0,0,0,0,0,0,0,0,0,0,0,0,0,0,0,0,0,0,0,0,0,0,0,0,0,0,0,0,0,0,0,0,0,0,0,0,0,0,0,0,0,0,0,0,0,0,0,0,0,0,0,0,0,0,0,0,0,0,0,0,0,0,0,0,0,0,0,0,0,0,0,0,0,0,0,0,0,0,System.Byte[]
4900,0,0,System.Byte[],-1,0,0,0,0,0,0,0,0,0,-1,-1,-1,-1,1,0,-1,-1,-1,-1,-1,-1,-1,-1,-1,-1,-1,-1,-1,-1,-1,-1,1,1,1,1,1,1,1,1,-1,0,0,0,0,0,0,0,System.Byte[],0,0,0,0,0,0,0,0,0,0,0,0,0,-1,-1,1,0,4,2,4,0,255,0,System.Byte[],0,0,0,0,0,0,0,0,0,-1,-1,0,0,0,0,0,1,2,0,1,1,1,1,1,1,1,139,139,139,139,139,139,139,139,-1,1,0,1,100,0,0,0,0,0,0,0,0,0,0,0,0,0,0,0,0,0,0,0,0,0,0,0,0,0,0,0,0,0,0,0,0,0,0,0,System.Byte[],0,0,0,0,0,0,0,0,0,0,0,0,0,0,0,0,0,0,0,0,0,0,0,0,0,0,0,0,0,0,0,0,0,0,0,0,0,0,0,0,0,0,0,0,0,0,0,0,0,0,0,0,0,0,0,0,0,0,0,0,0,0,0,0,0,0,0,0,0,0,0,0,0,0,0,0,0,0,0,0,0,0,0,0,0,0,0,0,0,0,0,0,0,0,0,0,0,0,System.Byte[]
5000,0,0,System.Byte[],-1,0,0,0,0,0,0,0,0,0,-1,-1,-1,-1,1,0,-1,-1,-1,-1,-1,-1,-1,-1,-1,-1,-1,-1,-1,-1,-1,-1,1,1,1,1,1,1,1,1,-1,9000,0,0,0,0,0,0,System.Byte[],0,0,0,0,0,0,0,0,0,0,0,0,0,-1,-1,1,0,4,3,4,0,255,0,System.Byte[],0,0,0,0,0,0,0,0,0,-1,-1,0,0,0,0,0,1,2,0,1,1,1,1,1,1,1,139,139,139,139,139,139,139,139,-1,1,0,1,100,0,0,0,0,0,0,0,0,0,0,0,0,0,0,0,0,0,0,0,0,0,0,0,0,0,0,0,0,0,0,0,0,0,0,0,System.Byte[],0,0,0,0,0,0,0,0,0,0,0,0,0,0,0,0,0,0,0,0,0,0,0,0,0,0,0,0,0,0,0,0,0,0,0,0,0,0,0,0,0,0,0,0,0,0,0,0,0,0,0,0,0,0,0,0,0,0,0,0,0,0,0,0,0,0,0,0,0,0,0,0,0,0,0,0,0,0,0,0,0,0,0,0,0,0,0,0,0,0,0,0,0,0,0,0,0,0,System.Byte[]
10000,0,0,System.Byte[],-1,0,0,0,0,0,0,0,0,0,-1,-1,-1,-1,1.5,0,-1,-1,-1,-1,-1,-1,-1,-1,-1,-1,-1,-1,-1,-1,-1,-1,1,1,1,1,1,1,1,1,-1,0,1097,1101,0,0,0,0,System.Byte[],0,0,0,0,0,0,0,0,0,0,0,0,0,-1,-1,1,0,5,3,0,0,255,0,System.Byte[],0,1,0,0,0,0,0,0,0,-1,-1,0,0,0,0,0,1,2,0,1,1,1,1,1,1,1,109,110,109,110,139,139,139,139,-1,1,0,1,100,0,0,0,0,0,0,0,0,0,0,0,0,0,0,0,0,0,0,0,0,0,0,0,0,0,0,0,0,0,0,0,0,0,0,0,System.Byte[],0,0,0,0,0,0,0,0,0,0,0,0,0,0,0,0,0,0,0,0,0,0,0,0,0,1,0,0,0,0,0,0,0,0,0,1,0,0,0,1,0,0,0,0,0,0,0,0,0,0,0,0,0,0,0,0,0,0,0,0,0,0,1,1,1,1,0,1,0,0,0,0,0,0,0,0,0,1,0,0,1,1,0,0,0,0,0,0,0,0,0,0,0,0,0,0,0,0,System.Byte[]
10100,0,0,System.Byte[],-1,0,0,0,100,0,0,0,0,0,-1,-1,-1,-1,1,-0.4,-1,-1,-1,-1,-1,-1,-1,-1,-1,-1,-1,-1,-1,-1,-1,-1,1,1,1,1,1,1,1,1,-1,0,1098,1102,0,0,0,0,System.Byte[],0,0,0,0,0,0,0,0,0,0,0,0,0,-1,-1,1,0,2,3,1,0,255,0,System.Byte[],0,0,1,0,0,0,0,0,0,-1,-1,0,0,0,0,0,1,2,0,1,1,1,1,1,1,1,109,50,109,50,139,139,139,139,-1,1,0,1,100,0,0,0,0,0,0,0,0,0,0,0,0,0,0,0,0,0,0,0,0,0,0,0,0,0,0,0,0,0,0,0,0,0,0,0,System.Byte[],0,0,0,0,0,0,0,0,0,0,0,0,0,0,0,0,0,0,0,0,0,0,0,0,1,0,0,0,0,0,0,0,0,0,0,0,0,0,0,0,0,0,0,1,1,1,0,1,0,1,1,1,0,0,1,0,1,0,1,0,1,0,0,0,0,0,0,0,0,1,1,1,0,0,0,1,0,0,0,0,0,0,0,0,0,0,0,0,0,0,0,0,0,0,0,0,0,0,System.Byte[]
10200,0,0,System.Byte[],-1,0,0,0,0,0,0,0,0,0,-1,-1,-1,-1,1.1,0,-1,-1,-1,-1,-1,-1,-1,-1,-1,-1,-1,-1,-1,-1,-1,-1,1,1,1,1,1,1,1,1,-1,0,1099,1103,0,0,0,0,System.Byte[],0,0,0,0,0,0,0,0,0,0,0,0,0,-1,-1,1,0,1,3,2,0,255,0,System.Byte[],0,0,0,1,0,0,0,0,0,-1,-1,0,0,0,0,0,1,2,0,1,1,1,1,1,1,1,109,50,109,50,139,139,139,139,-1,1,0,1,100,0,0,0,0,0,0,0,0,0,0,0,0,0,0,0,0,0,0,0,0,0,0,0,0,0,0,0,0,0,0,0,0,0,0,0,System.Byte[],0,0,0,0,0,0,0,0,0,0,0,0,0,0,0,0,0,0,0,0,0,0,0,0,0,0,1,1,0,1,0,0,0,1,0,0,0,0,0,0,0,0,0,0,0,0,0,0,0,0,0,0,0,0,0,0,0,0,0,0,0,0,0,0,0,0,0,0,0,0,0,0,0,0,0,0,0,0,0,0,0,0,0,0,0,0,0,0,0,0,0,0,0,0,0,0,0,0,System.Byte[]
10300,0,0,System.Byte[],-1,0,0,0,0,0,0,0,0,0,-1,-1,-1,-1,1.1,0,-1,-1,-1,-1,-1,-1,-1,-1,-1,-1,-1,-1,-1,-1,-1,-1,1,1,1,1,1,1,1,1,-1,0,1100,1104,0,0,0,0,System.Byte[],0,0,0,0,0,0,0,0,0,0,0,0,0,-1,-1,1,0,6,3,3,0,255,0,System.Byte[],0,0,0,0,1,0,0,0,0,-1,-1,0,0,0,0,0,1,2,0,1,1,1,1,1,1,1,109,50,109,50,139,139,139,139,101,1,0,1,100,0,0,0,0,0,0,0,0,0,0,0,0,0,0,0,0,0,0,0,0,0,0,0,0,0,0,0,0,0,0,0,0,0,0,0,System.Byte[],0,0,0,0,0,0,0,0,0,0,0,0,0,0,0,0,0,0,0,0,0,0,0,0,0,0,0,0,0,0,0,0,0,0,0,0,0,0,0,0,0,0,0,0,0,0,0,0,0,0,0,0,0,0,0,0,0,0,0,0,0,0,0,0,0,0,0,0,0,0,0,0,0,1,0,0,0,0,0,0,0,0,0,0,0,0,0,0,0,0,0,0,0,0,0,0,0,0,System.Byte[]
150000,0,0,System.Byte[],99999,0,0,0,0,0.012,1050,0,100,0,-1,-1,-1,7000,1.5,0,-1,-1,-1,-1,-1,-1,-1,-1,-1,-1,-1,-1,-1,-1,-1,-1,1,1,1,1,1,1,1,1,-1,1190,13140,13140,0,0,0,0,System.Byte[],0,0,0,0,0,0,0,0,12,12,32,9,0,-1,-1,1,0,5,4,0,0,255,0,System.Byte[],1,1,0,0,0,1,0,0,0,-1,-1,0,1,1,0,0,1,2,0,0.959,0.944,0.975,0.963,0.984,0.966,0.988,109,110,108,110,139,139,139,139,-1,1,0,0.984,0,0,0,0,0,0,0,0,0,0,0,0,0,0,0,0,0,0,0,0,0,0,0,0,0,0,0,0,0,0,0,0,0,0,0,0,System.Byte[],0,15,0,0,0,0,0,0,0,0,0,0,0,0,0,0,0,0,0,0,0,0,0,0,0,1,0,0,0,0,0,0,0,0,0,1,0,0,0,1,0,0,0,0,0,0,0,0,0,0,0,0,0,0,0,0,0,0,0,0,0,0,1,0,0,1,1,1,0,0,0,0,0,0,0,0,0,1,0,0,1,1,0,0,0,0,0,0,0,0,0,0,0,0,0,0,0,0,System.Byte[]
150100,0,0,System.Byte[],99999,0,0,0,100,0.024,1150,0,100,0,-1,-1,-1,7000,1,-0.4,-1,-1,-1,-1,-1,-1,-1,-1,-1,-1,-1,-1,-1,-1,-1,-1,1,1,1,1,1,1,1,1,-1,1190,13141,13141,0,0,0,0,System.Byte[],0,0,0,0,0,0,0,0,37,37,87,25,0,-1,-1,1,0,2,4,1,0,255,0,System.Byte[],1,0,1,0,0,0,0,0,0,-1,-1,0,1,1,0,0,1,2,0,0.874,0.831,0.907,0.885,0.924,0.885,0.947,109,50,108,50,139,139,139,139,-1,1,0,0.933,0,0,0,0,0,0,0,0,0,0,0,0,0,0,0,0,0,0,0,0,0,0,0,0,0,0,0,0,0,0,0,0,0,0,0,0,System.Byte[],0,43,0,0,0,0,0,0,1,1,1,1,0,0,0,0,0,0,0,0,1,1,1,1,0,0,0,0,0,0,0,0,0,0,0,0,0,0,0,0,0,0,1,1,1,0,0,1,1,1,1,0,1,1,0,1,0,1,1,1,0,1,0,0,0,0,0,0,1,1,0,1,1,0,0,1,0,0,0,0,0,0,0,1,1,1,1,1,1,1,1,1,1,1,1,1,1,0,System.Byte[]
150200,0,0,System.Byte[],99999,0,0,0,0,0.012,1150,0,100,0,-1,-1,-1,7000,1.1,0,-1,-1,-1,-1,-1,-1,-1,-1,-1,-1,-1,-1,-1,-1,-1,-1,1,1,1,1,1,1,1,1,-1,1190,13142,13142,0,0,0,0,System.Byte[],0,0,0,0,0,0,0,0,9,9,25,7,0,-1,-1,1,0,1,4,2,0,255,0,System.Byte[],1,0,0,1,0,0,0,0,0,-1,-1,0,1,1,0,0,1,2,0,0.972,0.962,0.978,0.975,0.982,0.969,0.985,109,50,108,50,139,139,139,139,-1,1,0,0.982,0,0,0,0,0,0,0,0,0,0,0,0,0,0,0,0,0,0,0,0,0,0,0,0,0,0,0,0,0,0,0,0,0,0,0,0,System.Byte[],0,11,0,0,0,0,0,0,0,0,0,0,1,1,0,1,0,0,0,0,0,0,0,0,0,0,1,0,1,0,1,1,0,1,0,0,0,0,0,0,0,0,0,0,0,0,0,0,0,0,0,0,0,0,0,0,0,0,0,0,0,0,0,0,0,0,0,0,0,0,0,0,0,0,0,0,0,0,0,0,0,0,0,0,0,0,0,0,0,0,0,0,0,0,0,0,0,0,System.Byte[]
150300,0,0,System.Byte[],99999,0,0,0,0,0.012,1250,0,100,0,-1,-1,-1,7000,1.1,0,-1,-1,-1,-1,-1,-1,-1,-1,-1,-1,-1,-1,-1,-1,-1,-1,1,1,1,1,1,1,1,1,-1,1190,13143,13143,0,0,0,0,System.Byte[],0,0,0,0,0,0,0,0,40,40,47,39,0,-1,-1,1,0,6,4,3,0,255,0,System.Byte[],1,0,0,0,1,0,0,0,0,-1,-1,0,1,1,0,0,1,2,0,0.949,0.925,0.953,0.954,0.946,0.928,0.934,109,50,108,50,139,139,139,139,111,1,0,0.946,0,0,0,0,0,0,0,0,0,0,0,0,0,0,0,0,0,0,0,0,0,0,0,0,0,0,0,0,0,0,0,0,0,0,0,0,System.Byte[],0,41,0,0,0,0,0,0,0,0,0,0,0,0,1,0,1,1,1,0,1,1,0,0,0,0,0,0,0,0,0,0,0,0,0,0,0,0,0,0,0,0,0,0,0,0,0,0,0,0,0,0,0,0,0,0,0,0,0,0,0,0,0,0,0,0,0,0,0,0,0,0,0,0,1,0,0,0,0,0,0,0,0,0,0,0,0,0,0,0,0,0,0,0,0,0,0,0,System.Byte[]
320000,0,0,System.Byte[],99999,0,0,0,0,0,1050,0,100,0,-1,-1,-1,7000,1.5,0,-1,-1,-1,-1,-1,-1,-1,-1,-1,-1,-1,-1,-1,-1,-1,-1,1,1,1,1,1,1,1,1,-1,1790,13450,13450,0,0,0,0,System.Byte[],0,0,0,0,0,0,0,0,29,29,22,24,0,-1,-1,1,0,5,4,0,0,255,0,System.Byte[],1,1,0,0,0,1,0,0,0,-1,-1,0,1,1,0,0,1,2,0,0.963,0.963,0.963,0.963,0.97,0.967,0.976,109,110,113,110,139,139,139,139,-1,1,0,0.97,0,0,0,0,0,0,0,0,0,0,0,0,0,0,0,0,0,0,0,0,0,0,0,0,0,0,0,0,0,0,0,0,0,0,0,0,System.Byte[],0,27,0,0,0,1,0,0,0,0,0,0,0,0,0,0,0,0,0,0,0,0,0,0,0,1,0,0,0,0,0,0,0,0,1,0,0,0,0,1,0,0,0,0,0,0,0,0,0,0,0,0,0,0,0,0,0,0,0,0,0,0,1,0,1,1,1,1,1,1,1,1,0,0,0,0,0,1,1,0,1,1,0,0,0,0,0,0,0,0,0,0,0,0,0,0,0,0,System.Byte[]
320100,0,0,System.Byte[],99999,0,0,0,100,0,1150,0,100,0,-1,-1,-1,7000,1,-0.4,-1,-1,-1,-1,-1,-1,-1,-1,-1,-1,-1,-1,-1,-1,-1,-1,1,1,1,1,1,1,1,1,-1,1790,13451,13451,0,0,0,0,System.Byte[],0,0,0,0,0,0,0,0,64,64,47,52,0,-1,-1,1,0,2,4,1,0,255,0,System.Byte[],1,0,1,0,0,0,0,0,0,-1,-1,0,1,1,0,0,1,2,0,0.897,0.897,0.892,0.897,0.913,0.906,0.93,109,50,108,50,139,139,139,139,-1,1,0,0.913,0,0,0,0,0,0,0,0,0,0,0,0,0,0,0,0,0,0,0,0,0,0,0,0,0,0,0,0,0,0,0,0,0,0,0,0,System.Byte[],0,59,0,0,0,0,0,1,1,1,1,1,0,0,0,0,0,0,0,0,1,1,0,1,0,0,0,0,0,0,0,0,0,0,0,0,0,0,0,0,0,0,1,1,1,0,0,1,1,1,1,0,1,1,0,1,0,1,1,0,1,1,0,0,0,0,0,0,1,1,1,0,1,0,0,1,0,0,0,0,0,0,0,1,1,1,1,1,1,1,1,1,1,1,1,1,1,0,System.Byte[]
320300,0,0,System.Byte[],99999,0,0,0,0,0,1250,0,100,0,-1,-1,-1,7000,1.1,0,-1,-1,-1,-1,-1,-1,-1,-1,-1,-1,-1,-1,-1,-1,-1,-1,1,1,1,1,1,1,1,1,-1,1790,13453,13453,0,0,0,0,System.Byte[],0,0,0,0,0,0,0,0,38,38,26,29,0,-1,-1,1,0,6,4,3,0,255,0,System.Byte[],1,0,0,0,1,0,0,0,0,-1,-1,0,1,1,0,0,1,2,0,0.949,0.949,0.945,0.949,0.959,0.954,0.972,109,50,108,50,139,139,139,139,111,1,0,0.959,0,0,0,0,0,0,0,0,0,0,0,0,0,0,0,0,0,0,0,0,0,0,0,0,0,0,0,0,0,0,0,0,0,0,0,0,System.Byte[],0,35,0,0,0,0,0,0,0,0,0,0,0,0,1,0,1,0,0,0,1,1,0,0,0,0,0,0,0,0,0,0,0,0,0,0,0,0,0,0,0,0,0,0,0,0,0,0,0,0,0,0,0,0,0,0,0,0,0,0,0,0,0,0,0,0,0,0,0,0,0,0,0,0,1,0,0,0,0,0,0,0,0,0,0,0,0,0,0,0,0,0,0,0,0,0,0,0,System.Byte[]
440000,0,0,System.Byte[],30000,0,37,37,0,0,1050,0,100,10,-1,-1,-1,7000,1.5,0,-1,-1,-1,-1,-1,-1,-1,-1,-1,-1,-1,-1,-1,-1,-1,-1,1,1,1,1,1,1,1,1,-1,1950,13620,13620,0,0,0,0,System.Byte[],0,0,0,0,0,0,0,0,27,27,27,22,0,-1,-1,1,0,5,4,0,1,40,0,System.Byte[],1,1,0,0,0,1,0,0,0,-1,-1,0,1,1,0,0,1,2,0,0.942,0.95,0.944,0.956,0.959,0.966,0.952,109,110,106,110,139,139,139,139,-1,1,0,0.962,0,0,0,0,0,0,0,0,0,0,0,0,0,0,0,0,0,0,0,0,0,0,0,0,0,0,0,0,0,0,0,0,0,0,0,0,System.Byte[],0,27,0,0,0,0,0,0,0,0,0,0,0,0,0,0,0,0,0,1,0,0,0,0,0,0,0,0,0,0,0,0,0,0,1,0,1,0,0,1,0,0,0,0,0,0,0,0,0,0,0,0,0,0,0,0,0,0,0,0,0,0,0,1,1,1,1,0,1,1,1,1,0,0,0,0,0,1,0,0,0,1,1,0,0,0,0,0,0,0,0,0,0,0,0,0,0,0,System.Byte[]
570000,0,0,System.Byte[],14000,0,20,20,0,0.012,1050,0,100,6,-1,-1,-1,7000,1.5,0,-1,-1,-1,-1,-1,-1,-1,-1,-1,-1,-1,-1,-1,-1,-1,-1,1,1,1,1,1,1,1,1,-1,2110,13800,13800,0,0,0,0,System.Byte[],0,0,0,0,0,0,0,0,19,19,24,13,0,-1,-1,1,0,5,4,0,1,20,0,System.Byte[],1,1,0,0,0,1,0,0,0,-1,-1,0,1,1,0,0,1,2,0,0.949,0.94,0.953,0.942,0.951,0.953,0.957,109,110,108,110,139,139,139,139,-1,1,0,0.957,0,0,0,0,0,0,0,0,0,0,0,0,0,0,0,0,0,0,0,0,0,0,0,0,0,0,0,0,0,0,0,0,0,0,0,0,System.Byte[],0,17,1,1,1,1,1,0,0,0,0,0,0,0,0,0,0,0,0,1,0,0,0,0,0,0,0,0,0,0,0,0,0,0,1,0,1,0,0,1,0,0,0,0,0,0,0,0,0,0,0,0,0,0,0,0,0,0,0,0,0,0,1,1,1,1,1,1,1,1,1,1,0,0,0,0,0,1,1,0,1,1,1,0,0,0,0,0,0,0,0,0,0,0,0,0,0,0,System.Byte[]
570100,0,0,System.Byte[],14010,0,56,56,100,0.024,1150,0,100,13,-1,-1,-1,7000,1,-0.4,-1,-1,-1,-1,-1,-1,-1,-1,-1,-1,-1,-1,-1,-1,-1,-1,1,1,1,1,1,1,1,1,-1,2110,13801,13801,0,0,0,0,System.Byte[],0,0,0,0,0,0,0,0,55,55,65,39,0,-1,-1,1,0,2,4,1,1,20,0,System.Byte[],1,0,1,0,0,0,0,0,0,-1,-1,0,1,1,0,0,1,2,0,0.857,0.83,0.869,0.837,0.869,0.871,0.881,109,50,108,50,139,139,139,139,-1,1,0,0.881,0,0,0,0,0,0,0,0,0,0,0,0,0,0,0,0,0,0,0,0,0,0,0,0,0,0,0,0,0,0,0,0,0,0,0,0,System.Byte[],0,50,0,0,0,0,0,1,1,1,1,1,0,0,0,0,0,0,0,0,1,1,1,1,0,0,0,0,0,0,0,0,0,0,0,0,0,0,0,0,0,0,1,1,1,0,0,1,1,1,1,0,1,1,0,1,0,1,0,1,0,1,0,0,0,0,0,0,1,1,1,0,1,0,0,1,0,0,0,0,0,0,0,1,1,1,1,1,1,1,1,1,1,1,1,1,1,0,System.Byte[]
570200,0,0,System.Byte[],14020,0,19,19,0,0.012,1150,0,100,5.5,-1,-1,-1,7000,1.1,0,-1,-1,-1,-1,-1,-1,-1,-1,-1,-1,-1,-1,-1,-1,-1,-1,1,1,1,1,1,1,1,1,-1,2110,13802,13802,0,0,0,0,System.Byte[],0,0,0,0,0,0,0,0,18,18,22,14,0,-1,-1,1,0,1,4,2,1,20,0,System.Byte[],1,0,0,1,0,0,0,0,0,-1,-1,0,1,1,0,0,1,2,0,0.964,0.957,0.969,0.959,0.969,0.971,0.973,109,50,108,50,139,139,139,139,-1,1,0,0.973,0,0,0,0,0,0,0,0,0,0,0,0,0,0,0,0,0,0,0,0,0,0,0,0,0,0,0,0,0,0,0,0,0,0,0,0,System.Byte[],0,17,0,0,0,0,0,0,0,0,0,0,1,1,0,1,0,0,0,0,0,0,0,0,0,0,0,1,1,0,1,1,1,0,0,0,0,0,0,0,0,0,0,0,0,0,0,0,0,0,0,0,0,0,0,0,0,0,0,0,0,0,0,0,0,0,0,0,0,0,0,0,0,0,0,0,0,0,0,0,0,0,0,0,0,0,0,0,0,0,0,0,0,0,0,0,0,0,System.Byte[]
570300,0,0,System.Byte[],14030,0,29,29,0,0.012,1250,0,100,7.5,-1,-1,-1,7000,1.1,0,-1,-1,-1,-1,-1,-1,-1,-1,-1,-1,-1,-1,-1,-1,-1,-1,1,1,1,1,1,1,1,1,-1,2110,13803,13803,0,0,0,0,System.Byte[],0,0,0,0,0,0,0,0,28,28,36,20,0,-1,-1,1,0,6,4,3,1,20,0,System.Byte[],1,0,0,0,1,0,0,0,0,-1,-1,0,1,1,0,0,1,2,0,0.921,0.906,0.927,0.91,0.924,0.927,0.933,109,50,108,50,139,139,139,139,111,1,0,0.933,0,0,0,0,0,0,0,0,0,0,0,0,0,0,0,0,0,0,0,0,0,0,0,0,0,0,0,0,0,0,0,0,0,0,0,0,System.Byte[],0,25,0,0,0,0,0,0,0,0,0,0,0,0,1,0,1,1,1,0,1,1,0,0,0,0,0,0,0,0,0,0,0,0,0,0,0,0,0,0,0,0,0,0,0,0,0,0,0,0,0,0,0,0,0,0,0,0,0,0,0,0,0,0,0,0,0,0,0,0,0,0,0,0,1,0,0,0,0,0,0,0,0,0,0,0,0,0,0,0,0,0,0,0,0,0,0,0,System.Byte[]
620000,0,0,System.Byte[],4000,0,35,35,0,0,1050,0,100,0.3,-1,-1,-1,7000,1.5,0,-1,-1,-1,-1,-1,-1,-1,-1,-1,-1,-1,-1,-1,-1,-1,-1,1,1,1,1,1,1,1,1,-1,1240,13920,13920,0,0,0,0,System.Byte[],0,0,0,0,0,0,0,0,25,25,13,29,0,-1,-1,1,0,5,4,0,0,10,0,System.Byte[],1,1,0,0,0,1,0,0,0,-1,-1,0,1,1,0,0,1,2,0,0.998,0.997,0.999,0.999,0.962,0.968,0.965,109,110,113,110,113,139,139,139,-1,1,0,0.962,0,0,0,0,0,0,0,0,0,0,0,0,0,0,0,0,0,0,0,0,0,0,0,0,0,0,0,0,0,0,0,0,0,0,0,0,System.Byte[],0,7,0,0,0,0,0,0,0,0,0,0,0,0,0,0,0,0,0,1,0,0,0,0,0,1,0,0,0,0,0,0,0,0,0,1,0,0,0,1,0,0,0,0,0,0,0,0,0,0,0,0,0,0,0,0,0,0,0,0,0,0,1,1,0,0,1,1,0,0,0,0,0,0,0,0,0,1,0,0,1,1,0,0,0,0,0,0,0,0,0,0,0,0,0,0,0,0,System.Byte[]
620100,0,0,System.Byte[],4010,0,59,59,100,0,1150,0,100,3.8,-1,-1,-1,7000,1,-0.4,-1,-1,-1,-1,-1,-1,-1,-1,-1,-1,-1,-1,-1,-1,-1,-1,1,1,1,1,1,1,1,1,-1,1240,13921,13921,0,0,0,0,System.Byte[],0,0,0,0,0,0,0,0,62,62,37,74,0,-1,-1,1,0,2,3,1,0,10,0,System.Byte[],1,0,1,0,0,0,0,0,0,-1,-1,0,1,1,0,0,1,2,0,0.975,0.96,0.99,0.981,0.909,0.924,0.916,109,50,113,50,113,139,139,139,-1,1,0,0.909,0,0,0,0,0,0,0,0,0,0,0,0,0,0,0,0,0,0,0,0,0,0,0,0,0,0,0,0,0,0,0,0,0,0,0,0,System.Byte[],0,22,0,0,0,0,0,0,0,0,0,0,0,0,0,0,0,0,0,0,1,1,0,1,0,0,0,0,0,0,0,0,0,0,0,0,0,0,0,0,0,0,1,1,1,0,1,0,1,1,1,0,1,1,0,1,1,1,1,1,1,1,0,0,0,0,0,0,1,1,1,0,1,0,0,1,0,0,0,0,0,0,0,0,0,0,0,0,0,0,0,0,0,0,0,0,0,0,System.Byte[]
620300,0,0,System.Byte[],4030,0,33,33,0,0,1250,0,100,2,-1,-1,-1,7000,1.1,0,-1,-1,-1,-1,-1,-1,-1,-1,-1,-1,-1,-1,-1,-1,-1,-1,1,1,1,1,1,1,1,1,-1,1240,13923,13923,0,0,0,0,System.Byte[],0,0,0,0,0,0,0,0,35,35,20,43,0,-1,-1,1,0,6,4,3,0,10,0,System.Byte[],1,0,0,0,1,0,0,0,0,-1,-1,0,1,1,0,0,1,2,0,0.987,0.979,0.995,0.99,0.942,0.951,0.946,109,50,113,50,113,139,109,139,111,1,0,0.942,0,0,0,0,0,0,0,0,0,0,0,0,0,0,0,0,0,0,0,0,0,0,0,0,0,0,0,0,0,0,0,0,0,0,0,0,System.Byte[],0,10,0,0,0,0,0,0,0,0,0,0,0,0,1,0,0,0,0,0,1,1,0,0,0,0,0,0,0,0,0,0,0,0,0,0,0,0,0,0,0,0,0,0,0,0,0,0,0,0,0,0,0,0,0,0,0,0,0,0,0,0,0,0,0,0,0,0,0,0,0,0,0,0,1,0,0,0,0,0,0,0,0,0,0,0,0,0,0,0,0,0,0,0,0,0,0,0,System.Byte[]
670000,0,0,System.Byte[],1000,0,16,16,0,0,1050,0,100,2,-1,-1,-1,7000,1.5,0,-1,-1,-1,-1,-1,-1,-1,-1,-1,-1,-1,-1,-1,-1,-1,-1,1,1,1,1,1,1,1,1,-1,1290,14030,14030,0,0,0,0,System.Byte[],0,0,0,0,0,0,0,0,18,18,11,30,0,-1,-1,1,0,5,4,0,0,10,0,System.Byte[],1,1,0,0,0,1,0,0,0,-1,-1,0,1,1,0,0,1,2,0,0.979,0.978,0.984,0.98,0.953,0.955,0.953,109,110,113,110,113,139,139,139,-1,1,0,0.953,0,0,0,0,0,0,0,0,0,0,0,0,0,0,0,0,0,0,0,0,0,0,0,0,0,0,0,0,0,0,0,0,0,0,0,0,System.Byte[],0,14,0,0,0,1,0,0,0,0,0,0,0,0,0,0,0,0,0,1,0,0,0,0,0,1,0,0,0,0,0,0,0,0,1,0,0,0,0,1,0,0,0,0,0,0,0,0,0,0,0,0,0,0,0,0,0,0,0,0,0,0,1,1,1,1,1,1,1,1,1,1,0,0,0,0,0,1,1,0,1,0,1,0,0,0,0,0,0,0,0,0,0,0,0,0,0,0,System.Byte[]
670100,0,0,System.Byte[],1010,0,44,44,100,0,1150,0,100,8.1,-1,-1,-1,7000,1,-0.4,-1,-1,-1,-1,-1,-1,-1,-1,-1,-1,-1,-1,-1,-1,-1,-1,1,1,1,1,1,1,1,1,-1,1290,14031,14031,0,0,0,0,System.Byte[],0,0,0,0,0,0,0,0,47,47,30,60,0,-1,-1,1,0,2,4,1,0,10,0,System.Byte[],1,0,1,0,0,0,0,0,0,-1,-1,0,1,1,0,0,1,2,0,0.914,0.911,0.933,0.921,0.873,0.889,0.878,109,50,108,50,108,139,139,139,-1,1,0,0.877,0,0,0,0,0,0,0,0,0,0,0,0,0,0,0,0,0,0,0,0,0,0,0,0,0,0,0,0,0,0,0,0,0,0,0,0,System.Byte[],0,25,0,0,0,0,0,0,1,1,1,1,0,0,0,0,0,0,0,0,1,1,0,1,0,0,0,0,0,0,0,0,0,0,0,0,0,0,0,0,0,0,1,0,1,1,0,1,1,0,1,1,1,1,0,1,0,1,0,1,0,1,0,0,0,0,0,0,0,1,1,1,0,0,0,1,0,0,0,0,0,0,0,0,0,0,0,0,0,0,0,0,0,0,0,0,0,0,System.Byte[]
670200,0,0,System.Byte[],1020,0,16,16,0,0,1150,0,100,2.1,-1,-1,-1,7000,1.1,0,-1,-1,-1,-1,-1,-1,-1,-1,-1,-1,-1,-1,-1,-1,-1,-1,1,1,1,1,1,1,1,1,-1,1290,14032,14032,0,0,0,0,System.Byte[],0,0,0,0,0,0,0,0,17,17,11,21,0,-1,-1,1,0,1,4,2,0,10,0,System.Byte[],1,0,0,1,0,0,0,0,0,-1,-1,0,1,1,0,0,1,2,0,0.978,0.977,0.983,0.98,0.97,0.975,0.972,109,50,108,50,108,139,139,139,-1,1,0,0.971,0,0,0,0,0,0,0,0,0,0,0,0,0,0,0,0,0,0,0,0,0,0,0,0,0,0,0,0,0,0,0,0,0,0,0,0,System.Byte[],0,10,0,0,0,0,0,0,0,0,0,0,1,0,0,0,0,0,0,0,0,0,0,0,0,0,1,0,1,0,1,1,1,0,0,0,0,0,0,0,0,0,0,0,0,0,0,0,0,0,0,0,0,0,0,0,0,0,0,0,0,0,0,0,0,0,0,0,0,0,0,0,0,0,0,0,0,0,0,0,0,0,0,0,0,0,0,0,0,0,0,0,0,0,0,0,0,0,System.Byte[]
670300,0,0,System.Byte[],1030,0,26,26,0,0,1250,0,100,4.2,-1,-1,-1,7000,1.1,0,-1,-1,-1,-1,-1,-1,-1,-1,-1,-1,-1,-1,-1,-1,-1,-1,1,1,1,1,1,1,1,1,-1,1290,14033,14033,0,0,0,0,System.Byte[],0,0,0,0,0,0,0,0,29,29,18,37,0,-1,-1,1,0,6,4,3,0,10,0,System.Byte[],1,0,0,0,1,0,0,0,0,-1,-1,0,1,1,0,0,1,2,0,0.955,0.954,0.965,0.959,0.923,0.933,0.927,109,50,108,50,108,139,108,139,111,1,0,0.926,0,0,0,0,0,0,0,0,0,0,0,0,0,0,0,0,0,0,0,0,0,0,0,0,0,0,0,0,0,0,0,0,0,0,0,0,System.Byte[],0,15,0,0,0,0,0,0,0,0,0,0,0,0,1,0,1,1,1,0,1,1,0,0,0,0,0,0,0,0,0,0,0,0,0,0,0,0,0,0,0,0,0,0,0,0,0,0,0,0,0,0,0,0,0,0,0,0,0,0,0,0,0,0,0,0,0,0,0,0,0,0,0,0,1,0,0,0,0,0,0,0,0,0,0,0,0,0,0,0,0,0,0,0,0,0,0,0,System.Byte[]
680000,0,0,System.Byte[],99999,0,0,0,0,0,1050,0,100,0,-1,-1,-1,7000,1.5,0,-1,-1,-1,-1,-1,-1,-1,-1,-1,-1,-1,-1,-1,-1,-1,-1,1,1,1,1,1,1,1,1,-1,1300,14040,14040,0,0,0,0,System.Byte[],0,0,0,0,0,0,0,0,28,28,35,20,0,-1,-1,1,0,5,4,0,0,255,0,System.Byte[],1,1,0,0,0,1,0,0,0,-1,-1,0,1,1,0,0,1,2,0,0.986,0.986,0.983,0.989,0.964,0.959,0.976,109,110,108,110,139,139,139,139,-1,1,0,0.984,0,0,0,0,0,0,0,0,0,0,0,0,0,0,0,0,0,0,0,0,0,0,0,0,0,0,0,0,0,0,0,0,0,0,0,0,System.Byte[],0,22,0,1,1,1,1,0,0,0,0,0,0,0,0,0,0,0,0,1,0,0,0,0,0,0,0,0,0,0,0,0,0,0,0,1,1,0,0,1,0,0,0,0,0,0,0,0,0,0,0,0,0,0,0,0,0,0,0,0,0,0,1,1,1,1,1,1,1,1,1,1,0,0,0,0,0,1,1,0,1,1,1,0,0,0,0,0,0,0,0,0,0,0,0,0,0,0,System.Byte[]
680100,0,0,System.Byte[],99999,0,0,0,100,0,1150,0,100,0,-1,-1,-1,7000,1,-0.4,-1,-1,-1,-1,-1,-1,-1,-1,-1,-1,-1,-1,-1,-1,-1,-1,1,1,1,1,1,1,1,1,-1,1300,14041,14041,0,0,0,0,System.Byte[],0,0,0,0,0,0,0,0,60,60,35,70,0,-1,-1,1,0,2,4,1,0,255,0,System.Byte[],1,0,1,0,0,0,0,0,0,-1,-1,0,1,1,0,0,1,2,0,0.958,0.958,0.958,0.968,0.866,0.872,0.882,109,50,108,50,139,139,139,139,-1,1,0,0.877,0,0,0,0,0,0,0,0,0,0,0,0,0,0,0,0,0,0,0,0,0,0,0,0,0,0,0,0,0,0,0,0,0,0,0,0,System.Byte[],0,32,0,0,0,0,0,1,1,1,1,1,0,0,0,0,0,0,0,0,1,1,1,1,0,0,0,0,0,0,0,0,0,0,0,0,0,0,0,0,0,0,1,1,0,1,0,1,1,0,1,1,1,0,1,1,0,1,0,1,0,1,0,0,0,0,0,0,1,0,1,1,0,0,0,1,0,0,0,0,0,0,0,1,1,1,1,1,1,1,1,1,1,1,1,1,1,0,System.Byte[]
680200,0,0,System.Byte[],99999,0,0,0,0,0,1150,0,100,0,-1,-1,-1,7000,1.1,0,-1,-1,-1,-1,-1,-1,-1,-1,-1,-1,-1,-1,-1,-1,-1,-1,1,1,1,1,1,1,1,1,-1,1300,14042,14042,0,0,0,0,System.Byte[],0,0,0,0,0,0,0,0,17,17,9,21,0,-1,-1,1,0,1,4,2,0,255,0,System.Byte[],1,0,0,1,0,0,0,0,0,-1,-1,0,1,1,0,0,1,2,0,0.99,0.99,0.99,0.991,0.964,0.967,0.969,109,50,108,50,139,139,139,139,-1,1,0,0.968,0,0,0,0,0,0,0,0,0,0,0,0,0,0,0,0,0,0,0,0,0,0,0,0,0,0,0,0,0,0,0,0,0,0,0,0,System.Byte[],0,8,0,0,0,0,0,0,0,0,0,0,1,1,0,1,0,0,0,0,0,0,0,0,0,0,1,0,1,0,1,1,1,0,0,0,0,0,0,0,0,0,0,0,0,0,0,0,0,0,0,0,0,0,0,0,0,0,0,0,0,0,0,0,0,0,0,0,0,0,0,0,0,0,0,0,0,0,0,0,0,0,0,0,0,0,0,0,0,0,0,0,0,0,0,0,0,0,System.Byte[]
680300,0,0,System.Byte[],99999,0,0,0,0,0,1250,0,100,0,-1,-1,-1,7000,1.1,0,-1,-1,-1,-1,-1,-1,-1,-1,-1,-1,-1,-1,-1,-1,-1,-1,1,1,1,1,1,1,1,1,-1,1300,14043,14043,0,0,0,0,System.Byte[],0,0,0,0,0,0,0,0,35,35,20,44,0,-1,-1,1,0,6,4,3,0,255,0,System.Byte[],1,0,0,0,1,0,0,0,0,-1,-1,0,1,1,0,0,1,2,0,0.981,0.981,0.981,0.986,0.93,0.933,0.939,109,50,108,50,139,139,139,139,111,1,0,0.936,0,0,0,0,0,0,0,0,0,0,0,0,0,0,0,0,0,0,0,0,0,0,0,0,0,0,0,0,0,0,0,0,0,0,0,0,System.Byte[],0,18,0,0,0,0,0,0,0,0,0,0,0,0,1,0,1,1,1,0,1,1,0,0,0,0,0,0,0,0,0,0,0,0,0,0,0,0,0,0,0,0,0,0,0,0,0,0,0,0,0,0,0,0,0,0,0,0,0,0,0,0,0,0,0,0,0,0,0,0,0,0,0,0,1,0,0,0,0,0,0,0,0,0,0,0,0,0,0,0,0,0,0,0,0,0,0,0,System.Byte[]
730000,0,0,System.Byte[],2000,0,27,27,0,0,1050,0,100,2.3,-1,-1,-1,7000,1.5,0,-1,-1,-1,-1,-1,-1,-1,-1,-1,-1,-1,-1,-1,-1,-1,-1,1,1,1,1,1,1,1,1,-1,1380,14120,14120,0,0,0,0,System.Byte[],0,0,0,0,0,0,0,0,29,29,22,24,0,-1,-1,1,0,5,4,0,0,10,0,System.Byte[],1,1,0,0,0,1,0,0,0,-1,-1,0,1,1,0,0,1,2,0,0.984,0.981,0.99,0.987,0.97,0.967,0.976,109,110,109,110,109,139,139,139,-1,1,0,0.97,0,0,0,0,0,0,0,0,0,0,0,0,0,0,0,0,0,0,0,0,0,0,0,0,0,0,0,0,0,0,0,0,0,0,0,0,System.Byte[],0,27,0,0,0,0,0,0,0,0,0,0,0,0,0,0,0,0,0,0,0,0,0,0,0,0,0,0,0,0,0,0,0,0,0,1,1,0,0,1,0,0,0,0,0,0,0,0,0,0,0,0,0,0,0,0,0,0,0,0,0,0,0,1,1,1,1,0,1,1,1,1,0,0,0,0,0,1,0,0,1,1,0,0,0,0,0,0,0,0,0,0,0,0,0,0,0,0,System.Byte[]
730100,0,0,System.Byte[],2010,0,62,62,100,0,1150,0,100,3.5,-1,-1,-1,7000,1,-0.4,-1,-1,-1,-1,-1,-1,-1,-1,-1,-1,-1,-1,-1,-1,-1,-1,1,1,1,1,1,1,1,1,-1,1380,14121,14121,0,0,0,0,System.Byte[],0,0,0,0,0,0,0,0,64,64,47,52,0,-1,-1,1,0,2,3,1,0,10,0,System.Byte[],1,0,1,0,0,0,0,0,0,-1,-1,0,1,1,0,0,1,2,0,0.976,0.971,0.985,0.98,0.913,0.906,0.93,109,50,109,50,109,139,139,139,-1,1,0,0.913,0,0,0,0,0,0,0,0,0,0,0,0,0,0,0,0,0,0,0,0,0,0,0,0,0,0,0,0,0,0,0,0,0,0,0,0,System.Byte[],0,59,0,0,0,0,0,0,0,0,0,0,0,0,0,0,0,0,0,0,1,1,0,0,0,0,0,0,0,0,0,0,0,0,0,0,0,0,0,0,0,0,0,1,1,1,0,1,0,1,1,1,1,1,0,1,0,1,1,1,0,1,0,0,0,0,0,0,0,1,1,1,0,0,0,1,0,0,0,0,0,0,0,0,0,0,0,0,0,0,0,0,0,0,0,0,0,0,System.Byte[]
730200,0,0,System.Byte[],2020,0,21,21,0,0,1150,0,100,1.7,-1,-1,-1,7000,1.1,0,-1,-1,-1,-1,-1,-1,-1,-1,-1,-1,-1,-1,-1,-1,-1,-1,1,1,1,1,1,1,1,1,-1,1380,14122,14122,0,0,0,0,System.Byte[],0,0,0,0,0,0,0,0,22,22,16,17,0,-1,-1,1,0,1,4,2,0,10,0,System.Byte[],1,0,0,1,0,0,0,0,0,-1,-1,0,1,1,0,0,1,2,0,0.988,0.986,0.993,0.99,0.985,0.983,0.99,109,50,113,50,113,139,139,139,-1,1,0,0.985,0,0,0,0,0,0,0,0,0,0,0,0,0,0,0,0,0,0,0,0,0,0,0,0,0,0,0,0,0,0,0,0,0,0,0,0,System.Byte[],0,21,0,0,0,0,0,0,0,0,0,0,1,0,0,0,0,0,0,0,0,0,0,0,0,0,1,0,1,0,1,1,0,1,0,0,0,0,0,0,0,0,0,0,0,0,0,0,0,0,0,0,0,0,0,0,0,0,0,0,0,0,0,0,0,0,0,0,0,0,0,0,0,0,0,0,0,0,0,0,0,0,0,0,0,0,0,0,0,0,0,0,0,0,0,0,0,0,System.Byte[]
730300,0,0,System.Byte[],2030,0,37,37,0,0,1250,0,100,2,-1,-1,-1,7000,1.1,0,-1,-1,-1,-1,-1,-1,-1,-1,-1,-1,-1,-1,-1,-1,-1,-1,1,1,1,1,1,1,1,1,-1,1380,14123,14123,0,0,0,0,System.Byte[],0,0,0,0,0,0,0,0,38,38,26,29,0,-1,-1,1,0,6,3,3,0,10,0,System.Byte[],1,0,0,0,1,0,0,0,0,-1,-1,0,1,1,0,0,1,2,0,0.986,0.983,0.992,0.988,0.959,0.954,0.972,109,50,113,50,113,139,109,139,111,1,0,0.959,0,0,0,0,0,0,0,0,0,0,0,0,0,0,0,0,0,0,0,0,0,0,0,0,0,0,0,0,0,0,0,0,0,0,0,0,System.Byte[],0,35,0,0,0,0,0,0,0,0,0,0,0,0,0,0,0,0,0,0,1,1,0,0,0,0,0,0,0,0,0,0,0,0,0,0,0,0,0,0,0,0,0,0,0,0,0,0,0,0,0,0,0,0,0,0,0,0,0,0,0,0,0,0,0,0,0,0,0,0,0,0,0,1,0,0,0,0,0,0,0,0,0,0,0,0,0,0,0,0,0,0,0,0,0,0,0,0,System.Byte[]
830100,0,0,System.Byte[],3010,0,42,42,100,0,1150,0,100,4.1,-1,-1,-1,7000,1,-0.4,-1,-1,-1,-1,-1,-1,-1,-1,-1,-1,-1,-1,-1,-1,-1,-1,1,1,1,1,1,1,1,1,-1,2160,14311,14311,0,0,0,0,System.Byte[],0,0,0,0,0,0,0,0,32,32,46,33,0,-1,-1,1,0,2,3,1,0,10,0,System.Byte[],1,0,1,0,0,0,0,0,0,-1,-1,0,1,1,0,0,1,2,0,0.966,0.958,0.978,0.972,0.922,0.888,0.945,109,50,113,50,113,139,139,139,-1,1,0,0.9,0,0,0,0,0,0,0,0,0,0,0,0,0,0,0,0,0,0,0,0,0,0,0,0,0,0,0,0,0,0,0,0,0,0,0,0,System.Byte[],0,33,0,0,0,0,0,1,1,0,1,0,0,0,0,0,0,0,0,0,1,1,0,1,0,0,0,0,0,0,0,0,0,0,0,0,0,0,0,0,0,0,1,0,1,1,0,1,1,0,1,1,1,1,0,1,1,1,1,1,1,1,0,0,0,0,0,0,1,0,1,1,0,0,0,1,0,0,0,0,0,0,0,1,1,1,1,1,1,1,1,1,1,1,1,1,1,0,System.Byte[]
830200,0,0,System.Byte[],3020,0,42,42,0,0,1150,0,100,1,-1,-1,-1,7000,1.1,0,-1,-1,-1,-1,-1,-1,-1,-1,-1,-1,-1,-1,-1,-1,-1,-1,1,1,1,1,1,1,1,1,-1,2160,14312,14312,0,0,0,0,System.Byte[],0,0,0,0,0,0,0,0,22,22,16,17,0,-1,-1,1,0,1,4,2,0,10,0,System.Byte[],1,0,0,1,0,0,0,0,0,-1,-1,0,1,1,0,0,1,2,0,0.992,0.99,0.995,0.993,0.985,0.983,0.99,109,50,113,50,113,139,139,139,-1,1,0,0.985,0,0,0,0,0,0,0,0,0,0,0,0,0,0,0,0,0,0,0,0,0,0,0,0,0,0,0,0,0,0,0,0,0,0,0,0,System.Byte[],0,21,0,0,0,0,0,0,0,0,0,0,0,0,0,0,0,0,0,0,0,0,0,0,0,0,1,1,0,1,0,0,0,1,0,0,0,0,0,0,0,0,0,0,0,0,0,0,0,0,0,0,0,0,0,0,0,0,0,0,0,0,0,0,0,0,0,0,0,0,0,0,0,0,0,0,0,0,0,0,0,0,0,0,0,0,0,0,0,0,0,0,0,0,0,0,0,0,System.Byte[]
830300,0,0,System.Byte[],3030,0,25,25,0,0,1250,0,100,2,-1,-1,-1,7000,1.1,0,-1,-1,-1,-1,-1,-1,-1,-1,-1,-1,-1,-1,-1,-1,-1,-1,1,1,1,1,1,1,1,1,-1,2160,14313,14313,0,0,0,0,System.Byte[],0,0,0,0,0,0,0,0,15,15,25,19,0,-1,-1,1,0,6,3,3,0,10,0,System.Byte[],1,0,0,0,1,0,0,0,0,-1,-1,0,1,1,0,0,1,2,0,0.983,0.979,0.989,0.986,0.958,0.936,0.972,109,50,113,50,113,139,109,139,111,1,0,0.944,0,0,0,0,0,0,0,0,0,0,0,0,0,0,0,0,0,0,0,0,0,0,0,0,0,0,0,0,0,0,0,0,0,0,0,0,System.Byte[],0,19,0,0,0,0,0,0,0,0,0,0,0,0,1,0,0,0,0,0,1,1,0,0,0,0,0,0,0,0,0,0,0,0,0,0,0,0,0,0,0,0,0,0,0,0,0,0,0,0,0,0,0,0,0,0,0,0,0,0,0,0,0,0,0,0,0,0,0,0,0,0,0,1,0,0,0,0,0,0,0,0,0,0,0,0,0,0,0,0,0,0,0,0,0,0,0,0,System.Byte[]
833000,0,0,System.Byte[],3000,0,26,26,0,0,1050,0,100,6,1956,486,-1,7000,1.5,0,-1,-1,-1,-1,-1,-1,-1,-1,-1,-1,-1,-1,-1,-1,-1,-1,1,1,1,1,1,1,1,1,-1,2175,14340,14340,0,0,0,0,System.Byte[],0,0,0,0,0,0,0,0,16,16,23,17,0,-1,-1,1,0,5,4,0,0,10,0,System.Byte[],1,1,0,0,0,1,0,0,0,-1,-1,0,1,1,0,0,1,2,0,0.95,0.938,0.968,0.959,0.97,0.958,0.978,109,110,117,110,117,139,139,139,-1,1,0,0.962,0,0,0,0,0,0,0,0,0,0,0,0,0,0,0,0,0,0,0,0,0,0,0,0,0,0,0,0,0,0,0,0,0,0,0,0,System.Byte[],0,17,1,1,1,1,0,0,0,0,0,0,0,0,0,0,0,0,0,1,0,0,0,0,0,0,0,0,0,0,0,0,0,0,0,1,1,0,0,1,0,0,0,0,0,0,0,0,0,0,0,0,0,0,0,0,0,0,0,0,0,0,1,1,1,1,1,1,1,1,1,1,0,0,0,0,0,1,1,0,1,1,1,0,0,0,0,0,0,0,0,0,0,0,0,0,0,0,System.Byte[]
834100,0,0,System.Byte[],3001,0,0,0,0,0,1050,0,100,6,-1,-1,-1,7000,1.5,0,-1,-1,-1,-1,-1,-1,-1,-1,-1,-1,-1,-1,-1,-1,-1,-1,1,1,1,1,1,1,1,1,-1,2545,14730,14730,0,0,0,0,System.Byte[],0,0,0,0,0,0,0,0,16,16,23,17,0,-1,-1,1,0,5,4,0,0,255,0,System.Byte[],1,1,0,0,0,1,0,0,0,-1,-1,0,1,1,0,0,1,2,0,0.95,0.938,0.968,0.959,0.97,0.958,0.978,109,110,117,110,117,139,139,139,-1,1,0,0.962,0,0,0,0,0,0,0,0,0,0,0,0,0,0,0,0,0,0,0,0,0,0,0,0,0,0,0,0,0,0,0,0,0,0,0,0,System.Byte[],0,17,1,1,1,1,0,0,0,0,0,0,0,0,0,0,0,0,0,0,0,0,0,0,0,0,0,0,0,0,0,0,0,0,0,1,1,0,0,1,0,0,0,0,0,0,0,0,0,0,0,0,0,0,0,0,0,0,0,0,0,0,1,1,1,1,1,1,1,1,1,1,0,0,0,0,0,1,1,0,1,1,1,0,0,0,0,0,0,0,0,0,0,0,0,0,0,0,System.Byte[]
860000,0,0,System.Byte[],10000,0,26,26,0,0.008,1050,0,100,4.1,-1,-1,-1,7000,1.5,0,-1,-1,-1,-1,-1,-1,-1,-1,-1,-1,-1,-1,-1,-1,-1,-1,1,1,1,1,1,1,1,1,-1,1350,14370,14370,0,0,0,0,System.Byte[],0,0,0,0,0,0,0,0,29,29,22,24,0,-1,-1,1,0,5,4,0,1,20,0,System.Byte[],1,1,0,0,0,1,0,0,0,-1,-1,0,1,1,0,0,1,2,0,0.963,0.963,0.963,0.963,0.97,0.967,0.976,109,110,108,110,139,139,139,139,-1,1,0,0.97,0,0,0,0,0,0,0,0,0,0,0,0,0,0,0,0,0,0,0,0,0,0,0,0,0,0,0,0,0,0,0,0,0,0,0,0,System.Byte[],0,27,1,1,1,1,1,0,0,0,0,0,0,0,0,0,0,0,0,1,0,0,0,0,0,0,0,0,0,0,0,0,0,0,1,0,1,0,0,1,0,0,0,0,0,0,0,0,0,0,0,0,0,0,0,0,0,0,0,0,0,0,1,1,1,1,1,1,1,1,1,1,0,0,0,0,0,1,1,0,1,1,1,0,0,0,0,0,0,0,0,0,0,0,0,0,0,0,System.Byte[]
860200,0,0,System.Byte[],10020,0,20,20,0,0.008,1150,0,100,3.5,-1,-1,-1,7000,1.1,0,-1,-1,-1,-1,-1,-1,-1,-1,-1,-1,-1,-1,-1,-1,-1,-1,1,1,1,1,1,1,1,1,-1,1350,14372,14372,0,0,0,0,System.Byte[],0,0,0,0,0,0,0,0,22,22,16,17,0,-1,-1,1,0,1,4,2,1,20,0,System.Byte[],1,0,0,1,0,0,0,0,0,-1,-1,0,1,1,0,0,1,2,0,0.979,0.979,0.978,0.979,0.985,0.983,0.99,109,50,108,50,139,139,139,139,-1,1,0,0.985,0,0,0,0,0,0,0,0,0,0,0,0,0,0,0,0,0,0,0,0,0,0,0,0,0,0,0,0,0,0,0,0,0,0,0,0,System.Byte[],0,21,0,0,0,0,0,0,0,0,0,0,0,1,0,1,0,0,0,0,0,0,0,0,0,0,1,0,1,0,1,1,0,1,0,0,0,0,0,0,0,0,0,0,0,0,0,0,0,0,0,0,0,0,0,0,0,0,0,0,0,0,0,0,0,0,0,0,0,0,0,0,0,0,0,0,0,0,0,0,0,0,0,0,0,0,0,0,0,0,0,0,0,0,0,0,0,0,System.Byte[]
860300,0,0,System.Byte[],10030,0,37,37,0,0.008,1250,0,100,5.4,-1,-1,-1,7000,1.1,0,-1,-1,-1,-1,-1,-1,-1,-1,-1,-1,-1,-1,-1,-1,-1,-1,1,1,1,1,1,1,1,1,-1,1350,14373,14373,0,0,0,0,System.Byte[],0,0,0,0,0,0,0,0,38,38,26,29,0,-1,-1,1,0,6,4,3,1,20,0,System.Byte[],1,0,0,0,1,0,0,0,0,-1,-1,0,1,1,0,0,1,2,0,0.949,0.949,0.945,0.949,0.959,0.954,0.972,109,50,108,50,139,139,139,139,111,1,0,0.959,0,0,0,0,0,0,0,0,0,0,0,0,0,0,0,0,0,0,0,0,0,0,0,0,0,0,0,0,0,0,0,0,0,0,0,0,System.Byte[],0,35,0,0,0,0,0,0,0,0,0,0,0,0,1,0,1,1,1,0,1,1,0,0,0,0,0,0,0,0,0,0,0,0,0,0,0,0,0,0,0,0,0,0,0,0,0,0,0,0,0,0,0,0,0,0,0,0,0,0,0,0,0,0,0,0,0,0,0,0,0,0,0,0,1,0,0,0,0,0,0,0,0,0,0,0,0,0,0,0,0,0,0,0,0,0,0,0,System.Byte[]
861100,0,0,System.Byte[],10010,0,62,62,100,0.016,1150,0,100,9,-1,-1,-1,7000,1,-0.4,-1,-1,-1,-1,-1,-1,-1,-1,-1,-1,-1,-1,-1,-1,-1,-1,1,1,1,1,1,1,1,1,-1,1351,14381,14381,0,0,0,0,System.Byte[],0,0,0,0,0,0,0,0,64,64,47,52,0,-1,-1,1,0,2,4,1,0,20,0,System.Byte[],1,0,1,0,0,0,0,0,0,-1,-1,0,1,1,0,0,1,2,0,0.897,0.897,0.892,0.897,0.913,0.906,0.93,109,50,108,50,139,139,139,139,-1,1,0,0.913,0,0,0,0,0,0,0,0,0,0,0,0,0,0,0,0,0,0,0,0,0,0,0,0,0,0,0,0,0,0,0,0,0,0,0,0,System.Byte[],0,59,0,0,0,0,0,0,1,1,1,1,0,0,0,0,0,0,0,0,1,1,1,1,0,0,0,0,0,0,0,0,0,0,0,0,0,0,0,0,0,0,1,1,1,0,0,1,1,1,0,1,1,1,0,1,0,1,1,1,0,1,0,0,0,0,0,0,1,1,1,0,1,0,0,1,0,0,0,0,0,0,0,0,0,0,0,0,0,0,0,0,0,0,0,0,0,0,System.Byte[]
980000,0,0,System.Byte[],11000,0,39,39,0,0.008,1050,0,100,4.3,-1,-1,-1,7000,1.5,0,-1,-1,-1,-1,-1,-1,-1,-1,-1,-1,-1,-1,-1,-1,-1,-1,1,1,1,1,1,1,1,1,-1,1500,14640,14640,0,0,0,0,System.Byte[],0,0,0,0,0,0,0,0,29,29,22,24,0,-1,-1,1,0,5,4,0,1,20,0,System.Byte[],1,1,0,0,0,1,0,0,0,-1,-1,0,1,1,0,0,1,2,0,0.948,0.958,0.948,0.951,0.97,0.967,0.976,109,110,106,110,106,139,139,139,-1,1,0,0.97,0,0,0,0,0,0,0,0,0,0,0,0,0,0,0,0,0,0,0,0,0,0,0,0,0,0,0,0,0,0,0,0,0,0,0,0,System.Byte[],0,27,1,1,1,1,1,0,0,0,0,0,0,0,0,0,0,0,0,1,0,0,0,0,0,1,0,0,0,0,0,0,0,0,1,0,0,0,0,1,0,0,0,0,0,0,0,0,0,0,0,0,0,0,0,0,0,0,0,0,0,0,1,1,1,1,1,1,1,1,1,1,0,0,0,0,0,1,1,0,1,1,1,0,0,0,0,0,0,0,0,0,0,0,0,0,0,0,System.Byte[]
980200,0,0,System.Byte[],11020,0,74,74,0,0.008,1150,0,100,3.3,-1,-1,-1,7000,1.1,0,-1,-1,-1,-1,-1,-1,-1,-1,-1,-1,-1,-1,-1,-1,-1,-1,1,1,1,1,1,1,1,1,-1,1500,14642,14642,0,0,0,0,System.Byte[],0,0,0,0,0,0,0,0,22,22,16,17,0,-1,-1,1,0,1,4,2,1,20,0,System.Byte[],1,0,0,1,0,0,0,0,0,-1,-1,0,1,1,0,0,1,2,0,0.96,0.968,0.96,0.963,0.985,0.983,0.99,109,50,106,50,106,139,139,139,-1,1,0,0.985,0,0,0,0,0,0,0,0,0,0,0,0,0,0,0,0,0,0,0,0,0,0,0,0,0,0,0,0,0,0,0,0,0,0,0,0,System.Byte[],0,21,0,0,0,0,0,0,0,0,0,0,1,1,0,1,0,0,0,0,0,0,0,0,0,0,1,0,1,0,1,1,0,1,0,0,0,0,0,0,0,0,0,0,0,0,0,0,0,0,0,0,0,0,0,0,0,0,0,0,0,0,0,0,0,0,0,0,0,0,0,0,0,0,0,0,0,0,0,0,0,0,0,0,0,0,0,0,0,0,0,0,0,0,0,0,0,0,System.Byte[]
980300,0,0,System.Byte[],11030,0,33,33,0,0.008,1250,0,100,5.6,-1,-1,-1,7000,1.1,0,-1,-1,-1,-1,-1,-1,-1,-1,-1,-1,-1,-1,-1,-1,-1,-1,1,1,1,1,1,1,1,1,-1,1500,14643,14643,0,0,0,0,System.Byte[],0,0,0,0,0,0,0,0,38,38,26,29,0,-1,-1,1,0,6,4,3,1,20,0,System.Byte[],1,0,0,0,1,0,0,0,0,-1,-1,0,1,1,0,0,1,2,0,0.933,0.945,0.933,0.936,0.959,0.954,0.972,109,50,106,50,106,139,106,139,111,1,0,0.959,0,0,0,0,0,0,0,0,0,0,0,0,0,0,0,0,0,0,0,0,0,0,0,0,0,0,0,0,0,0,0,0,0,0,0,0,System.Byte[],0,35,0,0,0,0,0,0,0,0,0,0,0,0,1,0,1,1,1,0,1,1,0,0,0,0,0,0,0,0,0,0,0,0,0,0,0,0,0,0,0,0,0,0,0,0,0,0,0,0,0,0,0,0,0,0,0,0,0,0,0,0,0,0,0,0,0,0,0,0,0,0,0,0,1,0,0,0,0,0,0,0,0,0,0,0,0,0,0,0,0,0,0,0,0,0,0,0,System.Byte[]
981100,0,0,System.Byte[],11010,0,48,48,100,0.016,1150,0,100,8.8,-1,-1,-1,7000,1,-0.4,-1,-1,-1,-1,-1,-1,-1,-1,-1,-1,-1,-1,-1,-1,-1,-1,1,1,1,1,1,1,1,1,-1,1501,14651,14651,0,0,0,0,System.Byte[],0,0,0,0,0,0,0,0,64,64,47,52,0,-1,-1,1,0,2,4,1,1,20,0,System.Byte[],1,0,1,0,0,0,0,0,0,-1,-1,0,1,1,0,0,1,2,0,0.894,0.914,0.894,0.9,0.913,0.906,0.93,109,50,106,50,106,139,139,139,-1,1,0,0.913,0,0,0,0,0,0,0,0,0,0,0,0,0,0,0,0,0,0,0,0,0,0,0,0,0,0,0,0,0,0,0,0,0,0,0,0,System.Byte[],0,59,0,0,0,0,0,1,1,1,1,1,0,0,0,0,0,0,0,0,1,1,1,1,0,0,0,0,0,0,0,0,0,0,0,0,0,0,0,0,0,0,1,1,0,1,0,1,1,1,0,1,1,1,0,1,0,1,1,1,0,1,0,0,0,0,0,0,1,0,1,1,0,0,0,1,0,0,0,0,0,0,0,0,0,0,0,0,0,0,0,0,0,0,0,0,0,0,System.Byte[]
