ID,materialId01,materialId02,materialId03,materialId04,materialId05,materialId06,pad_id,itemNum01,itemNum02,itemNum03,itemNum04,itemNum05,itemNum06,pad_num,materialCate01,materialCate02,materialCate03,materialCate04,materialCate05,materialCate06,pad_cate,isDisableDispNum01,isDisableDispNum02,isDisableDispNum03,isDisableDispNum04,isDisableDispNum05,isDisableDispNum06,pad
0,1250,-1,-1,-1,-1,-1,System.Byte[],1,-1,-1,-1,-1,-1,System.Byte[],4,15,15,15,15,0,System.Byte[],0,0,0,0,0,0,System.Byte[]
1,10100,-1,-1,-1,-1,-1,System.Byte[],2,-1,-1,-1,-1,-1,System.Byte[],4,15,15,15,15,0,System.Byte[],0,0,0,0,0,0,System.Byte[]
2,10100,-1,-1,-1,-1,-1,System.Byte[],4,-1,-1,-1,-1,-1,System.Byte[],4,15,15,15,15,0,System.Byte[],0,0,0,0,0,0,System.Byte[]
3,10100,-1,-1,-1,-1,-1,System.Byte[],6,-1,-1,-1,-1,-1,System.Byte[],4,15,15,15,15,0,System.Byte[],0,0,0,0,0,0,System.Byte[]
4,10101,-1,-1,-1,-1,-1,System.Byte[],2,-1,-1,-1,-1,-1,System.Byte[],4,15,15,15,15,0,System.Byte[],0,0,0,0,0,0,System.Byte[]
5,10101,-1,-1,-1,-1,-1,System.Byte[],4,-1,-1,-1,-1,-1,System.Byte[],4,15,15,15,15,0,System.Byte[],0,0,0,0,0,0,System.Byte[]
6,10101,-1,-1,-1,-1,-1,System.Byte[],6,-1,-1,-1,-1,-1,System.Byte[],4,15,15,15,15,0,System.Byte[],0,0,0,0,0,0,System.Byte[]
7,10102,-1,-1,-1,-1,-1,System.Byte[],2,-1,-1,-1,-1,-1,System.Byte[],4,15,15,15,15,0,System.Byte[],0,0,0,0,0,0,System.Byte[]
8,10102,-1,-1,-1,-1,-1,System.Byte[],4,-1,-1,-1,-1,-1,System.Byte[],4,15,15,15,15,0,System.Byte[],0,0,0,0,0,0,System.Byte[]
9,10102,-1,-1,-1,-1,-1,System.Byte[],6,-1,-1,-1,-1,-1,System.Byte[],4,15,15,15,15,0,System.Byte[],0,0,0,0,0,0,System.Byte[]
10,10103,-1,-1,-1,-1,-1,System.Byte[],2,-1,-1,-1,-1,-1,System.Byte[],4,15,15,15,15,0,System.Byte[],0,0,0,0,0,0,System.Byte[]
11,10103,-1,-1,-1,-1,-1,System.Byte[],4,-1,-1,-1,-1,-1,System.Byte[],4,15,15,15,15,0,System.Byte[],0,0,0,0,0,0,System.Byte[]
12,10103,-1,-1,-1,-1,-1,System.Byte[],6,-1,-1,-1,-1,-1,System.Byte[],4,15,15,15,15,0,System.Byte[],0,0,0,0,0,0,System.Byte[]
13,10104,-1,-1,-1,-1,-1,System.Byte[],2,-1,-1,-1,-1,-1,System.Byte[],4,15,15,15,15,0,System.Byte[],0,0,0,0,0,0,System.Byte[]
14,10104,-1,-1,-1,-1,-1,System.Byte[],4,-1,-1,-1,-1,-1,System.Byte[],4,15,15,15,15,0,System.Byte[],0,0,0,0,0,0,System.Byte[]
15,10104,-1,-1,-1,-1,-1,System.Byte[],6,-1,-1,-1,-1,-1,System.Byte[],4,15,15,15,15,0,System.Byte[],0,0,0,0,0,0,System.Byte[]
16,10105,-1,-1,-1,-1,-1,System.Byte[],2,-1,-1,-1,-1,-1,System.Byte[],4,15,15,15,15,0,System.Byte[],0,0,0,0,0,0,System.Byte[]
17,10105,-1,-1,-1,-1,-1,System.Byte[],4,-1,-1,-1,-1,-1,System.Byte[],4,15,15,15,15,0,System.Byte[],0,0,0,0,0,0,System.Byte[]
18,10105,-1,-1,-1,-1,-1,System.Byte[],6,-1,-1,-1,-1,-1,System.Byte[],4,15,15,15,15,0,System.Byte[],0,0,0,0,0,0,System.Byte[]
19,10106,-1,-1,-1,-1,-1,System.Byte[],2,-1,-1,-1,-1,-1,System.Byte[],4,15,15,15,15,0,System.Byte[],0,0,0,0,0,0,System.Byte[]
20,10106,-1,-1,-1,-1,-1,System.Byte[],4,-1,-1,-1,-1,-1,System.Byte[],4,15,15,15,15,0,System.Byte[],0,0,0,0,0,0,System.Byte[]
21,10106,-1,-1,-1,-1,-1,System.Byte[],6,-1,-1,-1,-1,-1,System.Byte[],4,15,15,15,15,0,System.Byte[],0,0,0,0,0,0,System.Byte[]
22,10107,-1,-1,-1,-1,-1,System.Byte[],2,-1,-1,-1,-1,-1,System.Byte[],4,15,15,15,15,0,System.Byte[],0,0,0,0,0,0,System.Byte[]
23,10107,-1,-1,-1,-1,-1,System.Byte[],4,-1,-1,-1,-1,-1,System.Byte[],4,15,15,15,15,0,System.Byte[],0,0,0,0,0,0,System.Byte[]
24,10107,-1,-1,-1,-1,-1,System.Byte[],6,-1,-1,-1,-1,-1,System.Byte[],4,15,15,15,15,0,System.Byte[],0,0,0,0,0,0,System.Byte[]
25,10140,-1,-1,-1,-1,-1,System.Byte[],1,-1,-1,-1,-1,-1,System.Byte[],4,15,15,15,15,0,System.Byte[],0,0,0,0,0,0,System.Byte[]
100,1110,-1,-1,-1,-1,-1,System.Byte[],1,-1,-1,-1,-1,-1,System.Byte[],4,15,15,15,15,0,System.Byte[],0,0,0,0,0,0,System.Byte[]
101,10100,-1,-1,-1,-1,-1,System.Byte[],2,-1,-1,-1,-1,-1,System.Byte[],4,15,15,15,15,0,System.Byte[],0,0,0,0,0,0,System.Byte[]
102,10100,-1,-1,-1,-1,-1,System.Byte[],4,-1,-1,-1,-1,-1,System.Byte[],4,15,15,15,15,0,System.Byte[],0,0,0,0,0,0,System.Byte[]
103,10100,-1,-1,-1,-1,-1,System.Byte[],6,-1,-1,-1,-1,-1,System.Byte[],4,15,15,15,15,0,System.Byte[],0,0,0,0,0,0,System.Byte[]
104,10101,-1,-1,-1,-1,-1,System.Byte[],2,-1,-1,-1,-1,-1,System.Byte[],4,15,15,15,15,0,System.Byte[],0,0,0,0,0,0,System.Byte[]
105,10101,-1,-1,-1,-1,-1,System.Byte[],4,-1,-1,-1,-1,-1,System.Byte[],4,15,15,15,15,0,System.Byte[],0,0,0,0,0,0,System.Byte[]
106,10101,-1,-1,-1,-1,-1,System.Byte[],6,-1,-1,-1,-1,-1,System.Byte[],4,15,15,15,15,0,System.Byte[],0,0,0,0,0,0,System.Byte[]
107,10102,-1,-1,-1,-1,-1,System.Byte[],2,-1,-1,-1,-1,-1,System.Byte[],4,15,15,15,15,0,System.Byte[],0,0,0,0,0,0,System.Byte[]
108,10102,-1,-1,-1,-1,-1,System.Byte[],4,-1,-1,-1,-1,-1,System.Byte[],4,15,15,15,15,0,System.Byte[],0,0,0,0,0,0,System.Byte[]
109,10102,-1,-1,-1,-1,-1,System.Byte[],6,-1,-1,-1,-1,-1,System.Byte[],4,15,15,15,15,0,System.Byte[],0,0,0,0,0,0,System.Byte[]
110,10103,-1,-1,-1,-1,-1,System.Byte[],2,-1,-1,-1,-1,-1,System.Byte[],4,15,15,15,15,0,System.Byte[],0,0,0,0,0,0,System.Byte[]
111,10103,-1,-1,-1,-1,-1,System.Byte[],4,-1,-1,-1,-1,-1,System.Byte[],4,15,15,15,15,0,System.Byte[],0,0,0,0,0,0,System.Byte[]
112,10103,-1,-1,-1,-1,-1,System.Byte[],6,-1,-1,-1,-1,-1,System.Byte[],4,15,15,15,15,0,System.Byte[],0,0,0,0,0,0,System.Byte[]
113,10104,-1,-1,-1,-1,-1,System.Byte[],2,-1,-1,-1,-1,-1,System.Byte[],4,15,15,15,15,0,System.Byte[],0,0,0,0,0,0,System.Byte[]
114,10104,-1,-1,-1,-1,-1,System.Byte[],4,-1,-1,-1,-1,-1,System.Byte[],4,15,15,15,15,0,System.Byte[],0,0,0,0,0,0,System.Byte[]
115,10104,-1,-1,-1,-1,-1,System.Byte[],6,-1,-1,-1,-1,-1,System.Byte[],4,15,15,15,15,0,System.Byte[],0,0,0,0,0,0,System.Byte[]
116,10105,-1,-1,-1,-1,-1,System.Byte[],2,-1,-1,-1,-1,-1,System.Byte[],4,15,15,15,15,0,System.Byte[],0,0,0,0,0,0,System.Byte[]
117,10105,-1,-1,-1,-1,-1,System.Byte[],4,-1,-1,-1,-1,-1,System.Byte[],4,15,15,15,15,0,System.Byte[],0,0,0,0,0,0,System.Byte[]
118,10105,-1,-1,-1,-1,-1,System.Byte[],6,-1,-1,-1,-1,-1,System.Byte[],4,15,15,15,15,0,System.Byte[],0,0,0,0,0,0,System.Byte[]
119,10106,-1,-1,-1,-1,-1,System.Byte[],2,-1,-1,-1,-1,-1,System.Byte[],4,15,15,15,15,0,System.Byte[],0,0,0,0,0,0,System.Byte[]
120,10106,-1,-1,-1,-1,-1,System.Byte[],4,-1,-1,-1,-1,-1,System.Byte[],4,15,15,15,15,0,System.Byte[],0,0,0,0,0,0,System.Byte[]
121,10106,-1,-1,-1,-1,-1,System.Byte[],6,-1,-1,-1,-1,-1,System.Byte[],4,15,15,15,15,0,System.Byte[],0,0,0,0,0,0,System.Byte[]
122,10107,-1,-1,-1,-1,-1,System.Byte[],2,-1,-1,-1,-1,-1,System.Byte[],4,15,15,15,15,0,System.Byte[],0,0,0,0,0,0,System.Byte[]
123,10107,-1,-1,-1,-1,-1,System.Byte[],4,-1,-1,-1,-1,-1,System.Byte[],4,15,15,15,15,0,System.Byte[],0,0,0,0,0,0,System.Byte[]
124,10107,-1,-1,-1,-1,-1,System.Byte[],6,-1,-1,-1,-1,-1,System.Byte[],4,15,15,15,15,0,System.Byte[],0,0,0,0,0,0,System.Byte[]
125,10140,-1,-1,-1,-1,-1,System.Byte[],1,-1,-1,-1,-1,-1,System.Byte[],4,15,15,15,15,0,System.Byte[],0,0,0,0,0,0,System.Byte[]
200,1100,-1,-1,-1,-1,-1,System.Byte[],1,-1,-1,-1,-1,-1,System.Byte[],4,15,15,15,15,0,System.Byte[],0,0,0,0,0,0,System.Byte[]
201,10100,-1,-1,-1,-1,-1,System.Byte[],2,-1,-1,-1,-1,-1,System.Byte[],4,15,15,15,15,0,System.Byte[],0,0,0,0,0,0,System.Byte[]
202,10100,-1,-1,-1,-1,-1,System.Byte[],4,-1,-1,-1,-1,-1,System.Byte[],4,15,15,15,15,0,System.Byte[],0,0,0,0,0,0,System.Byte[]
203,10100,-1,-1,-1,-1,-1,System.Byte[],6,-1,-1,-1,-1,-1,System.Byte[],4,15,15,15,15,0,System.Byte[],0,0,0,0,0,0,System.Byte[]
204,10101,-1,-1,-1,-1,-1,System.Byte[],2,-1,-1,-1,-1,-1,System.Byte[],4,15,15,15,15,0,System.Byte[],0,0,0,0,0,0,System.Byte[]
205,10101,-1,-1,-1,-1,-1,System.Byte[],4,-1,-1,-1,-1,-1,System.Byte[],4,15,15,15,15,0,System.Byte[],0,0,0,0,0,0,System.Byte[]
206,10101,-1,-1,-1,-1,-1,System.Byte[],6,-1,-1,-1,-1,-1,System.Byte[],4,15,15,15,15,0,System.Byte[],0,0,0,0,0,0,System.Byte[]
207,10102,-1,-1,-1,-1,-1,System.Byte[],2,-1,-1,-1,-1,-1,System.Byte[],4,15,15,15,15,0,System.Byte[],0,0,0,0,0,0,System.Byte[]
208,10102,-1,-1,-1,-1,-1,System.Byte[],4,-1,-1,-1,-1,-1,System.Byte[],4,15,15,15,15,0,System.Byte[],0,0,0,0,0,0,System.Byte[]
209,10102,-1,-1,-1,-1,-1,System.Byte[],6,-1,-1,-1,-1,-1,System.Byte[],4,15,15,15,15,0,System.Byte[],0,0,0,0,0,0,System.Byte[]
210,10103,-1,-1,-1,-1,-1,System.Byte[],2,-1,-1,-1,-1,-1,System.Byte[],4,15,15,15,15,0,System.Byte[],0,0,0,0,0,0,System.Byte[]
211,10103,-1,-1,-1,-1,-1,System.Byte[],4,-1,-1,-1,-1,-1,System.Byte[],4,15,15,15,15,0,System.Byte[],0,0,0,0,0,0,System.Byte[]
212,10103,-1,-1,-1,-1,-1,System.Byte[],6,-1,-1,-1,-1,-1,System.Byte[],4,15,15,15,15,0,System.Byte[],0,0,0,0,0,0,System.Byte[]
213,10104,-1,-1,-1,-1,-1,System.Byte[],2,-1,-1,-1,-1,-1,System.Byte[],4,15,15,15,15,0,System.Byte[],0,0,0,0,0,0,System.Byte[]
214,10104,-1,-1,-1,-1,-1,System.Byte[],4,-1,-1,-1,-1,-1,System.Byte[],4,15,15,15,15,0,System.Byte[],0,0,0,0,0,0,System.Byte[]
215,10104,-1,-1,-1,-1,-1,System.Byte[],6,-1,-1,-1,-1,-1,System.Byte[],4,15,15,15,15,0,System.Byte[],0,0,0,0,0,0,System.Byte[]
216,10105,-1,-1,-1,-1,-1,System.Byte[],2,-1,-1,-1,-1,-1,System.Byte[],4,15,15,15,15,0,System.Byte[],0,0,0,0,0,0,System.Byte[]
217,10105,-1,-1,-1,-1,-1,System.Byte[],4,-1,-1,-1,-1,-1,System.Byte[],4,15,15,15,15,0,System.Byte[],0,0,0,0,0,0,System.Byte[]
218,10105,-1,-1,-1,-1,-1,System.Byte[],6,-1,-1,-1,-1,-1,System.Byte[],4,15,15,15,15,0,System.Byte[],0,0,0,0,0,0,System.Byte[]
219,10106,-1,-1,-1,-1,-1,System.Byte[],2,-1,-1,-1,-1,-1,System.Byte[],4,15,15,15,15,0,System.Byte[],0,0,0,0,0,0,System.Byte[]
220,10106,-1,-1,-1,-1,-1,System.Byte[],4,-1,-1,-1,-1,-1,System.Byte[],4,15,15,15,15,0,System.Byte[],0,0,0,0,0,0,System.Byte[]
221,10106,-1,-1,-1,-1,-1,System.Byte[],6,-1,-1,-1,-1,-1,System.Byte[],4,15,15,15,15,0,System.Byte[],0,0,0,0,0,0,System.Byte[]
222,10107,-1,-1,-1,-1,-1,System.Byte[],2,-1,-1,-1,-1,-1,System.Byte[],4,15,15,15,15,0,System.Byte[],0,0,0,0,0,0,System.Byte[]
223,10107,-1,-1,-1,-1,-1,System.Byte[],4,-1,-1,-1,-1,-1,System.Byte[],4,15,15,15,15,0,System.Byte[],0,0,0,0,0,0,System.Byte[]
224,10107,-1,-1,-1,-1,-1,System.Byte[],6,-1,-1,-1,-1,-1,System.Byte[],4,15,15,15,15,0,System.Byte[],0,0,0,0,0,0,System.Byte[]
225,10140,-1,-1,-1,-1,-1,System.Byte[],1,-1,-1,-1,-1,-1,System.Byte[],4,15,15,15,15,0,System.Byte[],0,0,0,0,0,0,System.Byte[]
300,1120,-1,-1,-1,-1,-1,System.Byte[],1,-1,-1,-1,-1,-1,System.Byte[],4,15,15,15,15,0,System.Byte[],0,0,0,0,0,0,System.Byte[]
301,10100,-1,-1,-1,-1,-1,System.Byte[],2,-1,-1,-1,-1,-1,System.Byte[],4,15,15,15,15,0,System.Byte[],0,0,0,0,0,0,System.Byte[]
302,10100,-1,-1,-1,-1,-1,System.Byte[],4,-1,-1,-1,-1,-1,System.Byte[],4,15,15,15,15,0,System.Byte[],0,0,0,0,0,0,System.Byte[]
303,10100,-1,-1,-1,-1,-1,System.Byte[],6,-1,-1,-1,-1,-1,System.Byte[],4,15,15,15,15,0,System.Byte[],0,0,0,0,0,0,System.Byte[]
304,10101,-1,-1,-1,-1,-1,System.Byte[],2,-1,-1,-1,-1,-1,System.Byte[],4,15,15,15,15,0,System.Byte[],0,0,0,0,0,0,System.Byte[]
305,10101,-1,-1,-1,-1,-1,System.Byte[],4,-1,-1,-1,-1,-1,System.Byte[],4,15,15,15,15,0,System.Byte[],0,0,0,0,0,0,System.Byte[]
306,10101,-1,-1,-1,-1,-1,System.Byte[],6,-1,-1,-1,-1,-1,System.Byte[],4,15,15,15,15,0,System.Byte[],0,0,0,0,0,0,System.Byte[]
307,10102,-1,-1,-1,-1,-1,System.Byte[],2,-1,-1,-1,-1,-1,System.Byte[],4,15,15,15,15,0,System.Byte[],0,0,0,0,0,0,System.Byte[]
308,10102,-1,-1,-1,-1,-1,System.Byte[],4,-1,-1,-1,-1,-1,System.Byte[],4,15,15,15,15,0,System.Byte[],0,0,0,0,0,0,System.Byte[]
309,10102,-1,-1,-1,-1,-1,System.Byte[],6,-1,-1,-1,-1,-1,System.Byte[],4,15,15,15,15,0,System.Byte[],0,0,0,0,0,0,System.Byte[]
310,10103,-1,-1,-1,-1,-1,System.Byte[],2,-1,-1,-1,-1,-1,System.Byte[],4,15,15,15,15,0,System.Byte[],0,0,0,0,0,0,System.Byte[]
311,10103,-1,-1,-1,-1,-1,System.Byte[],4,-1,-1,-1,-1,-1,System.Byte[],4,15,15,15,15,0,System.Byte[],0,0,0,0,0,0,System.Byte[]
312,10103,-1,-1,-1,-1,-1,System.Byte[],6,-1,-1,-1,-1,-1,System.Byte[],4,15,15,15,15,0,System.Byte[],0,0,0,0,0,0,System.Byte[]
313,10104,-1,-1,-1,-1,-1,System.Byte[],2,-1,-1,-1,-1,-1,System.Byte[],4,15,15,15,15,0,System.Byte[],0,0,0,0,0,0,System.Byte[]
314,10104,-1,-1,-1,-1,-1,System.Byte[],4,-1,-1,-1,-1,-1,System.Byte[],4,15,15,15,15,0,System.Byte[],0,0,0,0,0,0,System.Byte[]
315,10104,-1,-1,-1,-1,-1,System.Byte[],6,-1,-1,-1,-1,-1,System.Byte[],4,15,15,15,15,0,System.Byte[],0,0,0,0,0,0,System.Byte[]
316,10105,-1,-1,-1,-1,-1,System.Byte[],2,-1,-1,-1,-1,-1,System.Byte[],4,15,15,15,15,0,System.Byte[],0,0,0,0,0,0,System.Byte[]
317,10105,-1,-1,-1,-1,-1,System.Byte[],4,-1,-1,-1,-1,-1,System.Byte[],4,15,15,15,15,0,System.Byte[],0,0,0,0,0,0,System.Byte[]
318,10105,-1,-1,-1,-1,-1,System.Byte[],6,-1,-1,-1,-1,-1,System.Byte[],4,15,15,15,15,0,System.Byte[],0,0,0,0,0,0,System.Byte[]
319,10106,-1,-1,-1,-1,-1,System.Byte[],2,-1,-1,-1,-1,-1,System.Byte[],4,15,15,15,15,0,System.Byte[],0,0,0,0,0,0,System.Byte[]
320,10106,-1,-1,-1,-1,-1,System.Byte[],4,-1,-1,-1,-1,-1,System.Byte[],4,15,15,15,15,0,System.Byte[],0,0,0,0,0,0,System.Byte[]
321,10106,-1,-1,-1,-1,-1,System.Byte[],6,-1,-1,-1,-1,-1,System.Byte[],4,15,15,15,15,0,System.Byte[],0,0,0,0,0,0,System.Byte[]
322,10107,-1,-1,-1,-1,-1,System.Byte[],2,-1,-1,-1,-1,-1,System.Byte[],4,15,15,15,15,0,System.Byte[],0,0,0,0,0,0,System.Byte[]
323,10107,-1,-1,-1,-1,-1,System.Byte[],4,-1,-1,-1,-1,-1,System.Byte[],4,15,15,15,15,0,System.Byte[],0,0,0,0,0,0,System.Byte[]
324,10107,-1,-1,-1,-1,-1,System.Byte[],6,-1,-1,-1,-1,-1,System.Byte[],4,15,15,15,15,0,System.Byte[],0,0,0,0,0,0,System.Byte[]
325,10140,-1,-1,-1,-1,-1,System.Byte[],1,-1,-1,-1,-1,-1,System.Byte[],4,15,15,15,15,0,System.Byte[],0,0,0,0,0,0,System.Byte[]
400,1130,-1,-1,-1,-1,-1,System.Byte[],1,-1,-1,-1,-1,-1,System.Byte[],4,15,15,15,15,0,System.Byte[],0,0,0,0,0,0,System.Byte[]
401,10100,-1,-1,-1,-1,-1,System.Byte[],2,-1,-1,-1,-1,-1,System.Byte[],4,15,15,15,15,0,System.Byte[],0,0,0,0,0,0,System.Byte[]
402,10100,-1,-1,-1,-1,-1,System.Byte[],4,-1,-1,-1,-1,-1,System.Byte[],4,15,15,15,15,0,System.Byte[],0,0,0,0,0,0,System.Byte[]
403,10100,-1,-1,-1,-1,-1,System.Byte[],6,-1,-1,-1,-1,-1,System.Byte[],4,15,15,15,15,0,System.Byte[],0,0,0,0,0,0,System.Byte[]
404,10101,-1,-1,-1,-1,-1,System.Byte[],2,-1,-1,-1,-1,-1,System.Byte[],4,15,15,15,15,0,System.Byte[],0,0,0,0,0,0,System.Byte[]
405,10101,-1,-1,-1,-1,-1,System.Byte[],4,-1,-1,-1,-1,-1,System.Byte[],4,15,15,15,15,0,System.Byte[],0,0,0,0,0,0,System.Byte[]
406,10101,-1,-1,-1,-1,-1,System.Byte[],6,-1,-1,-1,-1,-1,System.Byte[],4,15,15,15,15,0,System.Byte[],0,0,0,0,0,0,System.Byte[]
407,10102,-1,-1,-1,-1,-1,System.Byte[],2,-1,-1,-1,-1,-1,System.Byte[],4,15,15,15,15,0,System.Byte[],0,0,0,0,0,0,System.Byte[]
408,10102,-1,-1,-1,-1,-1,System.Byte[],4,-1,-1,-1,-1,-1,System.Byte[],4,15,15,15,15,0,System.Byte[],0,0,0,0,0,0,System.Byte[]
409,10102,-1,-1,-1,-1,-1,System.Byte[],6,-1,-1,-1,-1,-1,System.Byte[],4,15,15,15,15,0,System.Byte[],0,0,0,0,0,0,System.Byte[]
410,10103,-1,-1,-1,-1,-1,System.Byte[],2,-1,-1,-1,-1,-1,System.Byte[],4,15,15,15,15,0,System.Byte[],0,0,0,0,0,0,System.Byte[]
411,10103,-1,-1,-1,-1,-1,System.Byte[],4,-1,-1,-1,-1,-1,System.Byte[],4,15,15,15,15,0,System.Byte[],0,0,0,0,0,0,System.Byte[]
412,10103,-1,-1,-1,-1,-1,System.Byte[],6,-1,-1,-1,-1,-1,System.Byte[],4,15,15,15,15,0,System.Byte[],0,0,0,0,0,0,System.Byte[]
413,10104,-1,-1,-1,-1,-1,System.Byte[],2,-1,-1,-1,-1,-1,System.Byte[],4,15,15,15,15,0,System.Byte[],0,0,0,0,0,0,System.Byte[]
414,10104,-1,-1,-1,-1,-1,System.Byte[],4,-1,-1,-1,-1,-1,System.Byte[],4,15,15,15,15,0,System.Byte[],0,0,0,0,0,0,System.Byte[]
415,10104,-1,-1,-1,-1,-1,System.Byte[],6,-1,-1,-1,-1,-1,System.Byte[],4,15,15,15,15,0,System.Byte[],0,0,0,0,0,0,System.Byte[]
416,10105,-1,-1,-1,-1,-1,System.Byte[],2,-1,-1,-1,-1,-1,System.Byte[],4,15,15,15,15,0,System.Byte[],0,0,0,0,0,0,System.Byte[]
417,10105,-1,-1,-1,-1,-1,System.Byte[],4,-1,-1,-1,-1,-1,System.Byte[],4,15,15,15,15,0,System.Byte[],0,0,0,0,0,0,System.Byte[]
418,10105,-1,-1,-1,-1,-1,System.Byte[],6,-1,-1,-1,-1,-1,System.Byte[],4,15,15,15,15,0,System.Byte[],0,0,0,0,0,0,System.Byte[]
419,10106,-1,-1,-1,-1,-1,System.Byte[],2,-1,-1,-1,-1,-1,System.Byte[],4,15,15,15,15,0,System.Byte[],0,0,0,0,0,0,System.Byte[]
420,10106,-1,-1,-1,-1,-1,System.Byte[],4,-1,-1,-1,-1,-1,System.Byte[],4,15,15,15,15,0,System.Byte[],0,0,0,0,0,0,System.Byte[]
421,10106,-1,-1,-1,-1,-1,System.Byte[],6,-1,-1,-1,-1,-1,System.Byte[],4,15,15,15,15,0,System.Byte[],0,0,0,0,0,0,System.Byte[]
422,10107,-1,-1,-1,-1,-1,System.Byte[],2,-1,-1,-1,-1,-1,System.Byte[],4,15,15,15,15,0,System.Byte[],0,0,0,0,0,0,System.Byte[]
423,10107,-1,-1,-1,-1,-1,System.Byte[],4,-1,-1,-1,-1,-1,System.Byte[],4,15,15,15,15,0,System.Byte[],0,0,0,0,0,0,System.Byte[]
424,10107,-1,-1,-1,-1,-1,System.Byte[],6,-1,-1,-1,-1,-1,System.Byte[],4,15,15,15,15,0,System.Byte[],0,0,0,0,0,0,System.Byte[]
425,10140,-1,-1,-1,-1,-1,System.Byte[],1,-1,-1,-1,-1,-1,System.Byte[],4,15,15,15,15,0,System.Byte[],0,0,0,0,0,0,System.Byte[]
500,1140,-1,-1,-1,-1,-1,System.Byte[],1,-1,-1,-1,-1,-1,System.Byte[],4,15,15,15,15,0,System.Byte[],0,0,0,0,0,0,System.Byte[]
501,10100,-1,-1,-1,-1,-1,System.Byte[],2,-1,-1,-1,-1,-1,System.Byte[],4,15,15,15,15,0,System.Byte[],0,0,0,0,0,0,System.Byte[]
502,10100,-1,-1,-1,-1,-1,System.Byte[],4,-1,-1,-1,-1,-1,System.Byte[],4,15,15,15,15,0,System.Byte[],0,0,0,0,0,0,System.Byte[]
503,10100,-1,-1,-1,-1,-1,System.Byte[],6,-1,-1,-1,-1,-1,System.Byte[],4,15,15,15,15,0,System.Byte[],0,0,0,0,0,0,System.Byte[]
504,10101,-1,-1,-1,-1,-1,System.Byte[],2,-1,-1,-1,-1,-1,System.Byte[],4,15,15,15,15,0,System.Byte[],0,0,0,0,0,0,System.Byte[]
505,10101,-1,-1,-1,-1,-1,System.Byte[],4,-1,-1,-1,-1,-1,System.Byte[],4,15,15,15,15,0,System.Byte[],0,0,0,0,0,0,System.Byte[]
506,10101,-1,-1,-1,-1,-1,System.Byte[],6,-1,-1,-1,-1,-1,System.Byte[],4,15,15,15,15,0,System.Byte[],0,0,0,0,0,0,System.Byte[]
507,10102,-1,-1,-1,-1,-1,System.Byte[],2,-1,-1,-1,-1,-1,System.Byte[],4,15,15,15,15,0,System.Byte[],0,0,0,0,0,0,System.Byte[]
508,10102,-1,-1,-1,-1,-1,System.Byte[],4,-1,-1,-1,-1,-1,System.Byte[],4,15,15,15,15,0,System.Byte[],0,0,0,0,0,0,System.Byte[]
509,10102,-1,-1,-1,-1,-1,System.Byte[],6,-1,-1,-1,-1,-1,System.Byte[],4,15,15,15,15,0,System.Byte[],0,0,0,0,0,0,System.Byte[]
510,10103,-1,-1,-1,-1,-1,System.Byte[],2,-1,-1,-1,-1,-1,System.Byte[],4,15,15,15,15,0,System.Byte[],0,0,0,0,0,0,System.Byte[]
511,10103,-1,-1,-1,-1,-1,System.Byte[],4,-1,-1,-1,-1,-1,System.Byte[],4,15,15,15,15,0,System.Byte[],0,0,0,0,0,0,System.Byte[]
512,10103,-1,-1,-1,-1,-1,System.Byte[],6,-1,-1,-1,-1,-1,System.Byte[],4,15,15,15,15,0,System.Byte[],0,0,0,0,0,0,System.Byte[]
513,10104,-1,-1,-1,-1,-1,System.Byte[],2,-1,-1,-1,-1,-1,System.Byte[],4,15,15,15,15,0,System.Byte[],0,0,0,0,0,0,System.Byte[]
514,10104,-1,-1,-1,-1,-1,System.Byte[],4,-1,-1,-1,-1,-1,System.Byte[],4,15,15,15,15,0,System.Byte[],0,0,0,0,0,0,System.Byte[]
515,10104,-1,-1,-1,-1,-1,System.Byte[],6,-1,-1,-1,-1,-1,System.Byte[],4,15,15,15,15,0,System.Byte[],0,0,0,0,0,0,System.Byte[]
516,10105,-1,-1,-1,-1,-1,System.Byte[],2,-1,-1,-1,-1,-1,System.Byte[],4,15,15,15,15,0,System.Byte[],0,0,0,0,0,0,System.Byte[]
517,10105,-1,-1,-1,-1,-1,System.Byte[],4,-1,-1,-1,-1,-1,System.Byte[],4,15,15,15,15,0,System.Byte[],0,0,0,0,0,0,System.Byte[]
518,10105,-1,-1,-1,-1,-1,System.Byte[],6,-1,-1,-1,-1,-1,System.Byte[],4,15,15,15,15,0,System.Byte[],0,0,0,0,0,0,System.Byte[]
519,10106,-1,-1,-1,-1,-1,System.Byte[],2,-1,-1,-1,-1,-1,System.Byte[],4,15,15,15,15,0,System.Byte[],0,0,0,0,0,0,System.Byte[]
520,10106,-1,-1,-1,-1,-1,System.Byte[],4,-1,-1,-1,-1,-1,System.Byte[],4,15,15,15,15,0,System.Byte[],0,0,0,0,0,0,System.Byte[]
521,10106,-1,-1,-1,-1,-1,System.Byte[],6,-1,-1,-1,-1,-1,System.Byte[],4,15,15,15,15,0,System.Byte[],0,0,0,0,0,0,System.Byte[]
522,10107,-1,-1,-1,-1,-1,System.Byte[],2,-1,-1,-1,-1,-1,System.Byte[],4,15,15,15,15,0,System.Byte[],0,0,0,0,0,0,System.Byte[]
523,10107,-1,-1,-1,-1,-1,System.Byte[],4,-1,-1,-1,-1,-1,System.Byte[],4,15,15,15,15,0,System.Byte[],0,0,0,0,0,0,System.Byte[]
524,10107,-1,-1,-1,-1,-1,System.Byte[],6,-1,-1,-1,-1,-1,System.Byte[],4,15,15,15,15,0,System.Byte[],0,0,0,0,0,0,System.Byte[]
525,10140,-1,-1,-1,-1,-1,System.Byte[],1,-1,-1,-1,-1,-1,System.Byte[],4,15,15,15,15,0,System.Byte[],0,0,0,0,0,0,System.Byte[]
600,1150,-1,-1,-1,-1,-1,System.Byte[],1,-1,-1,-1,-1,-1,System.Byte[],4,15,15,15,15,0,System.Byte[],0,0,0,0,0,0,System.Byte[]
601,10100,-1,-1,-1,-1,-1,System.Byte[],2,-1,-1,-1,-1,-1,System.Byte[],4,15,15,15,15,0,System.Byte[],0,0,0,0,0,0,System.Byte[]
602,10100,-1,-1,-1,-1,-1,System.Byte[],4,-1,-1,-1,-1,-1,System.Byte[],4,15,15,15,15,0,System.Byte[],0,0,0,0,0,0,System.Byte[]
603,10100,-1,-1,-1,-1,-1,System.Byte[],6,-1,-1,-1,-1,-1,System.Byte[],4,15,15,15,15,0,System.Byte[],0,0,0,0,0,0,System.Byte[]
604,10101,-1,-1,-1,-1,-1,System.Byte[],2,-1,-1,-1,-1,-1,System.Byte[],4,15,15,15,15,0,System.Byte[],0,0,0,0,0,0,System.Byte[]
605,10101,-1,-1,-1,-1,-1,System.Byte[],4,-1,-1,-1,-1,-1,System.Byte[],4,15,15,15,15,0,System.Byte[],0,0,0,0,0,0,System.Byte[]
606,10101,-1,-1,-1,-1,-1,System.Byte[],6,-1,-1,-1,-1,-1,System.Byte[],4,15,15,15,15,0,System.Byte[],0,0,0,0,0,0,System.Byte[]
607,10102,-1,-1,-1,-1,-1,System.Byte[],2,-1,-1,-1,-1,-1,System.Byte[],4,15,15,15,15,0,System.Byte[],0,0,0,0,0,0,System.Byte[]
608,10102,-1,-1,-1,-1,-1,System.Byte[],4,-1,-1,-1,-1,-1,System.Byte[],4,15,15,15,15,0,System.Byte[],0,0,0,0,0,0,System.Byte[]
609,10102,-1,-1,-1,-1,-1,System.Byte[],6,-1,-1,-1,-1,-1,System.Byte[],4,15,15,15,15,0,System.Byte[],0,0,0,0,0,0,System.Byte[]
610,10103,-1,-1,-1,-1,-1,System.Byte[],2,-1,-1,-1,-1,-1,System.Byte[],4,15,15,15,15,0,System.Byte[],0,0,0,0,0,0,System.Byte[]
611,10103,-1,-1,-1,-1,-1,System.Byte[],4,-1,-1,-1,-1,-1,System.Byte[],4,15,15,15,15,0,System.Byte[],0,0,0,0,0,0,System.Byte[]
612,10103,-1,-1,-1,-1,-1,System.Byte[],6,-1,-1,-1,-1,-1,System.Byte[],4,15,15,15,15,0,System.Byte[],0,0,0,0,0,0,System.Byte[]
613,10104,-1,-1,-1,-1,-1,System.Byte[],2,-1,-1,-1,-1,-1,System.Byte[],4,15,15,15,15,0,System.Byte[],0,0,0,0,0,0,System.Byte[]
614,10104,-1,-1,-1,-1,-1,System.Byte[],4,-1,-1,-1,-1,-1,System.Byte[],4,15,15,15,15,0,System.Byte[],0,0,0,0,0,0,System.Byte[]
615,10104,-1,-1,-1,-1,-1,System.Byte[],6,-1,-1,-1,-1,-1,System.Byte[],4,15,15,15,15,0,System.Byte[],0,0,0,0,0,0,System.Byte[]
616,10105,-1,-1,-1,-1,-1,System.Byte[],2,-1,-1,-1,-1,-1,System.Byte[],4,15,15,15,15,0,System.Byte[],0,0,0,0,0,0,System.Byte[]
617,10105,-1,-1,-1,-1,-1,System.Byte[],4,-1,-1,-1,-1,-1,System.Byte[],4,15,15,15,15,0,System.Byte[],0,0,0,0,0,0,System.Byte[]
618,10105,-1,-1,-1,-1,-1,System.Byte[],6,-1,-1,-1,-1,-1,System.Byte[],4,15,15,15,15,0,System.Byte[],0,0,0,0,0,0,System.Byte[]
619,10106,-1,-1,-1,-1,-1,System.Byte[],2,-1,-1,-1,-1,-1,System.Byte[],4,15,15,15,15,0,System.Byte[],0,0,0,0,0,0,System.Byte[]
620,10106,-1,-1,-1,-1,-1,System.Byte[],4,-1,-1,-1,-1,-1,System.Byte[],4,15,15,15,15,0,System.Byte[],0,0,0,0,0,0,System.Byte[]
621,10106,-1,-1,-1,-1,-1,System.Byte[],6,-1,-1,-1,-1,-1,System.Byte[],4,15,15,15,15,0,System.Byte[],0,0,0,0,0,0,System.Byte[]
622,10107,-1,-1,-1,-1,-1,System.Byte[],2,-1,-1,-1,-1,-1,System.Byte[],4,15,15,15,15,0,System.Byte[],0,0,0,0,0,0,System.Byte[]
623,10107,-1,-1,-1,-1,-1,System.Byte[],4,-1,-1,-1,-1,-1,System.Byte[],4,15,15,15,15,0,System.Byte[],0,0,0,0,0,0,System.Byte[]
624,10107,-1,-1,-1,-1,-1,System.Byte[],6,-1,-1,-1,-1,-1,System.Byte[],4,15,15,15,15,0,System.Byte[],0,0,0,0,0,0,System.Byte[]
625,10140,-1,-1,-1,-1,-1,System.Byte[],1,-1,-1,-1,-1,-1,System.Byte[],4,15,15,15,15,0,System.Byte[],0,0,0,0,0,0,System.Byte[]
700,1160,-1,-1,-1,-1,-1,System.Byte[],1,-1,-1,-1,-1,-1,System.Byte[],4,15,15,15,15,0,System.Byte[],0,0,0,0,0,0,System.Byte[]
701,10100,-1,-1,-1,-1,-1,System.Byte[],2,-1,-1,-1,-1,-1,System.Byte[],4,15,15,15,15,0,System.Byte[],0,0,0,0,0,0,System.Byte[]
702,10100,-1,-1,-1,-1,-1,System.Byte[],4,-1,-1,-1,-1,-1,System.Byte[],4,15,15,15,15,0,System.Byte[],0,0,0,0,0,0,System.Byte[]
703,10100,-1,-1,-1,-1,-1,System.Byte[],6,-1,-1,-1,-1,-1,System.Byte[],4,15,15,15,15,0,System.Byte[],0,0,0,0,0,0,System.Byte[]
704,10101,-1,-1,-1,-1,-1,System.Byte[],2,-1,-1,-1,-1,-1,System.Byte[],4,15,15,15,15,0,System.Byte[],0,0,0,0,0,0,System.Byte[]
705,10101,-1,-1,-1,-1,-1,System.Byte[],4,-1,-1,-1,-1,-1,System.Byte[],4,15,15,15,15,0,System.Byte[],0,0,0,0,0,0,System.Byte[]
706,10101,-1,-1,-1,-1,-1,System.Byte[],6,-1,-1,-1,-1,-1,System.Byte[],4,15,15,15,15,0,System.Byte[],0,0,0,0,0,0,System.Byte[]
707,10102,-1,-1,-1,-1,-1,System.Byte[],2,-1,-1,-1,-1,-1,System.Byte[],4,15,15,15,15,0,System.Byte[],0,0,0,0,0,0,System.Byte[]
708,10102,-1,-1,-1,-1,-1,System.Byte[],4,-1,-1,-1,-1,-1,System.Byte[],4,15,15,15,15,0,System.Byte[],0,0,0,0,0,0,System.Byte[]
709,10102,-1,-1,-1,-1,-1,System.Byte[],6,-1,-1,-1,-1,-1,System.Byte[],4,15,15,15,15,0,System.Byte[],0,0,0,0,0,0,System.Byte[]
710,10103,-1,-1,-1,-1,-1,System.Byte[],2,-1,-1,-1,-1,-1,System.Byte[],4,15,15,15,15,0,System.Byte[],0,0,0,0,0,0,System.Byte[]
711,10103,-1,-1,-1,-1,-1,System.Byte[],4,-1,-1,-1,-1,-1,System.Byte[],4,15,15,15,15,0,System.Byte[],0,0,0,0,0,0,System.Byte[]
712,10103,-1,-1,-1,-1,-1,System.Byte[],6,-1,-1,-1,-1,-1,System.Byte[],4,15,15,15,15,0,System.Byte[],0,0,0,0,0,0,System.Byte[]
713,10104,-1,-1,-1,-1,-1,System.Byte[],2,-1,-1,-1,-1,-1,System.Byte[],4,15,15,15,15,0,System.Byte[],0,0,0,0,0,0,System.Byte[]
714,10104,-1,-1,-1,-1,-1,System.Byte[],4,-1,-1,-1,-1,-1,System.Byte[],4,15,15,15,15,0,System.Byte[],0,0,0,0,0,0,System.Byte[]
715,10104,-1,-1,-1,-1,-1,System.Byte[],6,-1,-1,-1,-1,-1,System.Byte[],4,15,15,15,15,0,System.Byte[],0,0,0,0,0,0,System.Byte[]
716,10105,-1,-1,-1,-1,-1,System.Byte[],2,-1,-1,-1,-1,-1,System.Byte[],4,15,15,15,15,0,System.Byte[],0,0,0,0,0,0,System.Byte[]
717,10105,-1,-1,-1,-1,-1,System.Byte[],4,-1,-1,-1,-1,-1,System.Byte[],4,15,15,15,15,0,System.Byte[],0,0,0,0,0,0,System.Byte[]
718,10105,-1,-1,-1,-1,-1,System.Byte[],6,-1,-1,-1,-1,-1,System.Byte[],4,15,15,15,15,0,System.Byte[],0,0,0,0,0,0,System.Byte[]
719,10106,-1,-1,-1,-1,-1,System.Byte[],2,-1,-1,-1,-1,-1,System.Byte[],4,15,15,15,15,0,System.Byte[],0,0,0,0,0,0,System.Byte[]
720,10106,-1,-1,-1,-1,-1,System.Byte[],4,-1,-1,-1,-1,-1,System.Byte[],4,15,15,15,15,0,System.Byte[],0,0,0,0,0,0,System.Byte[]
721,10106,-1,-1,-1,-1,-1,System.Byte[],6,-1,-1,-1,-1,-1,System.Byte[],4,15,15,15,15,0,System.Byte[],0,0,0,0,0,0,System.Byte[]
722,10107,-1,-1,-1,-1,-1,System.Byte[],2,-1,-1,-1,-1,-1,System.Byte[],4,15,15,15,15,0,System.Byte[],0,0,0,0,0,0,System.Byte[]
723,10107,-1,-1,-1,-1,-1,System.Byte[],4,-1,-1,-1,-1,-1,System.Byte[],4,15,15,15,15,0,System.Byte[],0,0,0,0,0,0,System.Byte[]
724,10107,-1,-1,-1,-1,-1,System.Byte[],6,-1,-1,-1,-1,-1,System.Byte[],4,15,15,15,15,0,System.Byte[],0,0,0,0,0,0,System.Byte[]
725,10140,-1,-1,-1,-1,-1,System.Byte[],1,-1,-1,-1,-1,-1,System.Byte[],4,15,15,15,15,0,System.Byte[],0,0,0,0,0,0,System.Byte[]
800,1170,-1,-1,-1,-1,-1,System.Byte[],1,-1,-1,-1,-1,-1,System.Byte[],4,15,15,15,15,0,System.Byte[],0,0,0,0,0,0,System.Byte[]
801,10100,-1,-1,-1,-1,-1,System.Byte[],2,-1,-1,-1,-1,-1,System.Byte[],4,15,15,15,15,0,System.Byte[],0,0,0,0,0,0,System.Byte[]
802,10100,-1,-1,-1,-1,-1,System.Byte[],4,-1,-1,-1,-1,-1,System.Byte[],4,15,15,15,15,0,System.Byte[],0,0,0,0,0,0,System.Byte[]
803,10100,-1,-1,-1,-1,-1,System.Byte[],6,-1,-1,-1,-1,-1,System.Byte[],4,15,15,15,15,0,System.Byte[],0,0,0,0,0,0,System.Byte[]
804,10101,-1,-1,-1,-1,-1,System.Byte[],2,-1,-1,-1,-1,-1,System.Byte[],4,15,15,15,15,0,System.Byte[],0,0,0,0,0,0,System.Byte[]
805,10101,-1,-1,-1,-1,-1,System.Byte[],4,-1,-1,-1,-1,-1,System.Byte[],4,15,15,15,15,0,System.Byte[],0,0,0,0,0,0,System.Byte[]
806,10101,-1,-1,-1,-1,-1,System.Byte[],6,-1,-1,-1,-1,-1,System.Byte[],4,15,15,15,15,0,System.Byte[],0,0,0,0,0,0,System.Byte[]
807,10102,-1,-1,-1,-1,-1,System.Byte[],2,-1,-1,-1,-1,-1,System.Byte[],4,15,15,15,15,0,System.Byte[],0,0,0,0,0,0,System.Byte[]
808,10102,-1,-1,-1,-1,-1,System.Byte[],4,-1,-1,-1,-1,-1,System.Byte[],4,15,15,15,15,0,System.Byte[],0,0,0,0,0,0,System.Byte[]
809,10102,-1,-1,-1,-1,-1,System.Byte[],6,-1,-1,-1,-1,-1,System.Byte[],4,15,15,15,15,0,System.Byte[],0,0,0,0,0,0,System.Byte[]
810,10103,-1,-1,-1,-1,-1,System.Byte[],2,-1,-1,-1,-1,-1,System.Byte[],4,15,15,15,15,0,System.Byte[],0,0,0,0,0,0,System.Byte[]
811,10103,-1,-1,-1,-1,-1,System.Byte[],4,-1,-1,-1,-1,-1,System.Byte[],4,15,15,15,15,0,System.Byte[],0,0,0,0,0,0,System.Byte[]
812,10103,-1,-1,-1,-1,-1,System.Byte[],6,-1,-1,-1,-1,-1,System.Byte[],4,15,15,15,15,0,System.Byte[],0,0,0,0,0,0,System.Byte[]
813,10104,-1,-1,-1,-1,-1,System.Byte[],2,-1,-1,-1,-1,-1,System.Byte[],4,15,15,15,15,0,System.Byte[],0,0,0,0,0,0,System.Byte[]
814,10104,-1,-1,-1,-1,-1,System.Byte[],4,-1,-1,-1,-1,-1,System.Byte[],4,15,15,15,15,0,System.Byte[],0,0,0,0,0,0,System.Byte[]
815,10104,-1,-1,-1,-1,-1,System.Byte[],6,-1,-1,-1,-1,-1,System.Byte[],4,15,15,15,15,0,System.Byte[],0,0,0,0,0,0,System.Byte[]
816,10105,-1,-1,-1,-1,-1,System.Byte[],2,-1,-1,-1,-1,-1,System.Byte[],4,15,15,15,15,0,System.Byte[],0,0,0,0,0,0,System.Byte[]
817,10105,-1,-1,-1,-1,-1,System.Byte[],4,-1,-1,-1,-1,-1,System.Byte[],4,15,15,15,15,0,System.Byte[],0,0,0,0,0,0,System.Byte[]
818,10105,-1,-1,-1,-1,-1,System.Byte[],6,-1,-1,-1,-1,-1,System.Byte[],4,15,15,15,15,0,System.Byte[],0,0,0,0,0,0,System.Byte[]
819,10106,-1,-1,-1,-1,-1,System.Byte[],2,-1,-1,-1,-1,-1,System.Byte[],4,15,15,15,15,0,System.Byte[],0,0,0,0,0,0,System.Byte[]
820,10106,-1,-1,-1,-1,-1,System.Byte[],4,-1,-1,-1,-1,-1,System.Byte[],4,15,15,15,15,0,System.Byte[],0,0,0,0,0,0,System.Byte[]
821,10106,-1,-1,-1,-1,-1,System.Byte[],6,-1,-1,-1,-1,-1,System.Byte[],4,15,15,15,15,0,System.Byte[],0,0,0,0,0,0,System.Byte[]
822,10107,-1,-1,-1,-1,-1,System.Byte[],2,-1,-1,-1,-1,-1,System.Byte[],4,15,15,15,15,0,System.Byte[],0,0,0,0,0,0,System.Byte[]
823,10107,-1,-1,-1,-1,-1,System.Byte[],4,-1,-1,-1,-1,-1,System.Byte[],4,15,15,15,15,0,System.Byte[],0,0,0,0,0,0,System.Byte[]
824,10107,-1,-1,-1,-1,-1,System.Byte[],6,-1,-1,-1,-1,-1,System.Byte[],4,15,15,15,15,0,System.Byte[],0,0,0,0,0,0,System.Byte[]
825,10140,-1,-1,-1,-1,-1,System.Byte[],1,-1,-1,-1,-1,-1,System.Byte[],4,15,15,15,15,0,System.Byte[],0,0,0,0,0,0,System.Byte[]
900,1180,-1,-1,-1,-1,-1,System.Byte[],1,-1,-1,-1,-1,-1,System.Byte[],4,15,15,15,15,0,System.Byte[],0,0,0,0,0,0,System.Byte[]
901,10100,-1,-1,-1,-1,-1,System.Byte[],2,-1,-1,-1,-1,-1,System.Byte[],4,15,15,15,15,0,System.Byte[],0,0,0,0,0,0,System.Byte[]
902,10100,-1,-1,-1,-1,-1,System.Byte[],4,-1,-1,-1,-1,-1,System.Byte[],4,15,15,15,15,0,System.Byte[],0,0,0,0,0,0,System.Byte[]
903,10100,-1,-1,-1,-1,-1,System.Byte[],6,-1,-1,-1,-1,-1,System.Byte[],4,15,15,15,15,0,System.Byte[],0,0,0,0,0,0,System.Byte[]
904,10101,-1,-1,-1,-1,-1,System.Byte[],2,-1,-1,-1,-1,-1,System.Byte[],4,15,15,15,15,0,System.Byte[],0,0,0,0,0,0,System.Byte[]
905,10101,-1,-1,-1,-1,-1,System.Byte[],4,-1,-1,-1,-1,-1,System.Byte[],4,15,15,15,15,0,System.Byte[],0,0,0,0,0,0,System.Byte[]
906,10101,-1,-1,-1,-1,-1,System.Byte[],6,-1,-1,-1,-1,-1,System.Byte[],4,15,15,15,15,0,System.Byte[],0,0,0,0,0,0,System.Byte[]
907,10102,-1,-1,-1,-1,-1,System.Byte[],2,-1,-1,-1,-1,-1,System.Byte[],4,15,15,15,15,0,System.Byte[],0,0,0,0,0,0,System.Byte[]
908,10102,-1,-1,-1,-1,-1,System.Byte[],4,-1,-1,-1,-1,-1,System.Byte[],4,15,15,15,15,0,System.Byte[],0,0,0,0,0,0,System.Byte[]
909,10102,-1,-1,-1,-1,-1,System.Byte[],6,-1,-1,-1,-1,-1,System.Byte[],4,15,15,15,15,0,System.Byte[],0,0,0,0,0,0,System.Byte[]
910,10103,-1,-1,-1,-1,-1,System.Byte[],2,-1,-1,-1,-1,-1,System.Byte[],4,15,15,15,15,0,System.Byte[],0,0,0,0,0,0,System.Byte[]
911,10103,-1,-1,-1,-1,-1,System.Byte[],4,-1,-1,-1,-1,-1,System.Byte[],4,15,15,15,15,0,System.Byte[],0,0,0,0,0,0,System.Byte[]
912,10103,-1,-1,-1,-1,-1,System.Byte[],6,-1,-1,-1,-1,-1,System.Byte[],4,15,15,15,15,0,System.Byte[],0,0,0,0,0,0,System.Byte[]
913,10104,-1,-1,-1,-1,-1,System.Byte[],2,-1,-1,-1,-1,-1,System.Byte[],4,15,15,15,15,0,System.Byte[],0,0,0,0,0,0,System.Byte[]
914,10104,-1,-1,-1,-1,-1,System.Byte[],4,-1,-1,-1,-1,-1,System.Byte[],4,15,15,15,15,0,System.Byte[],0,0,0,0,0,0,System.Byte[]
915,10104,-1,-1,-1,-1,-1,System.Byte[],6,-1,-1,-1,-1,-1,System.Byte[],4,15,15,15,15,0,System.Byte[],0,0,0,0,0,0,System.Byte[]
916,10105,-1,-1,-1,-1,-1,System.Byte[],2,-1,-1,-1,-1,-1,System.Byte[],4,15,15,15,15,0,System.Byte[],0,0,0,0,0,0,System.Byte[]
917,10105,-1,-1,-1,-1,-1,System.Byte[],4,-1,-1,-1,-1,-1,System.Byte[],4,15,15,15,15,0,System.Byte[],0,0,0,0,0,0,System.Byte[]
918,10105,-1,-1,-1,-1,-1,System.Byte[],6,-1,-1,-1,-1,-1,System.Byte[],4,15,15,15,15,0,System.Byte[],0,0,0,0,0,0,System.Byte[]
919,10106,-1,-1,-1,-1,-1,System.Byte[],2,-1,-1,-1,-1,-1,System.Byte[],4,15,15,15,15,0,System.Byte[],0,0,0,0,0,0,System.Byte[]
920,10106,-1,-1,-1,-1,-1,System.Byte[],4,-1,-1,-1,-1,-1,System.Byte[],4,15,15,15,15,0,System.Byte[],0,0,0,0,0,0,System.Byte[]
921,10106,-1,-1,-1,-1,-1,System.Byte[],6,-1,-1,-1,-1,-1,System.Byte[],4,15,15,15,15,0,System.Byte[],0,0,0,0,0,0,System.Byte[]
922,10107,-1,-1,-1,-1,-1,System.Byte[],2,-1,-1,-1,-1,-1,System.Byte[],4,15,15,15,15,0,System.Byte[],0,0,0,0,0,0,System.Byte[]
923,10107,-1,-1,-1,-1,-1,System.Byte[],4,-1,-1,-1,-1,-1,System.Byte[],4,15,15,15,15,0,System.Byte[],0,0,0,0,0,0,System.Byte[]
924,10107,-1,-1,-1,-1,-1,System.Byte[],6,-1,-1,-1,-1,-1,System.Byte[],4,15,15,15,15,0,System.Byte[],0,0,0,0,0,0,System.Byte[]
925,10140,-1,-1,-1,-1,-1,System.Byte[],1,-1,-1,-1,-1,-1,System.Byte[],4,15,15,15,15,0,System.Byte[],0,0,0,0,0,0,System.Byte[]
1000,1190,-1,-1,-1,-1,-1,System.Byte[],1,-1,-1,-1,-1,-1,System.Byte[],4,15,15,15,15,0,System.Byte[],0,0,0,0,0,0,System.Byte[]
1001,10100,-1,-1,-1,-1,-1,System.Byte[],2,-1,-1,-1,-1,-1,System.Byte[],4,15,15,15,15,0,System.Byte[],0,0,0,0,0,0,System.Byte[]
1002,10100,-1,-1,-1,-1,-1,System.Byte[],4,-1,-1,-1,-1,-1,System.Byte[],4,15,15,15,15,0,System.Byte[],0,0,0,0,0,0,System.Byte[]
1003,10100,-1,-1,-1,-1,-1,System.Byte[],6,-1,-1,-1,-1,-1,System.Byte[],4,15,15,15,15,0,System.Byte[],0,0,0,0,0,0,System.Byte[]
1004,10101,-1,-1,-1,-1,-1,System.Byte[],2,-1,-1,-1,-1,-1,System.Byte[],4,15,15,15,15,0,System.Byte[],0,0,0,0,0,0,System.Byte[]
1005,10101,-1,-1,-1,-1,-1,System.Byte[],4,-1,-1,-1,-1,-1,System.Byte[],4,15,15,15,15,0,System.Byte[],0,0,0,0,0,0,System.Byte[]
1006,10101,-1,-1,-1,-1,-1,System.Byte[],6,-1,-1,-1,-1,-1,System.Byte[],4,15,15,15,15,0,System.Byte[],0,0,0,0,0,0,System.Byte[]
1007,10102,-1,-1,-1,-1,-1,System.Byte[],2,-1,-1,-1,-1,-1,System.Byte[],4,15,15,15,15,0,System.Byte[],0,0,0,0,0,0,System.Byte[]
1008,10102,-1,-1,-1,-1,-1,System.Byte[],4,-1,-1,-1,-1,-1,System.Byte[],4,15,15,15,15,0,System.Byte[],0,0,0,0,0,0,System.Byte[]
1009,10102,-1,-1,-1,-1,-1,System.Byte[],6,-1,-1,-1,-1,-1,System.Byte[],4,15,15,15,15,0,System.Byte[],0,0,0,0,0,0,System.Byte[]
1010,10103,-1,-1,-1,-1,-1,System.Byte[],2,-1,-1,-1,-1,-1,System.Byte[],4,15,15,15,15,0,System.Byte[],0,0,0,0,0,0,System.Byte[]
1011,10103,-1,-1,-1,-1,-1,System.Byte[],4,-1,-1,-1,-1,-1,System.Byte[],4,15,15,15,15,0,System.Byte[],0,0,0,0,0,0,System.Byte[]
1012,10103,-1,-1,-1,-1,-1,System.Byte[],6,-1,-1,-1,-1,-1,System.Byte[],4,15,15,15,15,0,System.Byte[],0,0,0,0,0,0,System.Byte[]
1013,10104,-1,-1,-1,-1,-1,System.Byte[],2,-1,-1,-1,-1,-1,System.Byte[],4,15,15,15,15,0,System.Byte[],0,0,0,0,0,0,System.Byte[]
1014,10104,-1,-1,-1,-1,-1,System.Byte[],4,-1,-1,-1,-1,-1,System.Byte[],4,15,15,15,15,0,System.Byte[],0,0,0,0,0,0,System.Byte[]
1015,10104,-1,-1,-1,-1,-1,System.Byte[],6,-1,-1,-1,-1,-1,System.Byte[],4,15,15,15,15,0,System.Byte[],0,0,0,0,0,0,System.Byte[]
1016,10105,-1,-1,-1,-1,-1,System.Byte[],2,-1,-1,-1,-1,-1,System.Byte[],4,15,15,15,15,0,System.Byte[],0,0,0,0,0,0,System.Byte[]
1017,10105,-1,-1,-1,-1,-1,System.Byte[],4,-1,-1,-1,-1,-1,System.Byte[],4,15,15,15,15,0,System.Byte[],0,0,0,0,0,0,System.Byte[]
1018,10105,-1,-1,-1,-1,-1,System.Byte[],6,-1,-1,-1,-1,-1,System.Byte[],4,15,15,15,15,0,System.Byte[],0,0,0,0,0,0,System.Byte[]
1019,10106,-1,-1,-1,-1,-1,System.Byte[],2,-1,-1,-1,-1,-1,System.Byte[],4,15,15,15,15,0,System.Byte[],0,0,0,0,0,0,System.Byte[]
1020,10106,-1,-1,-1,-1,-1,System.Byte[],4,-1,-1,-1,-1,-1,System.Byte[],4,15,15,15,15,0,System.Byte[],0,0,0,0,0,0,System.Byte[]
1021,10106,-1,-1,-1,-1,-1,System.Byte[],6,-1,-1,-1,-1,-1,System.Byte[],4,15,15,15,15,0,System.Byte[],0,0,0,0,0,0,System.Byte[]
1022,10107,-1,-1,-1,-1,-1,System.Byte[],2,-1,-1,-1,-1,-1,System.Byte[],4,15,15,15,15,0,System.Byte[],0,0,0,0,0,0,System.Byte[]
1023,10107,-1,-1,-1,-1,-1,System.Byte[],4,-1,-1,-1,-1,-1,System.Byte[],4,15,15,15,15,0,System.Byte[],0,0,0,0,0,0,System.Byte[]
1024,10107,-1,-1,-1,-1,-1,System.Byte[],6,-1,-1,-1,-1,-1,System.Byte[],4,15,15,15,15,0,System.Byte[],0,0,0,0,0,0,System.Byte[]
1025,10140,-1,-1,-1,-1,-1,System.Byte[],1,-1,-1,-1,-1,-1,System.Byte[],4,15,15,15,15,0,System.Byte[],0,0,0,0,0,0,System.Byte[]
1100,1200,-1,-1,-1,-1,-1,System.Byte[],1,-1,-1,-1,-1,-1,System.Byte[],4,15,15,15,15,0,System.Byte[],0,0,0,0,0,0,System.Byte[]
1101,10100,-1,-1,-1,-1,-1,System.Byte[],2,-1,-1,-1,-1,-1,System.Byte[],4,15,15,15,15,0,System.Byte[],0,0,0,0,0,0,System.Byte[]
1102,10100,-1,-1,-1,-1,-1,System.Byte[],4,-1,-1,-1,-1,-1,System.Byte[],4,15,15,15,15,0,System.Byte[],0,0,0,0,0,0,System.Byte[]
1103,10100,-1,-1,-1,-1,-1,System.Byte[],6,-1,-1,-1,-1,-1,System.Byte[],4,15,15,15,15,0,System.Byte[],0,0,0,0,0,0,System.Byte[]
1104,10101,-1,-1,-1,-1,-1,System.Byte[],2,-1,-1,-1,-1,-1,System.Byte[],4,15,15,15,15,0,System.Byte[],0,0,0,0,0,0,System.Byte[]
1105,10101,-1,-1,-1,-1,-1,System.Byte[],4,-1,-1,-1,-1,-1,System.Byte[],4,15,15,15,15,0,System.Byte[],0,0,0,0,0,0,System.Byte[]
1106,10101,-1,-1,-1,-1,-1,System.Byte[],6,-1,-1,-1,-1,-1,System.Byte[],4,15,15,15,15,0,System.Byte[],0,0,0,0,0,0,System.Byte[]
1107,10102,-1,-1,-1,-1,-1,System.Byte[],2,-1,-1,-1,-1,-1,System.Byte[],4,15,15,15,15,0,System.Byte[],0,0,0,0,0,0,System.Byte[]
1108,10102,-1,-1,-1,-1,-1,System.Byte[],4,-1,-1,-1,-1,-1,System.Byte[],4,15,15,15,15,0,System.Byte[],0,0,0,0,0,0,System.Byte[]
1109,10102,-1,-1,-1,-1,-1,System.Byte[],6,-1,-1,-1,-1,-1,System.Byte[],4,15,15,15,15,0,System.Byte[],0,0,0,0,0,0,System.Byte[]
1110,10140,-1,-1,-1,-1,-1,System.Byte[],1,-1,-1,-1,-1,-1,System.Byte[],4,15,15,15,15,0,System.Byte[],0,0,0,0,0,0,System.Byte[]
1200,1210,-1,-1,-1,-1,-1,System.Byte[],1,-1,-1,-1,-1,-1,System.Byte[],4,15,15,15,15,0,System.Byte[],0,0,0,0,0,0,System.Byte[]
1201,10100,-1,-1,-1,-1,-1,System.Byte[],2,-1,-1,-1,-1,-1,System.Byte[],4,15,15,15,15,0,System.Byte[],0,0,0,0,0,0,System.Byte[]
1202,10100,-1,-1,-1,-1,-1,System.Byte[],4,-1,-1,-1,-1,-1,System.Byte[],4,15,15,15,15,0,System.Byte[],0,0,0,0,0,0,System.Byte[]
1203,10100,-1,-1,-1,-1,-1,System.Byte[],6,-1,-1,-1,-1,-1,System.Byte[],4,15,15,15,15,0,System.Byte[],0,0,0,0,0,0,System.Byte[]
1204,10101,-1,-1,-1,-1,-1,System.Byte[],2,-1,-1,-1,-1,-1,System.Byte[],4,15,15,15,15,0,System.Byte[],0,0,0,0,0,0,System.Byte[]
1205,10101,-1,-1,-1,-1,-1,System.Byte[],4,-1,-1,-1,-1,-1,System.Byte[],4,15,15,15,15,0,System.Byte[],0,0,0,0,0,0,System.Byte[]
1206,10101,-1,-1,-1,-1,-1,System.Byte[],6,-1,-1,-1,-1,-1,System.Byte[],4,15,15,15,15,0,System.Byte[],0,0,0,0,0,0,System.Byte[]
1207,10102,-1,-1,-1,-1,-1,System.Byte[],2,-1,-1,-1,-1,-1,System.Byte[],4,15,15,15,15,0,System.Byte[],0,0,0,0,0,0,System.Byte[]
1208,10102,-1,-1,-1,-1,-1,System.Byte[],4,-1,-1,-1,-1,-1,System.Byte[],4,15,15,15,15,0,System.Byte[],0,0,0,0,0,0,System.Byte[]
1209,10102,-1,-1,-1,-1,-1,System.Byte[],6,-1,-1,-1,-1,-1,System.Byte[],4,15,15,15,15,0,System.Byte[],0,0,0,0,0,0,System.Byte[]
1210,10140,-1,-1,-1,-1,-1,System.Byte[],1,-1,-1,-1,-1,-1,System.Byte[],4,15,15,15,15,0,System.Byte[],0,0,0,0,0,0,System.Byte[]
1300,1220,-1,-1,-1,-1,-1,System.Byte[],1,-1,-1,-1,-1,-1,System.Byte[],4,15,15,15,15,0,System.Byte[],0,0,0,0,0,0,System.Byte[]
1301,10100,-1,-1,-1,-1,-1,System.Byte[],2,-1,-1,-1,-1,-1,System.Byte[],4,15,15,15,15,0,System.Byte[],0,0,0,0,0,0,System.Byte[]
1302,10100,-1,-1,-1,-1,-1,System.Byte[],4,-1,-1,-1,-1,-1,System.Byte[],4,15,15,15,15,0,System.Byte[],0,0,0,0,0,0,System.Byte[]
1303,10100,-1,-1,-1,-1,-1,System.Byte[],6,-1,-1,-1,-1,-1,System.Byte[],4,15,15,15,15,0,System.Byte[],0,0,0,0,0,0,System.Byte[]
1304,10101,-1,-1,-1,-1,-1,System.Byte[],2,-1,-1,-1,-1,-1,System.Byte[],4,15,15,15,15,0,System.Byte[],0,0,0,0,0,0,System.Byte[]
1305,10101,-1,-1,-1,-1,-1,System.Byte[],4,-1,-1,-1,-1,-1,System.Byte[],4,15,15,15,15,0,System.Byte[],0,0,0,0,0,0,System.Byte[]
1306,10101,-1,-1,-1,-1,-1,System.Byte[],6,-1,-1,-1,-1,-1,System.Byte[],4,15,15,15,15,0,System.Byte[],0,0,0,0,0,0,System.Byte[]
1307,10102,-1,-1,-1,-1,-1,System.Byte[],2,-1,-1,-1,-1,-1,System.Byte[],4,15,15,15,15,0,System.Byte[],0,0,0,0,0,0,System.Byte[]
1308,10102,-1,-1,-1,-1,-1,System.Byte[],4,-1,-1,-1,-1,-1,System.Byte[],4,15,15,15,15,0,System.Byte[],0,0,0,0,0,0,System.Byte[]
1309,10102,-1,-1,-1,-1,-1,System.Byte[],6,-1,-1,-1,-1,-1,System.Byte[],4,15,15,15,15,0,System.Byte[],0,0,0,0,0,0,System.Byte[]
1310,10140,-1,-1,-1,-1,-1,System.Byte[],1,-1,-1,-1,-1,-1,System.Byte[],4,15,15,15,15,0,System.Byte[],0,0,0,0,0,0,System.Byte[]
1400,1230,-1,-1,-1,-1,-1,System.Byte[],1,-1,-1,-1,-1,-1,System.Byte[],4,15,15,15,15,0,System.Byte[],0,0,0,0,0,0,System.Byte[]
1401,10100,-1,-1,-1,-1,-1,System.Byte[],2,-1,-1,-1,-1,-1,System.Byte[],4,15,15,15,15,0,System.Byte[],0,0,0,0,0,0,System.Byte[]
1402,10100,-1,-1,-1,-1,-1,System.Byte[],4,-1,-1,-1,-1,-1,System.Byte[],4,15,15,15,15,0,System.Byte[],0,0,0,0,0,0,System.Byte[]
1403,10100,-1,-1,-1,-1,-1,System.Byte[],6,-1,-1,-1,-1,-1,System.Byte[],4,15,15,15,15,0,System.Byte[],0,0,0,0,0,0,System.Byte[]
1404,10101,-1,-1,-1,-1,-1,System.Byte[],2,-1,-1,-1,-1,-1,System.Byte[],4,15,15,15,15,0,System.Byte[],0,0,0,0,0,0,System.Byte[]
1405,10101,-1,-1,-1,-1,-1,System.Byte[],4,-1,-1,-1,-1,-1,System.Byte[],4,15,15,15,15,0,System.Byte[],0,0,0,0,0,0,System.Byte[]
1406,10101,-1,-1,-1,-1,-1,System.Byte[],6,-1,-1,-1,-1,-1,System.Byte[],4,15,15,15,15,0,System.Byte[],0,0,0,0,0,0,System.Byte[]
1407,10102,-1,-1,-1,-1,-1,System.Byte[],2,-1,-1,-1,-1,-1,System.Byte[],4,15,15,15,15,0,System.Byte[],0,0,0,0,0,0,System.Byte[]
1408,10102,-1,-1,-1,-1,-1,System.Byte[],4,-1,-1,-1,-1,-1,System.Byte[],4,15,15,15,15,0,System.Byte[],0,0,0,0,0,0,System.Byte[]
1409,10102,-1,-1,-1,-1,-1,System.Byte[],6,-1,-1,-1,-1,-1,System.Byte[],4,15,15,15,15,0,System.Byte[],0,0,0,0,0,0,System.Byte[]
1410,10140,-1,-1,-1,-1,-1,System.Byte[],1,-1,-1,-1,-1,-1,System.Byte[],4,15,15,15,15,0,System.Byte[],0,0,0,0,0,0,System.Byte[]
1500,1240,-1,-1,-1,-1,-1,System.Byte[],1,-1,-1,-1,-1,-1,System.Byte[],4,15,15,15,15,0,System.Byte[],0,0,0,0,0,0,System.Byte[]
1501,10100,-1,-1,-1,-1,-1,System.Byte[],2,-1,-1,-1,-1,-1,System.Byte[],4,15,15,15,15,0,System.Byte[],0,0,0,0,0,0,System.Byte[]
1502,10100,-1,-1,-1,-1,-1,System.Byte[],4,-1,-1,-1,-1,-1,System.Byte[],4,15,15,15,15,0,System.Byte[],0,0,0,0,0,0,System.Byte[]
1503,10100,-1,-1,-1,-1,-1,System.Byte[],6,-1,-1,-1,-1,-1,System.Byte[],4,15,15,15,15,0,System.Byte[],0,0,0,0,0,0,System.Byte[]
1504,10101,-1,-1,-1,-1,-1,System.Byte[],2,-1,-1,-1,-1,-1,System.Byte[],4,15,15,15,15,0,System.Byte[],0,0,0,0,0,0,System.Byte[]
1505,10101,-1,-1,-1,-1,-1,System.Byte[],4,-1,-1,-1,-1,-1,System.Byte[],4,15,15,15,15,0,System.Byte[],0,0,0,0,0,0,System.Byte[]
1506,10101,-1,-1,-1,-1,-1,System.Byte[],6,-1,-1,-1,-1,-1,System.Byte[],4,15,15,15,15,0,System.Byte[],0,0,0,0,0,0,System.Byte[]
1507,10102,-1,-1,-1,-1,-1,System.Byte[],2,-1,-1,-1,-1,-1,System.Byte[],4,15,15,15,15,0,System.Byte[],0,0,0,0,0,0,System.Byte[]
1508,10102,-1,-1,-1,-1,-1,System.Byte[],4,-1,-1,-1,-1,-1,System.Byte[],4,15,15,15,15,0,System.Byte[],0,0,0,0,0,0,System.Byte[]
1509,10102,-1,-1,-1,-1,-1,System.Byte[],6,-1,-1,-1,-1,-1,System.Byte[],4,15,15,15,15,0,System.Byte[],0,0,0,0,0,0,System.Byte[]
1510,10140,-1,-1,-1,-1,-1,System.Byte[],1,-1,-1,-1,-1,-1,System.Byte[],4,15,15,15,15,0,System.Byte[],0,0,0,0,0,0,System.Byte[]
2000,-1,-1,-1,-1,-1,-1,System.Byte[],-1,-1,-1,-1,-1,-1,System.Byte[],15,15,15,15,15,0,System.Byte[],0,0,0,0,0,0,System.Byte[]
2001,10150,-1,-1,-1,-1,-1,System.Byte[],1,-1,-1,-1,-1,-1,System.Byte[],4,15,15,15,15,0,System.Byte[],0,0,0,0,0,0,System.Byte[]
2002,10150,-1,-1,-1,-1,-1,System.Byte[],2,-1,-1,-1,-1,-1,System.Byte[],4,15,15,15,15,0,System.Byte[],0,0,0,0,0,0,System.Byte[]
2003,10150,-1,-1,-1,-1,-1,System.Byte[],4,-1,-1,-1,-1,-1,System.Byte[],4,15,15,15,15,0,System.Byte[],0,0,0,0,0,0,System.Byte[]
2004,10150,-1,-1,-1,-1,-1,System.Byte[],8,-1,-1,-1,-1,-1,System.Byte[],4,15,15,15,15,0,System.Byte[],0,0,0,0,0,0,System.Byte[]
2005,10140,-1,-1,-1,-1,-1,System.Byte[],1,-1,-1,-1,-1,-1,System.Byte[],4,15,15,15,15,0,System.Byte[],0,0,0,0,0,0,System.Byte[]
2006,1020,-1,-1,-1,-1,-1,System.Byte[],5,-1,-1,-1,-1,-1,System.Byte[],4,15,15,15,15,4,System.Byte[],0,0,0,0,0,0,System.Byte[]
2100,-1,-1,-1,-1,-1,-1,System.Byte[],-1,-1,-1,-1,-1,-1,System.Byte[],15,15,15,15,15,0,System.Byte[],0,0,0,0,0,0,System.Byte[]
2101,1010,-1,-1,-1,-1,-1,System.Byte[],1,-1,-1,-1,-1,-1,System.Byte[],4,15,15,15,15,0,System.Byte[],0,0,0,0,0,0,System.Byte[]
2102,1010,-1,-1,-1,-1,-1,System.Byte[],2,-1,-1,-1,-1,-1,System.Byte[],4,15,15,15,15,0,System.Byte[],0,0,0,0,0,0,System.Byte[]
2103,1010,-1,-1,-1,-1,-1,System.Byte[],4,-1,-1,-1,-1,-1,System.Byte[],4,15,15,15,15,0,System.Byte[],0,0,0,0,0,0,System.Byte[]
2104,1010,-1,-1,-1,-1,-1,System.Byte[],8,-1,-1,-1,-1,-1,System.Byte[],4,15,15,15,15,0,System.Byte[],0,0,0,0,0,0,System.Byte[]
2105,10140,-1,-1,-1,-1,-1,System.Byte[],1,-1,-1,-1,-1,-1,System.Byte[],4,15,15,15,15,0,System.Byte[],0,0,0,0,0,0,System.Byte[]
2200,-1,-1,-1,-1,-1,-1,System.Byte[],-1,-1,-1,-1,-1,-1,System.Byte[],15,15,15,15,15,0,System.Byte[],0,0,0,0,0,0,System.Byte[]
2201,10160,-1,-1,-1,-1,-1,System.Byte[],1,-1,-1,-1,-1,-1,System.Byte[],4,15,15,15,15,0,System.Byte[],0,0,0,0,0,0,System.Byte[]
2202,10161,-1,-1,-1,-1,-1,System.Byte[],1,-1,-1,-1,-1,-1,System.Byte[],4,15,15,15,15,0,System.Byte[],0,0,0,0,0,0,System.Byte[]
2203,10162,-1,-1,-1,-1,-1,System.Byte[],1,-1,-1,-1,-1,-1,System.Byte[],4,15,15,15,15,0,System.Byte[],0,0,0,0,0,0,System.Byte[]
2204,10163,-1,-1,-1,-1,-1,System.Byte[],1,-1,-1,-1,-1,-1,System.Byte[],4,15,15,15,15,0,System.Byte[],0,0,0,0,0,0,System.Byte[]
2205,10164,-1,-1,-1,-1,-1,System.Byte[],1,-1,-1,-1,-1,-1,System.Byte[],4,15,15,15,15,0,System.Byte[],0,0,0,0,0,0,System.Byte[]
2206,10165,-1,-1,-1,-1,-1,System.Byte[],1,-1,-1,-1,-1,-1,System.Byte[],4,15,15,15,15,0,System.Byte[],0,0,0,0,0,0,System.Byte[]
2207,10166,-1,-1,-1,-1,-1,System.Byte[],1,-1,-1,-1,-1,-1,System.Byte[],4,15,15,15,15,0,System.Byte[],0,0,0,0,0,0,System.Byte[]
2208,10167,-1,-1,-1,-1,-1,System.Byte[],1,-1,-1,-1,-1,-1,System.Byte[],4,15,15,15,15,0,System.Byte[],0,0,0,0,0,0,System.Byte[]
2209,10200,-1,-1,-1,-1,-1,System.Byte[],1,-1,-1,-1,-1,-1,System.Byte[],4,15,15,15,15,0,System.Byte[],0,0,0,0,0,0,System.Byte[]
2210,10168,-1,-1,-1,-1,-1,System.Byte[],1,-1,-1,-1,-1,-1,System.Byte[],4,15,15,15,15,0,System.Byte[],0,0,0,0,0,0,System.Byte[]
10000,10900,-1,-1,-1,-1,-1,System.Byte[],1,-1,-1,-1,-1,-1,System.Byte[],4,15,15,15,15,0,System.Byte[],0,0,0,0,0,0,System.Byte[]
10001,10901,-1,-1,-1,-1,-1,System.Byte[],1,-1,-1,-1,-1,-1,System.Byte[],4,15,15,15,15,0,System.Byte[],0,0,0,0,0,0,System.Byte[]
10002,10902,-1,-1,-1,-1,-1,System.Byte[],1,-1,-1,-1,-1,-1,System.Byte[],4,15,15,15,15,0,System.Byte[],0,0,0,0,0,0,System.Byte[]
10003,10903,-1,-1,-1,-1,-1,System.Byte[],1,-1,-1,-1,-1,-1,System.Byte[],4,15,15,15,15,0,System.Byte[],0,0,0,0,0,0,System.Byte[]
10004,10904,-1,-1,-1,-1,-1,System.Byte[],1,-1,-1,-1,-1,-1,System.Byte[],4,15,15,15,15,0,System.Byte[],0,0,0,0,0,0,System.Byte[]
10005,10905,-1,-1,-1,-1,-1,System.Byte[],1,-1,-1,-1,-1,-1,System.Byte[],4,15,15,15,15,0,System.Byte[],0,0,0,0,0,0,System.Byte[]
10006,10906,-1,-1,-1,-1,-1,System.Byte[],1,-1,-1,-1,-1,-1,System.Byte[],4,15,15,15,15,0,System.Byte[],0,0,0,0,0,0,System.Byte[]
10007,10907,-1,-1,-1,-1,-1,System.Byte[],1,-1,-1,-1,-1,-1,System.Byte[],4,15,15,15,15,0,System.Byte[],0,0,0,0,0,0,System.Byte[]
10008,10908,-1,-1,-1,-1,-1,System.Byte[],1,-1,-1,-1,-1,-1,System.Byte[],4,15,15,15,15,0,System.Byte[],0,0,0,0,0,0,System.Byte[]
10009,10909,-1,-1,-1,-1,-1,System.Byte[],1,-1,-1,-1,-1,-1,System.Byte[],4,15,15,15,15,0,System.Byte[],0,0,0,0,0,0,System.Byte[]
10010,-1,-1,-1,-1,-1,-1,System.Byte[],1,-1,-1,-1,-1,-1,System.Byte[],4,15,15,15,15,0,System.Byte[],0,0,0,0,0,0,System.Byte[]
10100,10910,-1,-1,-1,-1,-1,System.Byte[],1,-1,-1,-1,-1,-1,System.Byte[],4,15,15,15,15,0,System.Byte[],0,0,0,0,0,0,System.Byte[]
10101,10911,-1,-1,-1,-1,-1,System.Byte[],1,-1,-1,-1,-1,-1,System.Byte[],4,15,15,15,15,0,System.Byte[],0,0,0,0,0,0,System.Byte[]
10102,10912,-1,-1,-1,-1,-1,System.Byte[],1,-1,-1,-1,-1,-1,System.Byte[],4,15,15,15,15,0,System.Byte[],0,0,0,0,0,0,System.Byte[]
10103,10913,-1,-1,-1,-1,-1,System.Byte[],1,-1,-1,-1,-1,-1,System.Byte[],4,15,15,15,15,0,System.Byte[],0,0,0,0,0,0,System.Byte[]
10104,10914,-1,-1,-1,-1,-1,System.Byte[],1,-1,-1,-1,-1,-1,System.Byte[],4,15,15,15,15,0,System.Byte[],0,0,0,0,0,0,System.Byte[]
10105,10915,-1,-1,-1,-1,-1,System.Byte[],1,-1,-1,-1,-1,-1,System.Byte[],4,15,15,15,15,0,System.Byte[],0,0,0,0,0,0,System.Byte[]
10106,10916,-1,-1,-1,-1,-1,System.Byte[],1,-1,-1,-1,-1,-1,System.Byte[],4,15,15,15,15,0,System.Byte[],0,0,0,0,0,0,System.Byte[]
10107,10917,-1,-1,-1,-1,-1,System.Byte[],1,-1,-1,-1,-1,-1,System.Byte[],4,15,15,15,15,0,System.Byte[],0,0,0,0,0,0,System.Byte[]
10108,10918,-1,-1,-1,-1,-1,System.Byte[],1,-1,-1,-1,-1,-1,System.Byte[],4,15,15,15,15,0,System.Byte[],0,0,0,0,0,0,System.Byte[]
10109,10919,-1,-1,-1,-1,-1,System.Byte[],1,-1,-1,-1,-1,-1,System.Byte[],4,15,15,15,15,0,System.Byte[],0,0,0,0,0,0,System.Byte[]
10110,-1,-1,-1,-1,-1,-1,System.Byte[],1,-1,-1,-1,-1,-1,System.Byte[],4,15,15,15,15,0,System.Byte[],0,0,0,0,0,0,System.Byte[]
100000,712,-1,-1,-1,-1,-1,System.Byte[],1,-1,-1,-1,-1,-1,System.Byte[],4,15,15,15,15,0,System.Byte[],0,0,0,0,0,0,System.Byte[]
100001,713,-1,-1,-1,-1,-1,System.Byte[],1,-1,-1,-1,-1,-1,System.Byte[],4,15,15,15,15,0,System.Byte[],0,0,0,0,0,0,System.Byte[]
100002,714,-1,-1,-1,-1,-1,System.Byte[],1,-1,-1,-1,-1,-1,System.Byte[],4,15,15,15,15,0,System.Byte[],0,0,0,0,0,0,System.Byte[]
100003,715,-1,-1,-1,-1,-1,System.Byte[],1,-1,-1,-1,-1,-1,System.Byte[],4,15,15,15,15,0,System.Byte[],0,0,0,0,0,0,System.Byte[]
100004,717,-1,-1,-1,-1,-1,System.Byte[],1,-1,-1,-1,-1,-1,System.Byte[],4,15,15,15,15,0,System.Byte[],0,0,0,0,0,0,System.Byte[]
100005,718,-1,-1,-1,-1,-1,System.Byte[],1,-1,-1,-1,-1,-1,System.Byte[],4,15,15,15,15,0,System.Byte[],0,0,0,0,0,0,System.Byte[]
100006,719,-1,-1,-1,-1,-1,System.Byte[],1,-1,-1,-1,-1,-1,System.Byte[],4,15,15,15,15,0,System.Byte[],0,0,0,0,0,0,System.Byte[]
100007,720,-1,-1,-1,-1,-1,System.Byte[],1,-1,-1,-1,-1,-1,System.Byte[],4,15,15,15,15,0,System.Byte[],0,0,0,0,0,0,System.Byte[]
100008,721,-1,-1,-1,-1,-1,System.Byte[],1,-1,-1,-1,-1,-1,System.Byte[],4,15,15,15,15,0,System.Byte[],0,0,0,0,0,0,System.Byte[]
100009,722,-1,-1,-1,-1,-1,System.Byte[],1,-1,-1,-1,-1,-1,System.Byte[],4,15,15,15,15,0,System.Byte[],0,0,0,0,0,0,System.Byte[]
100010,723,-1,-1,-1,-1,-1,System.Byte[],1,-1,-1,-1,-1,-1,System.Byte[],4,15,15,15,15,0,System.Byte[],0,0,0,0,0,0,System.Byte[]
100011,724,-1,-1,-1,-1,-1,System.Byte[],1,-1,-1,-1,-1,-1,System.Byte[],4,15,15,15,15,0,System.Byte[],0,0,0,0,0,0,System.Byte[]
100012,725,-1,-1,-1,-1,-1,System.Byte[],1,-1,-1,-1,-1,-1,System.Byte[],4,15,15,15,15,0,System.Byte[],0,0,0,0,0,0,System.Byte[]
100013,726,-1,-1,-1,-1,-1,System.Byte[],1,-1,-1,-1,-1,-1,System.Byte[],4,15,15,15,15,0,System.Byte[],0,0,0,0,0,0,System.Byte[]
100014,727,-1,-1,-1,-1,-1,System.Byte[],1,-1,-1,-1,-1,-1,System.Byte[],4,15,15,15,15,0,System.Byte[],0,0,0,0,0,0,System.Byte[]
100015,729,-1,-1,-1,-1,-1,System.Byte[],1,-1,-1,-1,-1,-1,System.Byte[],4,15,15,15,15,0,System.Byte[],0,0,0,0,0,0,System.Byte[]
100016,731,-1,-1,-1,-1,-1,System.Byte[],1,-1,-1,-1,-1,-1,System.Byte[],4,15,15,15,15,0,System.Byte[],0,0,0,0,0,0,System.Byte[]
100017,732,-1,-1,-1,-1,-1,System.Byte[],1,-1,-1,-1,-1,-1,System.Byte[],4,15,15,15,15,0,System.Byte[],0,0,0,0,0,0,System.Byte[]
100018,733,-1,-1,-1,-1,-1,System.Byte[],1,-1,-1,-1,-1,-1,System.Byte[],4,15,15,15,15,0,System.Byte[],0,0,0,0,0,0,System.Byte[]
100019,739,-1,-1,-1,-1,-1,System.Byte[],1,-1,-1,-1,-1,-1,System.Byte[],4,15,15,15,15,0,System.Byte[],0,0,0,0,0,0,System.Byte[]
100020,742,-1,-1,-1,-1,-1,System.Byte[],1,-1,-1,-1,-1,-1,System.Byte[],4,15,15,15,15,0,System.Byte[],0,0,0,0,0,0,System.Byte[]
100021,728,-1,-1,-1,-1,-1,System.Byte[],1,-1,-1,-1,-1,-1,System.Byte[],4,15,15,15,15,0,System.Byte[],0,0,0,0,0,0,System.Byte[]
100022,743,-1,-1,-1,-1,-1,System.Byte[],1,-1,-1,-1,-1,-1,System.Byte[],4,15,15,15,15,0,System.Byte[],0,0,0,0,0,0,System.Byte[]
110352,-1,-1,-1,-1,-1,-1,System.Byte[],-1,-1,-1,-1,-1,-1,System.Byte[],4,4,4,4,4,4,System.Byte[],0,0,0,0,0,0,System.Byte[]
110353,12300,12109,12107,12105,12203,-1,System.Byte[],30,5,5,10,1,-1,System.Byte[],4,4,4,4,4,15,System.Byte[],0,0,0,0,0,0,System.Byte[]
110400,12304,12101,12106,12235,12216,-1,System.Byte[],15,5,5,1,1,-1,System.Byte[],4,4,4,4,4,15,System.Byte[],0,0,0,0,0,0,System.Byte[]
110401,12301,12110,12105,12102,12236,12204,System.Byte[],2,10,10,10,1,1,System.Byte[],4,4,4,4,4,4,System.Byte[],0,0,0,0,0,0,System.Byte[]
110402,12302,12103,12239,12218,-1,-1,System.Byte[],1,1,1,1,-1,-1,System.Byte[],4,4,4,4,15,15,System.Byte[],0,0,0,0,0,0,System.Byte[]
110403,12100,12101,12201,-1,-1,-1,System.Byte[],2,10,1,-1,-1,-1,System.Byte[],4,4,4,15,15,15,System.Byte[],0,0,0,0,0,0,System.Byte[]
110404,12114,12120,12102,12206,12205,-1,System.Byte[],3,3,10,1,1,-1,System.Byte[],4,4,4,4,4,15,System.Byte[],0,0,0,0,0,0,System.Byte[]
110405,12307,12112,12219,12220,-1,-1,System.Byte[],1,3,1,1,-1,-1,System.Byte[],4,4,4,4,15,15,System.Byte[],0,0,0,0,0,0,System.Byte[]
110406,12304,12115,12108,12107,12221,-1,System.Byte[],30,10,2,10,1,-1,System.Byte[],4,4,4,4,4,15,System.Byte[],0,0,0,0,0,0,System.Byte[]
111008,12301,12119,12111,12222,12214,-1,System.Byte[],1,5,1,1,1,-1,System.Byte[],4,4,4,4,4,15,System.Byte[],0,0,0,0,0,0,System.Byte[]
112000,12601,12312,12315,-1,-1,-1,System.Byte[],1,3,1,-1,-1,-1,System.Byte[],4,4,4,15,15,15,System.Byte[],0,0,0,0,0,0,System.Byte[]
112001,12602,12319,12258,12253,12302,-1,System.Byte[],1,1,1,1,2,-1,System.Byte[],4,4,4,4,4,15,System.Byte[],0,0,0,0,0,0,System.Byte[]
113000,12700,12300,-1,-1,-1,-1,System.Byte[],1,10,-1,-1,-1,-1,System.Byte[],4,4,15,15,15,0,System.Byte[],0,0,0,0,0,0,System.Byte[]
113001,12700,12313,12306,-1,-1,-1,System.Byte[],1,10,1,-1,-1,-1,System.Byte[],4,4,4,15,15,0,System.Byte[],0,0,0,0,0,0,System.Byte[]
113002,12700,12314,12306,12307,-1,-1,System.Byte[],1,10,1,2,-1,-1,System.Byte[],4,4,4,4,15,0,System.Byte[],0,0,0,0,0,0,System.Byte[]
113003,12303,-1,-1,-1,-1,-1,System.Byte[],1,-1,-1,-1,-1,-1,System.Byte[],4,15,15,15,15,0,System.Byte[],0,0,0,0,0,0,System.Byte[]
300000,20680,-1,-1,-1,-1,-1,System.Byte[],2,-1,-1,-1,-1,-1,System.Byte[],4,4,4,4,4,4,System.Byte[],0,0,0,0,0,0,System.Byte[]
301000,20760,20802,-1,-1,-1,-1,System.Byte[],1,1,-1,-1,-1,-1,System.Byte[],4,4,4,4,4,4,System.Byte[],0,0,0,0,0,0,System.Byte[]
301010,20760,20802,15040,-1,-1,-1,System.Byte[],2,1,1,-1,-1,-1,System.Byte[],4,4,4,4,4,4,System.Byte[],0,0,0,0,0,0,System.Byte[]
301020,20682,-1,-1,-1,-1,-1,System.Byte[],2,-1,-1,-1,-1,-1,System.Byte[],4,4,4,4,4,4,System.Byte[],0,0,0,0,0,0,System.Byte[]
301030,20760,20652,-1,-1,-1,-1,System.Byte[],1,1,-1,-1,-1,-1,System.Byte[],4,4,4,4,4,4,System.Byte[],0,0,0,0,0,0,System.Byte[]
301040,20760,20652,-1,-1,20855,-1,System.Byte[],2,1,-1,-1,1,-1,System.Byte[],4,4,4,4,4,4,System.Byte[],0,0,0,0,0,0,System.Byte[]
301050,20760,20830,-1,-1,-1,-1,System.Byte[],1,1,-1,-1,-1,-1,System.Byte[],4,4,4,4,4,4,System.Byte[],0,0,0,0,0,0,System.Byte[]
301060,20760,20831,-1,-1,-1,-1,System.Byte[],1,1,-1,-1,-1,-1,System.Byte[],4,4,4,4,4,4,System.Byte[],0,0,0,0,0,0,System.Byte[]
301070,20760,20685,-1,-1,-1,-1,System.Byte[],1,1,-1,-1,-1,-1,System.Byte[],4,4,4,4,4,4,System.Byte[],0,0,0,0,0,0,System.Byte[]
301080,20760,20683,-1,-1,20820,-1,System.Byte[],2,1,-1,-1,1,-1,System.Byte[],4,4,4,4,4,4,System.Byte[],0,0,0,0,0,0,System.Byte[]
301090,20751,-1,-1,-1,-1,-1,System.Byte[],2,-1,-1,-1,-1,-1,System.Byte[],4,4,4,4,4,4,System.Byte[],0,0,0,0,0,0,System.Byte[]
301100,20770,20650,-1,-1,-1,-1,System.Byte[],1,1,-1,-1,-1,-1,System.Byte[],4,4,4,4,4,4,System.Byte[],0,0,0,0,0,0,System.Byte[]
301110,20761,-1,-1,-1,-1,-1,System.Byte[],1,-1,-1,-1,-1,-1,System.Byte[],4,4,4,4,4,4,System.Byte[],0,0,0,0,0,0,System.Byte[]
301120,15420,15100,-1,-1,-1,-1,System.Byte[],1,5,-1,-1,-1,-1,System.Byte[],4,4,4,4,4,4,System.Byte[],0,0,0,0,0,0,System.Byte[]
301130,-1,15030,15341,-1,-1,-1,System.Byte[],-1,1,2,-1,-1,-1,System.Byte[],4,4,4,4,4,4,System.Byte[],0,0,0,0,0,0,System.Byte[]
301140,20760,20802,15400,-1,-1,-1,System.Byte[],1,1,1,-1,-1,-1,System.Byte[],4,4,4,4,4,4,System.Byte[],0,0,0,0,0,0,System.Byte[]
301150,20760,20652,15400,-1,-1,-1,System.Byte[],1,1,1,-1,-1,-1,System.Byte[],4,4,4,4,4,4,System.Byte[],0,0,0,0,0,0,System.Byte[]
301160,20760,20830,15400,-1,-1,-1,System.Byte[],1,1,1,-1,-1,-1,System.Byte[],4,4,4,4,4,4,System.Byte[],0,0,0,0,0,0,System.Byte[]
301170,20770,20650,15400,-1,-1,-1,System.Byte[],1,1,1,-1,-1,-1,System.Byte[],4,4,4,4,4,4,System.Byte[],0,0,0,0,0,0,System.Byte[]
301180,20761,-1,15400,-1,-1,-1,System.Byte[],1,-1,1,-1,-1,-1,System.Byte[],4,4,4,4,4,4,System.Byte[],0,0,0,0,0,0,System.Byte[]
301190,20812,-1,15400,-1,-1,-1,System.Byte[],2,-1,1,-1,-1,-1,System.Byte[],4,4,4,4,4,4,System.Byte[],0,0,0,0,0,0,System.Byte[]
301200,20760,20831,15400,-1,-1,-1,System.Byte[],1,1,1,-1,-1,-1,System.Byte[],4,4,4,4,4,4,System.Byte[],0,0,0,0,0,0,System.Byte[]
301220,20850,-1,15400,-1,-1,-1,System.Byte[],2,-1,1,-1,-1,-1,System.Byte[],4,4,4,4,4,4,System.Byte[],0,0,0,0,0,0,System.Byte[]
301230,20760,20685,15400,-1,-1,-1,System.Byte[],1,1,1,-1,-1,-1,System.Byte[],4,4,4,4,4,4,System.Byte[],0,0,0,0,0,0,System.Byte[]
301240,20850,-1,-1,-1,-1,-1,System.Byte[],2,-1,-1,-1,-1,-1,System.Byte[],4,4,4,4,4,4,System.Byte[],0,0,0,0,0,0,System.Byte[]
301250,20760,15420,-1,-1,-1,-1,System.Byte[],2,1,-1,-1,-1,-1,System.Byte[],4,4,4,4,4,4,System.Byte[],0,0,0,0,0,0,System.Byte[]
301260,20760,15030,20723,-1,-1,-1,System.Byte[],2,1,1,-1,-1,-1,System.Byte[],4,4,4,4,4,4,System.Byte[],0,0,0,0,0,0,System.Byte[]
301270,20760,-1,-1,-1,20651,-1,System.Byte[],1,-1,-1,-1,1,-1,System.Byte[],4,4,4,4,4,4,System.Byte[],0,0,0,0,0,0,System.Byte[]
301280,-1,20654,15100,-1,-1,-1,System.Byte[],-1,2,1,-1,-1,-1,System.Byte[],4,4,4,4,4,4,System.Byte[],0,0,0,0,0,0,System.Byte[]
301290,20812,-1,-1,-1,-1,-1,System.Byte[],2,-1,-1,-1,-1,-1,System.Byte[],4,4,4,4,4,4,System.Byte[],0,0,0,0,0,0,System.Byte[]
301300,20812,-1,15040,-1,-1,-1,System.Byte[],2,-1,1,-1,-1,-1,System.Byte[],4,4,4,4,4,4,System.Byte[],0,0,0,0,0,0,System.Byte[]
301310,20770,20660,-1,-1,20801,-1,System.Byte[],2,2,-1,-1,1,-1,System.Byte[],4,4,4,4,4,4,System.Byte[],0,0,0,0,0,0,System.Byte[]
302000,20720,-1,-1,-1,-1,-1,System.Byte[],1,-1,-1,-1,-1,-1,System.Byte[],4,4,4,4,4,4,System.Byte[],0,0,0,0,0,0,System.Byte[]
302010,20721,-1,-1,-1,-1,-1,System.Byte[],1,-1,-1,-1,-1,-1,System.Byte[],4,4,4,4,4,4,System.Byte[],0,0,0,0,0,0,System.Byte[]
302020,20722,-1,-1,-1,-1,-1,System.Byte[],1,-1,-1,-1,-1,-1,System.Byte[],4,4,4,4,4,4,System.Byte[],0,0,0,0,0,0,System.Byte[]
303000,20690,20840,15110,-1,-1,-1,System.Byte[],1,1,1,-1,-1,-1,System.Byte[],4,4,4,4,4,4,System.Byte[],0,0,0,0,0,0,System.Byte[]
303010,20690,20840,15140,-1,-1,-1,System.Byte[],1,1,1,-1,-1,-1,System.Byte[],4,4,4,4,4,4,System.Byte[],0,0,0,0,0,0,System.Byte[]
303020,20690,20840,15130,-1,-1,-1,System.Byte[],1,1,1,-1,-1,-1,System.Byte[],4,4,4,4,4,4,System.Byte[],0,0,0,0,0,0,System.Byte[]
303030,20690,20840,15120,-1,-1,-1,System.Byte[],1,1,1,-1,-1,-1,System.Byte[],4,4,4,4,4,4,System.Byte[],0,0,0,0,0,0,System.Byte[]
303040,20710,20842,-1,-1,20753,-1,System.Byte[],2,1,-1,-1,1,-1,System.Byte[],4,4,4,4,4,4,System.Byte[],0,0,0,0,0,0,System.Byte[]
303050,20710,20842,-1,-1,20820,-1,System.Byte[],2,1,-1,-1,1,-1,System.Byte[],4,4,4,4,4,4,System.Byte[],0,0,0,0,0,0,System.Byte[]
303060,20710,20842,-1,-1,20740,-1,System.Byte[],2,1,-1,-1,1,-1,System.Byte[],4,4,4,4,4,4,System.Byte[],0,0,0,0,0,0,System.Byte[]
304000,20720,15090,20690,-1,-1,-1,System.Byte[],3,1,1,-1,-1,-1,System.Byte[],4,4,4,4,4,4,System.Byte[],0,0,0,0,0,0,System.Byte[]
304010,20720,15000,15110,20802,-1,-1,System.Byte[],3,1,1,1,-1,-1,System.Byte[],4,4,4,4,4,4,System.Byte[],0,0,0,0,0,0,System.Byte[]
304020,20721,15000,15130,15140,-1,-1,System.Byte[],3,1,1,1,-1,-1,System.Byte[],4,4,4,4,4,4,System.Byte[],0,0,0,0,0,0,System.Byte[]
304030,20722,15000,15120,-1,20740,-1,System.Byte[],5,1,1,-1,1,-1,System.Byte[],4,4,4,4,4,4,System.Byte[],0,0,0,0,0,0,System.Byte[]
304040,20721,15000,15050,-1,20800,-1,System.Byte[],5,1,1,-1,1,-1,System.Byte[],4,4,4,4,4,4,System.Byte[],0,0,0,0,0,0,System.Byte[]
304050,20720,15010,20812,-1,-1,-1,System.Byte[],3,1,2,-1,-1,-1,System.Byte[],4,4,4,4,4,4,System.Byte[],0,0,0,0,0,0,System.Byte[]
304060,20720,15010,20802,-1,-1,-1,System.Byte[],3,1,1,-1,-1,-1,System.Byte[],4,4,4,4,4,4,System.Byte[],0,0,0,0,0,0,System.Byte[]
304070,20720,15010,20652,-1,-1,-1,System.Byte[],3,1,1,-1,-1,-1,System.Byte[],4,4,4,4,4,4,System.Byte[],0,0,0,0,0,0,System.Byte[]
304080,20721,15010,20683,-1,-1,-1,System.Byte[],5,1,3,-1,-1,-1,System.Byte[],4,4,4,4,4,4,System.Byte[],0,0,0,0,0,0,System.Byte[]
304090,20720,15080,20810,-1,-1,-1,System.Byte[],3,1,1,-1,-1,-1,System.Byte[],4,4,4,4,4,4,System.Byte[],0,0,0,0,0,0,System.Byte[]
304100,20720,15080,20811,-1,-1,-1,System.Byte[],3,1,1,-1,-1,-1,System.Byte[],4,4,4,4,4,4,System.Byte[],0,0,0,0,0,0,System.Byte[]
304110,20720,15020,15341,-1,20691,-1,System.Byte[],5,1,1,-1,1,-1,System.Byte[],4,4,4,4,4,4,System.Byte[],0,0,0,0,0,0,System.Byte[]
304130,20720,15160,15110,20802,-1,-1,System.Byte[],3,1,1,1,-1,-1,System.Byte[],4,4,4,4,4,4,System.Byte[],0,0,0,0,0,0,System.Byte[]
304140,20721,15160,15130,15140,-1,-1,System.Byte[],3,1,1,1,-1,-1,System.Byte[],4,4,4,4,4,4,System.Byte[],0,0,0,0,0,0,System.Byte[]
304150,20722,15160,15120,-1,20740,-1,System.Byte[],5,1,1,-1,1,-1,System.Byte[],4,4,4,4,4,4,System.Byte[],0,0,0,0,0,0,System.Byte[]
304160,20721,15160,15050,-1,20800,-1,System.Byte[],5,1,1,-1,1,-1,System.Byte[],4,4,4,4,4,4,System.Byte[],0,0,0,0,0,0,System.Byte[]
305000,20775,20802,-1,-1,-1,-1,System.Byte[],1,1,-1,-1,-1,-1,System.Byte[],4,4,4,4,4,4,System.Byte[],0,0,0,0,0,0,System.Byte[]
305010,20775,20652,-1,-1,-1,-1,System.Byte[],1,1,-1,-1,-1,-1,System.Byte[],4,4,4,4,4,4,System.Byte[],0,0,0,0,0,0,System.Byte[]
305020,20775,20750,-1,-1,-1,-1,System.Byte[],1,1,-1,-1,-1,-1,System.Byte[],4,4,4,4,4,4,System.Byte[],0,0,0,0,0,0,System.Byte[]
305030,20775,20683,-1,-1,-1,-1,System.Byte[],1,1,-1,-1,-1,-1,System.Byte[],4,4,4,4,4,4,System.Byte[],0,0,0,0,0,0,System.Byte[]
305040,20775,20723,-1,-1,-1,-1,System.Byte[],1,1,-1,-1,-1,-1,System.Byte[],4,4,4,4,4,4,System.Byte[],0,0,0,0,0,0,System.Byte[]
305050,20775,-1,-1,-1,20651,-1,System.Byte[],1,-1,-1,-1,1,-1,System.Byte[],4,4,4,4,4,4,System.Byte[],0,0,0,0,0,0,System.Byte[]
305060,20775,20650,-1,-1,-1,-1,System.Byte[],1,1,-1,-1,-1,-1,System.Byte[],4,4,4,4,4,4,System.Byte[],0,0,0,0,0,0,System.Byte[]
305070,20775,20751,-1,-1,-1,-1,System.Byte[],1,1,-1,-1,-1,-1,System.Byte[],4,4,4,4,4,4,System.Byte[],0,0,0,0,0,0,System.Byte[]
305080,20775,15030,-1,-1,20855,-1,System.Byte[],1,1,-1,-1,1,-1,System.Byte[],4,4,4,4,4,4,System.Byte[],0,0,0,0,0,0,System.Byte[]
305090,20775,-1,-1,-1,20801,-1,System.Byte[],1,-1,-1,-1,1,-1,System.Byte[],4,4,4,4,4,4,System.Byte[],0,0,0,0,0,0,System.Byte[]
305100,20775,20802,15400,-1,-1,-1,System.Byte[],1,1,1,-1,-1,-1,System.Byte[],4,4,4,4,4,4,System.Byte[],0,0,0,0,0,0,System.Byte[]
305110,20775,20652,15400,-1,-1,-1,System.Byte[],1,1,1,-1,-1,-1,System.Byte[],4,4,4,4,4,4,System.Byte[],0,0,0,0,0,0,System.Byte[]
305120,20775,20750,15400,-1,-1,-1,System.Byte[],1,1,1,-1,-1,-1,System.Byte[],4,4,4,4,4,4,System.Byte[],0,0,0,0,0,0,System.Byte[]
305130,20775,20683,15400,-1,-1,-1,System.Byte[],1,1,1,-1,-1,-1,System.Byte[],4,4,4,4,4,4,System.Byte[],0,0,0,0,0,0,System.Byte[]
305140,20775,20723,15400,-1,-1,-1,System.Byte[],1,1,1,-1,-1,-1,System.Byte[],4,4,4,4,4,4,System.Byte[],0,0,0,0,0,0,System.Byte[]
305150,20775,-1,15400,-1,20651,-1,System.Byte[],1,-1,1,-1,1,-1,System.Byte[],4,4,4,4,4,4,System.Byte[],0,0,0,0,0,0,System.Byte[]
305160,20775,20650,15400,-1,-1,-1,System.Byte[],1,1,1,-1,-1,-1,System.Byte[],4,4,4,4,4,4,System.Byte[],0,0,0,0,0,0,System.Byte[]
305180,20775,-1,15400,-1,20801,-1,System.Byte[],1,-1,1,-1,1,-1,System.Byte[],4,4,4,4,4,4,System.Byte[],0,0,0,0,0,0,System.Byte[]
305190,20775,20825,20750,-1,-1,-1,System.Byte[],1,1,1,-1,-1,-1,System.Byte[],4,4,4,4,4,4,System.Byte[],0,0,0,0,0,0,System.Byte[]
306000,15340,-1,-1,-1,-1,-1,System.Byte[],2,-1,-1,-1,-1,-1,System.Byte[],4,4,4,4,4,4,System.Byte[],0,0,0,0,0,0,System.Byte[]
306010,15340,20650,-1,-1,-1,-1,System.Byte[],2,1,-1,-1,-1,-1,System.Byte[],4,4,4,4,4,4,System.Byte[],0,0,0,0,0,0,System.Byte[]
306020,-1,20780,-1,-1,-1,-1,System.Byte[],-1,3,-1,-1,-1,-1,System.Byte[],4,4,4,4,4,4,System.Byte[],0,0,0,0,0,0,System.Byte[]
307000,1760,-1,-1,-1,-1,-1,System.Byte[],1,-1,-1,-1,-1,-1,System.Byte[],4,4,4,4,4,4,System.Byte[],0,0,0,0,0,0,System.Byte[]
307010,1760,20710,-1,-1,-1,-1,System.Byte[],1,1,-1,-1,-1,-1,System.Byte[],4,4,4,4,4,4,System.Byte[],0,0,0,0,0,0,System.Byte[]
307020,20680,15100,-1,-1,-1,-1,System.Byte[],1,1,-1,-1,-1,-1,System.Byte[],4,4,4,4,4,4,System.Byte[],0,0,0,0,0,0,System.Byte[]
307030,20720,20802,-1,-1,-1,-1,System.Byte[],3,1,-1,-1,-1,-1,System.Byte[],4,4,4,4,4,4,System.Byte[],0,0,0,0,0,0,System.Byte[]
307040,20761,-1,-1,-1,-1,-1,System.Byte[],2,-1,-1,-1,-1,-1,System.Byte[],4,4,4,4,4,4,System.Byte[],0,0,0,0,0,0,System.Byte[]
308000,20750,20780,-1,-1,-1,-1,System.Byte[],1,1,-1,-1,-1,-1,System.Byte[],4,4,4,4,4,4,System.Byte[],0,0,0,0,0,0,System.Byte[]
308010,20680,20802,20795,-1,-1,-1,System.Byte[],1,1,1,-1,-1,-1,System.Byte[],4,4,4,4,4,4,System.Byte[],0,0,0,0,0,0,System.Byte[]
308020,20845,-1,20795,-1,-1,-1,System.Byte[],1,-1,1,-1,-1,-1,System.Byte[],4,4,4,4,4,4,System.Byte[],0,0,0,0,0,0,System.Byte[]
308030,1760,15100,-1,-1,-1,-1,System.Byte[],1,1,-1,-1,-1,-1,System.Byte[],4,4,4,4,4,4,System.Byte[],0,0,0,0,0,0,System.Byte[]
308040,-1,-1,-1,20753,20653,-1,System.Byte[],-1,-1,-1,1,1,-1,System.Byte[],4,4,4,4,4,4,System.Byte[],0,0,0,0,0,0,System.Byte[]
309000,20681,20841,20825,-1,20691,-1,System.Byte[],1,1,1,-1,1,-1,System.Byte[],4,4,4,4,4,4,System.Byte[],0,0,0,0,0,0,System.Byte[]
309010,20681,15150,-1,-1,-1,-1,System.Byte[],1,1,-1,-1,-1,-1,System.Byte[],4,4,4,4,4,4,System.Byte[],0,0,0,0,0,0,System.Byte[]
309020,20681,20841,15410,-1,-1,-1,System.Byte[],2,1,3,-1,-1,-1,System.Byte[],4,4,4,4,4,4,System.Byte[],0,0,0,0,0,0,System.Byte[]
309030,20681,20841,15140,-1,20691,-1,System.Byte[],2,1,1,-1,1,-1,System.Byte[],4,4,4,4,4,4,System.Byte[],0,0,0,0,0,0,System.Byte[]
309040,20681,15150,20650,-1,-1,-1,System.Byte[],1,1,1,-1,-1,-1,System.Byte[],4,4,4,4,4,4,System.Byte[],0,0,0,0,0,0,System.Byte[]
309050,20681,15150,-1,-1,20852,-1,System.Byte[],1,1,-1,-1,4,-1,System.Byte[],4,4,4,4,4,4,System.Byte[],0,0,0,0,0,0,System.Byte[]
320000,15340,-1,15060,-1,-1,-1,System.Byte[],3,-1,1,-1,-1,-1,System.Byte[],4,4,4,4,4,4,System.Byte[],0,0,0,0,0,0,System.Byte[]
320010,15340,-1,-1,-1,-1,-1,System.Byte[],3,-1,-1,-1,-1,-1,System.Byte[],4,4,4,4,4,4,System.Byte[],0,0,0,0,0,0,System.Byte[]
320020,15340,20802,15060,-1,-1,-1,System.Byte[],3,1,1,-1,-1,-1,System.Byte[],4,4,4,4,4,4,System.Byte[],0,0,0,0,0,0,System.Byte[]
320030,15340,20802,-1,-1,-1,-1,System.Byte[],3,1,-1,-1,-1,-1,System.Byte[],4,4,4,4,4,4,System.Byte[],0,0,0,0,0,0,System.Byte[]
320040,15340,20650,15060,-1,-1,-1,System.Byte[],3,1,1,-1,-1,-1,System.Byte[],4,4,4,4,4,4,System.Byte[],0,0,0,0,0,0,System.Byte[]
320050,15340,20650,-1,-1,-1,-1,System.Byte[],3,1,-1,-1,-1,-1,System.Byte[],4,4,4,4,4,4,System.Byte[],0,0,0,0,0,0,System.Byte[]
320060,15340,-1,15060,-1,20651,-1,System.Byte[],3,-1,1,-1,1,-1,System.Byte[],4,4,4,4,4,4,System.Byte[],0,0,0,0,0,0,System.Byte[]
320070,15340,-1,-1,-1,20651,-1,System.Byte[],3,-1,-1,-1,1,-1,System.Byte[],4,4,4,4,4,4,System.Byte[],0,0,0,0,0,0,System.Byte[]
320080,15340,15430,-1,-1,-1,-1,System.Byte[],3,1,-1,-1,-1,-1,System.Byte[],4,4,4,4,4,4,System.Byte[],0,0,0,0,0,0,System.Byte[]
320090,15340,20652,15060,-1,-1,-1,System.Byte[],3,1,1,-1,-1,-1,System.Byte[],4,4,4,4,4,4,System.Byte[],0,0,0,0,0,0,System.Byte[]
320100,15340,20652,-1,-1,-1,-1,System.Byte[],3,1,-1,-1,-1,-1,System.Byte[],4,4,4,4,4,4,System.Byte[],0,0,0,0,0,0,System.Byte[]
320110,15340,1760,-1,-1,-1,-1,System.Byte[],3,3,-1,-1,-1,-1,System.Byte[],4,4,4,4,4,4,System.Byte[],0,0,0,0,0,0,System.Byte[]
320120,15340,20780,-1,-1,-1,-1,System.Byte[],3,2,-1,-1,-1,-1,System.Byte[],4,4,4,4,4,4,System.Byte[],0,0,0,0,0,0,System.Byte[]
320130,15340,20812,15060,-1,-1,-1,System.Byte[],3,2,1,-1,-1,-1,System.Byte[],4,4,4,4,4,4,System.Byte[],0,0,0,0,0,0,System.Byte[]
320140,15340,20812,-1,-1,-1,-1,System.Byte[],3,2,-1,-1,-1,-1,System.Byte[],4,4,4,4,4,4,System.Byte[],0,0,0,0,0,0,System.Byte[]
320150,15340,20683,15060,-1,-1,-1,System.Byte[],3,2,1,-1,-1,-1,System.Byte[],4,4,4,4,4,4,System.Byte[],0,0,0,0,0,0,System.Byte[]
320160,15340,20683,-1,-1,-1,-1,System.Byte[],3,2,-1,-1,-1,-1,System.Byte[],4,4,4,4,4,4,System.Byte[],0,0,0,0,0,0,System.Byte[]
320170,15340,20723,15060,-1,-1,-1,System.Byte[],3,1,1,-1,-1,-1,System.Byte[],4,4,4,4,4,4,System.Byte[],0,0,0,0,0,0,System.Byte[]
320180,15340,20723,-1,-1,-1,-1,System.Byte[],3,1,-1,-1,-1,-1,System.Byte[],4,4,4,4,4,4,System.Byte[],0,0,0,0,0,0,System.Byte[]
320190,15340,20751,15060,-1,-1,-1,System.Byte[],3,3,1,-1,-1,-1,System.Byte[],4,4,4,4,4,4,System.Byte[],0,0,0,0,0,0,System.Byte[]
320200,15340,20751,-1,-1,-1,-1,System.Byte[],3,3,-1,-1,-1,-1,System.Byte[],4,4,4,4,4,4,System.Byte[],0,0,0,0,0,0,System.Byte[]
320210,15340,-1,15060,-1,20801,-1,System.Byte[],3,-1,1,-1,1,-1,System.Byte[],4,4,4,4,4,4,System.Byte[],0,0,0,0,0,0,System.Byte[]
320220,15340,-1,-1,-1,20801,-1,System.Byte[],3,-1,-1,-1,1,-1,System.Byte[],4,4,4,4,4,4,System.Byte[],0,0,0,0,0,0,System.Byte[]
321000,15341,15060,-1,-1,-1,-1,System.Byte[],1,1,-1,-1,-1,-1,System.Byte[],4,4,4,4,4,4,System.Byte[],0,0,0,0,0,0,System.Byte[]
321010,15341,-1,-1,-1,-1,-1,System.Byte[],1,-1,-1,-1,-1,-1,System.Byte[],4,4,4,4,4,4,System.Byte[],0,0,0,0,0,0,System.Byte[]
322000,15340,-1,-1,-1,-1,-1,System.Byte[],2,-1,-1,-1,-1,-1,System.Byte[],4,4,4,4,4,4,System.Byte[],0,0,0,0,0,0,System.Byte[]
322010,15340,20802,-1,-1,-1,-1,System.Byte[],2,1,-1,-1,-1,-1,System.Byte[],4,4,4,4,4,4,System.Byte[],0,0,0,0,0,0,System.Byte[]
322020,15340,20652,-1,-1,-1,-1,System.Byte[],2,1,-1,-1,-1,-1,System.Byte[],4,4,4,4,4,4,System.Byte[],0,0,0,0,0,0,System.Byte[]
322030,15340,20812,-1,-1,-1,-1,System.Byte[],2,2,-1,-1,-1,-1,System.Byte[],4,4,4,4,4,4,System.Byte[],0,0,0,0,0,0,System.Byte[]
322040,15340,20683,-1,-1,-1,-1,System.Byte[],2,2,-1,-1,-1,-1,System.Byte[],4,4,4,4,4,4,System.Byte[],0,0,0,0,0,0,System.Byte[]
322050,15340,20650,-1,-1,-1,-1,System.Byte[],2,1,-1,-1,-1,-1,System.Byte[],4,4,4,4,4,4,System.Byte[],0,0,0,0,0,0,System.Byte[]
322060,15340,20723,-1,-1,-1,-1,System.Byte[],2,1,-1,-1,-1,-1,System.Byte[],4,4,4,4,4,4,System.Byte[],0,0,0,0,0,0,System.Byte[]
322070,15340,20751,-1,-1,-1,-1,System.Byte[],2,3,-1,-1,-1,-1,System.Byte[],4,4,4,4,4,4,System.Byte[],0,0,0,0,0,0,System.Byte[]
322080,15340,-1,-1,-1,20801,-1,System.Byte[],2,-1,-1,-1,1,-1,System.Byte[],4,4,4,4,4,4,System.Byte[],0,0,0,0,0,0,System.Byte[]
322090,15340,-1,-1,-1,20651,-1,System.Byte[],2,-1,-1,-1,1,-1,System.Byte[],4,4,4,4,4,4,System.Byte[],0,0,0,0,0,0,System.Byte[]
323000,15341,-1,-1,-1,-1,-1,System.Byte[],1,-1,-1,-1,-1,-1,System.Byte[],4,4,4,4,4,4,System.Byte[],0,0,0,0,0,0,System.Byte[]
900000,2950,-1,-1,-1,-1,-1,System.Byte[],1,-1,-1,-1,-1,-1,System.Byte[],4,4,4,4,4,4,System.Byte[],0,0,0,0,0,0,System.Byte[]
900001,2950,-1,-1,-1,-1,-1,System.Byte[],1,-1,-1,-1,-1,-1,System.Byte[],4,4,4,4,4,4,System.Byte[],0,0,0,0,0,0,System.Byte[]
900002,2951,-1,-1,-1,-1,-1,System.Byte[],1,-1,-1,-1,-1,-1,System.Byte[],4,4,4,4,4,4,System.Byte[],0,0,0,0,0,0,System.Byte[]
900003,2951,-1,-1,-1,-1,-1,System.Byte[],1,-1,-1,-1,-1,-1,System.Byte[],4,4,4,4,4,4,System.Byte[],0,0,0,0,0,0,System.Byte[]
900004,2952,-1,-1,-1,-1,-1,System.Byte[],1,-1,-1,-1,-1,-1,System.Byte[],4,4,4,4,4,4,System.Byte[],0,0,0,0,0,0,System.Byte[]
900005,2952,-1,-1,-1,-1,-1,System.Byte[],1,-1,-1,-1,-1,-1,System.Byte[],4,4,4,4,4,4,System.Byte[],0,0,0,0,0,0,System.Byte[]
900006,2953,-1,-1,-1,-1,-1,System.Byte[],1,-1,-1,-1,-1,-1,System.Byte[],4,4,4,4,4,4,System.Byte[],0,0,0,0,0,0,System.Byte[]
900007,2953,-1,-1,-1,-1,-1,System.Byte[],1,-1,-1,-1,-1,-1,System.Byte[],4,4,4,4,4,4,System.Byte[],0,0,0,0,0,0,System.Byte[]
900008,2954,-1,-1,-1,-1,-1,System.Byte[],1,-1,-1,-1,-1,-1,System.Byte[],4,4,4,4,4,4,System.Byte[],0,0,0,0,0,0,System.Byte[]
900009,2954,-1,-1,-1,-1,-1,System.Byte[],1,-1,-1,-1,-1,-1,System.Byte[],4,4,4,4,4,4,System.Byte[],0,0,0,0,0,0,System.Byte[]
900010,2955,-1,-1,-1,-1,-1,System.Byte[],1,-1,-1,-1,-1,-1,System.Byte[],4,4,4,4,4,4,System.Byte[],0,0,0,0,0,0,System.Byte[]
900011,2955,-1,-1,-1,-1,-1,System.Byte[],1,-1,-1,-1,-1,-1,System.Byte[],4,4,4,4,4,4,System.Byte[],0,0,0,0,0,0,System.Byte[]
900012,2956,-1,-1,-1,-1,-1,System.Byte[],1,-1,-1,-1,-1,-1,System.Byte[],4,4,4,4,4,4,System.Byte[],0,0,0,0,0,0,System.Byte[]
900013,2956,-1,-1,-1,-1,-1,System.Byte[],1,-1,-1,-1,-1,-1,System.Byte[],4,4,4,4,4,4,System.Byte[],0,0,0,0,0,0,System.Byte[]
900014,2957,-1,-1,-1,-1,-1,System.Byte[],1,-1,-1,-1,-1,-1,System.Byte[],4,4,4,4,4,4,System.Byte[],0,0,0,0,0,0,System.Byte[]
900015,2957,-1,-1,-1,-1,-1,System.Byte[],1,-1,-1,-1,-1,-1,System.Byte[],4,4,4,4,4,4,System.Byte[],0,0,0,0,0,0,System.Byte[]
900016,2958,-1,-1,-1,-1,-1,System.Byte[],1,-1,-1,-1,-1,-1,System.Byte[],4,4,4,4,4,4,System.Byte[],0,0,0,0,0,0,System.Byte[]
900017,2958,-1,-1,-1,-1,-1,System.Byte[],1,-1,-1,-1,-1,-1,System.Byte[],4,4,4,4,4,4,System.Byte[],0,0,0,0,0,0,System.Byte[]
900018,2959,-1,-1,-1,-1,-1,System.Byte[],1,-1,-1,-1,-1,-1,System.Byte[],4,4,4,4,4,4,System.Byte[],0,0,0,0,0,0,System.Byte[]
900019,2959,-1,-1,-1,-1,-1,System.Byte[],1,-1,-1,-1,-1,-1,System.Byte[],4,4,4,4,4,4,System.Byte[],0,0,0,0,0,0,System.Byte[]
900020,2960,-1,-1,-1,-1,-1,System.Byte[],1,-1,-1,-1,-1,-1,System.Byte[],4,4,4,4,4,4,System.Byte[],0,0,0,0,0,0,System.Byte[]
900021,2960,-1,-1,-1,-1,-1,System.Byte[],1,-1,-1,-1,-1,-1,System.Byte[],4,4,4,4,4,4,System.Byte[],0,0,0,0,0,0,System.Byte[]
900022,2961,-1,-1,-1,-1,-1,System.Byte[],1,-1,-1,-1,-1,-1,System.Byte[],4,4,4,4,4,4,System.Byte[],0,0,0,0,0,0,System.Byte[]
900023,2961,-1,-1,-1,-1,-1,System.Byte[],1,-1,-1,-1,-1,-1,System.Byte[],4,4,4,4,4,4,System.Byte[],0,0,0,0,0,0,System.Byte[]
900024,2962,-1,-1,-1,-1,-1,System.Byte[],1,-1,-1,-1,-1,-1,System.Byte[],4,4,4,4,4,4,System.Byte[],0,0,0,0,0,0,System.Byte[]
900025,2962,-1,-1,-1,-1,-1,System.Byte[],1,-1,-1,-1,-1,-1,System.Byte[],4,4,4,4,4,4,System.Byte[],0,0,0,0,0,0,System.Byte[]
900026,2963,-1,-1,-1,-1,-1,System.Byte[],1,-1,-1,-1,-1,-1,System.Byte[],4,4,4,4,4,4,System.Byte[],0,0,0,0,0,0,System.Byte[]
900027,2963,-1,-1,-1,-1,-1,System.Byte[],1,-1,-1,-1,-1,-1,System.Byte[],4,4,4,4,4,4,System.Byte[],0,0,0,0,0,0,System.Byte[]
900028,2964,-1,-1,-1,-1,-1,System.Byte[],1,-1,-1,-1,-1,-1,System.Byte[],4,4,4,4,4,4,System.Byte[],0,0,0,0,0,0,System.Byte[]
900029,2964,-1,-1,-1,-1,-1,System.Byte[],1,-1,-1,-1,-1,-1,System.Byte[],4,4,4,4,4,4,System.Byte[],0,0,0,0,0,0,System.Byte[]
900100,60000,-1,-1,-1,-1,-1,System.Byte[],1,-1,-1,-1,-1,-1,System.Byte[],1,4,4,4,4,4,System.Byte[],0,0,0,0,0,0,System.Byte[]
900101,60100,-1,-1,-1,-1,-1,System.Byte[],1,-1,-1,-1,-1,-1,System.Byte[],1,4,4,4,4,4,System.Byte[],0,0,0,0,0,0,System.Byte[]
900102,80100,-1,-1,-1,-1,-1,System.Byte[],1,-1,-1,-1,-1,-1,System.Byte[],1,4,4,4,4,4,System.Byte[],0,0,0,0,0,0,System.Byte[]
900103,90100,-1,-1,-1,-1,-1,System.Byte[],1,-1,-1,-1,-1,-1,System.Byte[],1,4,4,4,4,4,System.Byte[],0,0,0,0,0,0,System.Byte[]
900104,100100,-1,-1,-1,-1,-1,System.Byte[],1,-1,-1,-1,-1,-1,System.Byte[],1,4,4,4,4,4,System.Byte[],0,0,0,0,0,0,System.Byte[]
900105,130100,-1,-1,-1,-1,-1,System.Byte[],1,-1,-1,-1,-1,-1,System.Byte[],1,4,4,4,4,4,System.Byte[],0,0,0,0,0,0,System.Byte[]
900106,150100,-1,-1,-1,-1,-1,System.Byte[],1,-1,-1,-1,-1,-1,System.Byte[],1,4,4,4,4,4,System.Byte[],0,0,0,0,0,0,System.Byte[]
900107,170100,-1,-1,-1,-1,-1,System.Byte[],1,-1,-1,-1,-1,-1,System.Byte[],1,4,4,4,4,4,System.Byte[],0,0,0,0,0,0,System.Byte[]
900108,180100,-1,-1,-1,-1,-1,System.Byte[],1,-1,-1,-1,-1,-1,System.Byte[],1,4,4,4,4,4,System.Byte[],0,0,0,0,0,0,System.Byte[]
900109,210100,-1,-1,-1,-1,-1,System.Byte[],1,-1,-1,-1,-1,-1,System.Byte[],1,4,4,4,4,4,System.Byte[],0,0,0,0,0,0,System.Byte[]
900110,220100,-1,-1,-1,-1,-1,System.Byte[],1,-1,-1,-1,-1,-1,System.Byte[],1,4,4,4,4,4,System.Byte[],0,0,0,0,0,0,System.Byte[]
900111,230000,-1,-1,-1,-1,-1,System.Byte[],1,-1,-1,-1,-1,-1,System.Byte[],1,4,4,4,4,4,System.Byte[],0,0,0,0,0,0,System.Byte[]
900112,230100,-1,-1,-1,-1,-1,System.Byte[],1,-1,-1,-1,-1,-1,System.Byte[],1,4,4,4,4,4,System.Byte[],0,0,0,0,0,0,System.Byte[]
900113,240100,-1,-1,-1,-1,-1,System.Byte[],1,-1,-1,-1,-1,-1,System.Byte[],1,4,4,4,4,4,System.Byte[],0,0,0,0,0,0,System.Byte[]
900114,250100,-1,-1,-1,-1,-1,System.Byte[],1,-1,-1,-1,-1,-1,System.Byte[],1,4,4,4,4,4,System.Byte[],0,0,0,0,0,0,System.Byte[]
900115,270100,-1,-1,-1,-1,-1,System.Byte[],1,-1,-1,-1,-1,-1,System.Byte[],1,4,4,4,4,4,System.Byte[],0,0,0,0,0,0,System.Byte[]
900116,280100,-1,-1,-1,-1,-1,System.Byte[],1,-1,-1,-1,-1,-1,System.Byte[],1,4,4,4,4,4,System.Byte[],0,0,0,0,0,0,System.Byte[]
900117,290000,-1,-1,-1,-1,-1,System.Byte[],1,-1,-1,-1,-1,-1,System.Byte[],1,4,4,4,4,4,System.Byte[],0,0,0,0,0,0,System.Byte[]
900118,290100,-1,-1,-1,-1,-1,System.Byte[],1,-1,-1,-1,-1,-1,System.Byte[],1,4,4,4,4,4,System.Byte[],0,0,0,0,0,0,System.Byte[]
900119,292000,-1,-1,-1,-1,-1,System.Byte[],1,-1,-1,-1,-1,-1,System.Byte[],1,4,4,4,4,4,System.Byte[],0,0,0,0,0,0,System.Byte[]
900120,292100,-1,-1,-1,-1,-1,System.Byte[],1,-1,-1,-1,-1,-1,System.Byte[],1,4,4,4,4,4,System.Byte[],0,0,0,0,0,0,System.Byte[]
900121,310100,-1,-1,-1,-1,-1,System.Byte[],1,-1,-1,-1,-1,-1,System.Byte[],1,4,4,4,4,4,System.Byte[],0,0,0,0,0,0,System.Byte[]
900122,340000,-1,-1,-1,-1,-1,System.Byte[],1,-1,-1,-1,-1,-1,System.Byte[],1,4,4,4,4,4,System.Byte[],0,0,0,0,0,0,System.Byte[]
900123,340100,-1,-1,-1,-1,-1,System.Byte[],1,-1,-1,-1,-1,-1,System.Byte[],1,4,4,4,4,4,System.Byte[],0,0,0,0,0,0,System.Byte[]
900124,540100,-1,-1,-1,-1,-1,System.Byte[],1,-1,-1,-1,-1,-1,System.Byte[],1,4,4,4,4,4,System.Byte[],0,0,0,0,0,0,System.Byte[]
900125,590100,-1,-1,-1,-1,-1,System.Byte[],1,-1,-1,-1,-1,-1,System.Byte[],1,4,4,4,4,4,System.Byte[],0,0,0,0,0,0,System.Byte[]
900126,600100,-1,-1,-1,-1,-1,System.Byte[],1,-1,-1,-1,-1,-1,System.Byte[],1,4,4,4,4,4,System.Byte[],0,0,0,0,0,0,System.Byte[]
900129,622100,-1,-1,-1,-1,-1,System.Byte[],1,-1,-1,-1,-1,-1,System.Byte[],1,4,4,4,4,4,System.Byte[],0,0,0,0,0,0,System.Byte[]
900130,630100,-1,-1,-1,-1,-1,System.Byte[],1,-1,-1,-1,-1,-1,System.Byte[],1,4,4,4,4,4,System.Byte[],0,0,0,0,0,0,System.Byte[]
900131,640100,-1,-1,-1,-1,-1,System.Byte[],1,-1,-1,-1,-1,-1,System.Byte[],1,4,4,4,4,4,System.Byte[],0,0,0,0,0,0,System.Byte[]
900132,650100,-1,-1,-1,-1,-1,System.Byte[],1,-1,-1,-1,-1,-1,System.Byte[],1,4,4,4,4,4,System.Byte[],0,0,0,0,0,0,System.Byte[]
900133,660100,-1,-1,-1,-1,-1,System.Byte[],1,-1,-1,-1,-1,-1,System.Byte[],1,4,4,4,4,4,System.Byte[],0,0,0,0,0,0,System.Byte[]
900134,680100,-1,-1,-1,-1,-1,System.Byte[],1,-1,-1,-1,-1,-1,System.Byte[],1,4,4,4,4,4,System.Byte[],0,0,0,0,0,0,System.Byte[]
900136,780100,-1,-1,-1,-1,-1,System.Byte[],1,-1,-1,-1,-1,-1,System.Byte[],1,4,4,4,4,4,System.Byte[],0,0,0,0,0,0,System.Byte[]
900137,790100,-1,-1,-1,-1,-1,System.Byte[],1,-1,-1,-1,-1,-1,System.Byte[],1,4,4,4,4,4,System.Byte[],0,0,0,0,0,0,System.Byte[]
900138,800000,-1,-1,-1,-1,-1,System.Byte[],1,-1,-1,-1,-1,-1,System.Byte[],1,4,4,4,4,4,System.Byte[],0,0,0,0,0,0,System.Byte[]
900139,810100,-1,-1,-1,-1,-1,System.Byte[],1,-1,-1,-1,-1,-1,System.Byte[],1,4,4,4,4,4,System.Byte[],0,0,0,0,0,0,System.Byte[]
900140,812000,-1,-1,-1,-1,-1,System.Byte[],1,-1,-1,-1,-1,-1,System.Byte[],1,4,4,4,4,4,System.Byte[],0,0,0,0,0,0,System.Byte[]
900141,860100,-1,-1,-1,-1,-1,System.Byte[],1,-1,-1,-1,-1,-1,System.Byte[],1,4,4,4,4,4,System.Byte[],0,0,0,0,0,0,System.Byte[]
900142,870100,-1,-1,-1,-1,-1,System.Byte[],1,-1,-1,-1,-1,-1,System.Byte[],1,4,4,4,4,4,System.Byte[],0,0,0,0,0,0,System.Byte[]
900143,880000,-1,-1,-1,-1,-1,System.Byte[],1,-1,-1,-1,-1,-1,System.Byte[],1,4,4,4,4,4,System.Byte[],0,0,0,0,0,0,System.Byte[]
900144,880100,-1,-1,-1,-1,-1,System.Byte[],1,-1,-1,-1,-1,-1,System.Byte[],1,4,4,4,4,4,System.Byte[],0,0,0,0,0,0,System.Byte[]
900145,902100,-1,-1,-1,-1,-1,System.Byte[],1,-1,-1,-1,-1,-1,System.Byte[],1,4,4,4,4,4,System.Byte[],0,0,0,0,0,0,System.Byte[]
900147,910100,-1,-1,-1,-1,-1,System.Byte[],1,-1,-1,-1,-1,-1,System.Byte[],1,4,4,4,4,4,System.Byte[],0,0,0,0,0,0,System.Byte[]
900149,940000,-1,-1,-1,-1,-1,System.Byte[],1,-1,-1,-1,-1,-1,System.Byte[],1,4,4,4,4,4,System.Byte[],0,0,0,0,0,0,System.Byte[]
900150,950100,-1,-1,-1,-1,-1,System.Byte[],1,-1,-1,-1,-1,-1,System.Byte[],1,4,4,4,4,4,System.Byte[],0,0,0,0,0,0,System.Byte[]
900151,980100,-1,-1,-1,-1,-1,System.Byte[],1,-1,-1,-1,-1,-1,System.Byte[],1,4,4,4,4,4,System.Byte[],0,0,0,0,0,0,System.Byte[]
900152,990100,-1,-1,-1,-1,-1,System.Byte[],1,-1,-1,-1,-1,-1,System.Byte[],1,4,4,4,4,4,System.Byte[],0,0,0,0,0,0,System.Byte[]
900153,1760100,-1,-1,-1,-1,-1,System.Byte[],1,-1,-1,-1,-1,-1,System.Byte[],1,4,4,4,4,4,System.Byte[],0,0,0,0,0,0,System.Byte[]
900154,1770100,-1,-1,-1,-1,-1,System.Byte[],1,-1,-1,-1,-1,-1,System.Byte[],1,4,4,4,4,4,System.Byte[],0,0,0,0,0,0,System.Byte[]
900155,1780100,-1,-1,-1,-1,-1,System.Byte[],1,-1,-1,-1,-1,-1,System.Byte[],1,4,4,4,4,4,System.Byte[],0,0,0,0,0,0,System.Byte[]
900156,1790100,-1,-1,-1,-1,-1,System.Byte[],1,-1,-1,-1,-1,-1,System.Byte[],1,4,4,4,4,4,System.Byte[],0,0,0,0,0,0,System.Byte[]
900157,1800100,-1,-1,-1,-1,-1,System.Byte[],1,-1,-1,-1,-1,-1,System.Byte[],1,4,4,4,4,4,System.Byte[],0,0,0,0,0,0,System.Byte[]
900158,1810100,-1,-1,-1,-1,-1,System.Byte[],1,-1,-1,-1,-1,-1,System.Byte[],1,4,4,4,4,4,System.Byte[],0,0,0,0,0,0,System.Byte[]
900159,1820100,-1,-1,-1,-1,-1,System.Byte[],1,-1,-1,-1,-1,-1,System.Byte[],1,4,4,4,4,4,System.Byte[],0,0,0,0,0,0,System.Byte[]
900160,1990100,-1,-1,-1,-1,-1,System.Byte[],1,-1,-1,-1,-1,-1,System.Byte[],1,4,4,4,4,4,System.Byte[],0,0,0,0,0,0,System.Byte[]
900161,2000100,-1,-1,-1,-1,-1,System.Byte[],1,-1,-1,-1,-1,-1,System.Byte[],1,4,4,4,4,4,System.Byte[],0,0,0,0,0,0,System.Byte[]
900162,720100,-1,-1,-1,-1,-1,System.Byte[],1,-1,-1,-1,-1,-1,System.Byte[],1,4,4,4,4,4,System.Byte[],0,0,0,0,0,0,System.Byte[]
900163,1010100,-1,-1,-1,-1,-1,System.Byte[],1,-1,-1,-1,-1,-1,System.Byte[],1,4,4,4,4,4,System.Byte[],0,0,0,0,0,0,System.Byte[]
900164,570100,-1,-1,-1,-1,-1,System.Byte[],1,-1,-1,-1,-1,-1,System.Byte[],1,4,4,4,4,4,System.Byte[],0,0,0,0,0,0,System.Byte[]
900165,571100,-1,-1,-1,-1,-1,System.Byte[],1,-1,-1,-1,-1,-1,System.Byte[],1,4,4,4,4,4,System.Byte[],0,0,0,0,0,0,System.Byte[]
900166,1940100,-1,-1,-1,-1,-1,System.Byte[],1,-1,-1,-1,-1,-1,System.Byte[],1,4,4,4,4,4,System.Byte[],0,0,0,0,0,0,System.Byte[]
900167,120000,-1,-1,-1,-1,-1,System.Byte[],1,-1,-1,-1,-1,-1,System.Byte[],1,4,4,4,4,4,System.Byte[],0,0,0,0,0,0,System.Byte[]
900168,120100,-1,-1,-1,-1,-1,System.Byte[],1,-1,-1,-1,-1,-1,System.Byte[],1,4,4,4,4,4,System.Byte[],0,0,0,0,0,0,System.Byte[]
900169,900100,-1,-1,-1,-1,-1,System.Byte[],1,-1,-1,-1,-1,-1,System.Byte[],1,4,4,4,4,4,System.Byte[],0,0,0,0,0,0,System.Byte[]
900200,460100,-1,-1,-1,-1,-1,System.Byte[],1,-1,-1,-1,-1,-1,System.Byte[],1,4,4,4,4,4,System.Byte[],0,0,0,0,0,0,System.Byte[]
900201,470100,-1,-1,-1,-1,-1,System.Byte[],1,-1,-1,-1,-1,-1,System.Byte[],1,4,4,4,4,4,System.Byte[],0,0,0,0,0,0,System.Byte[]
900202,480100,-1,-1,-1,-1,-1,System.Byte[],1,-1,-1,-1,-1,-1,System.Byte[],1,4,4,4,4,4,System.Byte[],0,0,0,0,0,0,System.Byte[]
900203,760100,-1,-1,-1,-1,-1,System.Byte[],1,-1,-1,-1,-1,-1,System.Byte[],1,4,4,4,4,4,System.Byte[],0,0,0,0,0,0,System.Byte[]
900204,770100,-1,-1,-1,-1,-1,System.Byte[],1,-1,-1,-1,-1,-1,System.Byte[],1,4,4,4,4,4,System.Byte[],0,0,0,0,0,0,System.Byte[]
900300,61000,-1,-1,-1,-1,-1,System.Byte[],1,-1,-1,-1,-1,-1,System.Byte[],1,4,4,4,4,4,System.Byte[],0,0,0,0,0,0,System.Byte[]
900301,61100,-1,-1,-1,-1,-1,System.Byte[],1,-1,-1,-1,-1,-1,System.Byte[],1,4,4,4,4,4,System.Byte[],0,0,0,0,0,0,System.Byte[]
900302,81100,-1,-1,-1,-1,-1,System.Byte[],1,-1,-1,-1,-1,-1,System.Byte[],1,4,4,4,4,4,System.Byte[],0,0,0,0,0,0,System.Byte[]
900303,91100,-1,-1,-1,-1,-1,System.Byte[],1,-1,-1,-1,-1,-1,System.Byte[],1,4,4,4,4,4,System.Byte[],0,0,0,0,0,0,System.Byte[]
900304,101100,-1,-1,-1,-1,-1,System.Byte[],1,-1,-1,-1,-1,-1,System.Byte[],1,4,4,4,4,4,System.Byte[],0,0,0,0,0,0,System.Byte[]
900305,131100,-1,-1,-1,-1,-1,System.Byte[],1,-1,-1,-1,-1,-1,System.Byte[],1,4,4,4,4,4,System.Byte[],0,0,0,0,0,0,System.Byte[]
900306,151100,-1,-1,-1,-1,-1,System.Byte[],1,-1,-1,-1,-1,-1,System.Byte[],1,4,4,4,4,4,System.Byte[],0,0,0,0,0,0,System.Byte[]
900307,171100,-1,-1,-1,-1,-1,System.Byte[],1,-1,-1,-1,-1,-1,System.Byte[],1,4,4,4,4,4,System.Byte[],0,0,0,0,0,0,System.Byte[]
900308,181100,-1,-1,-1,-1,-1,System.Byte[],1,-1,-1,-1,-1,-1,System.Byte[],1,4,4,4,4,4,System.Byte[],0,0,0,0,0,0,System.Byte[]
900309,211100,-1,-1,-1,-1,-1,System.Byte[],1,-1,-1,-1,-1,-1,System.Byte[],1,4,4,4,4,4,System.Byte[],0,0,0,0,0,0,System.Byte[]
900310,221100,-1,-1,-1,-1,-1,System.Byte[],1,-1,-1,-1,-1,-1,System.Byte[],1,4,4,4,4,4,System.Byte[],0,0,0,0,0,0,System.Byte[]
900311,231000,-1,-1,-1,-1,-1,System.Byte[],1,-1,-1,-1,-1,-1,System.Byte[],1,4,4,4,4,4,System.Byte[],0,0,0,0,0,0,System.Byte[]
900312,231100,-1,-1,-1,-1,-1,System.Byte[],1,-1,-1,-1,-1,-1,System.Byte[],1,4,4,4,4,4,System.Byte[],0,0,0,0,0,0,System.Byte[]
900313,241100,-1,-1,-1,-1,-1,System.Byte[],1,-1,-1,-1,-1,-1,System.Byte[],1,4,4,4,4,4,System.Byte[],0,0,0,0,0,0,System.Byte[]
900314,251100,-1,-1,-1,-1,-1,System.Byte[],1,-1,-1,-1,-1,-1,System.Byte[],1,4,4,4,4,4,System.Byte[],0,0,0,0,0,0,System.Byte[]
900315,271100,-1,-1,-1,-1,-1,System.Byte[],1,-1,-1,-1,-1,-1,System.Byte[],1,4,4,4,4,4,System.Byte[],0,0,0,0,0,0,System.Byte[]
900316,281100,-1,-1,-1,-1,-1,System.Byte[],1,-1,-1,-1,-1,-1,System.Byte[],1,4,4,4,4,4,System.Byte[],0,0,0,0,0,0,System.Byte[]
900317,291000,-1,-1,-1,-1,-1,System.Byte[],1,-1,-1,-1,-1,-1,System.Byte[],1,4,4,4,4,4,System.Byte[],0,0,0,0,0,0,System.Byte[]
900318,291100,-1,-1,-1,-1,-1,System.Byte[],1,-1,-1,-1,-1,-1,System.Byte[],1,4,4,4,4,4,System.Byte[],0,0,0,0,0,0,System.Byte[]
900319,294000,-1,-1,-1,-1,-1,System.Byte[],1,-1,-1,-1,-1,-1,System.Byte[],1,4,4,4,4,4,System.Byte[],0,0,0,0,0,0,System.Byte[]
900320,294100,-1,-1,-1,-1,-1,System.Byte[],1,-1,-1,-1,-1,-1,System.Byte[],1,4,4,4,4,4,System.Byte[],0,0,0,0,0,0,System.Byte[]
900321,311100,-1,-1,-1,-1,-1,System.Byte[],1,-1,-1,-1,-1,-1,System.Byte[],1,4,4,4,4,4,System.Byte[],0,0,0,0,0,0,System.Byte[]
900322,341000,-1,-1,-1,-1,-1,System.Byte[],1,-1,-1,-1,-1,-1,System.Byte[],1,4,4,4,4,4,System.Byte[],0,0,0,0,0,0,System.Byte[]
900323,341100,-1,-1,-1,-1,-1,System.Byte[],1,-1,-1,-1,-1,-1,System.Byte[],1,4,4,4,4,4,System.Byte[],0,0,0,0,0,0,System.Byte[]
900324,541100,-1,-1,-1,-1,-1,System.Byte[],1,-1,-1,-1,-1,-1,System.Byte[],1,4,4,4,4,4,System.Byte[],0,0,0,0,0,0,System.Byte[]
900325,591100,-1,-1,-1,-1,-1,System.Byte[],1,-1,-1,-1,-1,-1,System.Byte[],1,4,4,4,4,4,System.Byte[],0,0,0,0,0,0,System.Byte[]
900326,601100,-1,-1,-1,-1,-1,System.Byte[],1,-1,-1,-1,-1,-1,System.Byte[],1,4,4,4,4,4,System.Byte[],0,0,0,0,0,0,System.Byte[]
900329,621100,-1,-1,-1,-1,-1,System.Byte[],1,-1,-1,-1,-1,-1,System.Byte[],1,4,4,4,4,4,System.Byte[],0,0,0,0,0,0,System.Byte[]
900330,631100,-1,-1,-1,-1,-1,System.Byte[],1,-1,-1,-1,-1,-1,System.Byte[],1,4,4,4,4,4,System.Byte[],0,0,0,0,0,0,System.Byte[]
900331,641100,-1,-1,-1,-1,-1,System.Byte[],1,-1,-1,-1,-1,-1,System.Byte[],1,4,4,4,4,4,System.Byte[],0,0,0,0,0,0,System.Byte[]
900332,652100,-1,-1,-1,-1,-1,System.Byte[],1,-1,-1,-1,-1,-1,System.Byte[],1,4,4,4,4,4,System.Byte[],0,0,0,0,0,0,System.Byte[]
900333,661100,-1,-1,-1,-1,-1,System.Byte[],1,-1,-1,-1,-1,-1,System.Byte[],1,4,4,4,4,4,System.Byte[],0,0,0,0,0,0,System.Byte[]
900334,681100,-1,-1,-1,-1,-1,System.Byte[],1,-1,-1,-1,-1,-1,System.Byte[],1,4,4,4,4,4,System.Byte[],0,0,0,0,0,0,System.Byte[]
900336,781100,-1,-1,-1,-1,-1,System.Byte[],1,-1,-1,-1,-1,-1,System.Byte[],1,4,4,4,4,4,System.Byte[],0,0,0,0,0,0,System.Byte[]
900337,791100,-1,-1,-1,-1,-1,System.Byte[],1,-1,-1,-1,-1,-1,System.Byte[],1,4,4,4,4,4,System.Byte[],0,0,0,0,0,0,System.Byte[]
900338,801000,-1,-1,-1,-1,-1,System.Byte[],1,-1,-1,-1,-1,-1,System.Byte[],1,4,4,4,4,4,System.Byte[],0,0,0,0,0,0,System.Byte[]
900339,811100,-1,-1,-1,-1,-1,System.Byte[],1,-1,-1,-1,-1,-1,System.Byte[],1,4,4,4,4,4,System.Byte[],0,0,0,0,0,0,System.Byte[]
900340,812100,-1,-1,-1,-1,-1,System.Byte[],1,-1,-1,-1,-1,-1,System.Byte[],1,4,4,4,4,4,System.Byte[],0,0,0,0,0,0,System.Byte[]
900341,861100,-1,-1,-1,-1,-1,System.Byte[],1,-1,-1,-1,-1,-1,System.Byte[],1,4,4,4,4,4,System.Byte[],0,0,0,0,0,0,System.Byte[]
900342,871100,-1,-1,-1,-1,-1,System.Byte[],1,-1,-1,-1,-1,-1,System.Byte[],1,4,4,4,4,4,System.Byte[],0,0,0,0,0,0,System.Byte[]
900343,881000,-1,-1,-1,-1,-1,System.Byte[],1,-1,-1,-1,-1,-1,System.Byte[],1,4,4,4,4,4,System.Byte[],0,0,0,0,0,0,System.Byte[]
900344,881100,-1,-1,-1,-1,-1,System.Byte[],1,-1,-1,-1,-1,-1,System.Byte[],1,4,4,4,4,4,System.Byte[],0,0,0,0,0,0,System.Byte[]
900345,903100,-1,-1,-1,-1,-1,System.Byte[],1,-1,-1,-1,-1,-1,System.Byte[],1,4,4,4,4,4,System.Byte[],0,0,0,0,0,0,System.Byte[]
900347,911100,-1,-1,-1,-1,-1,System.Byte[],1,-1,-1,-1,-1,-1,System.Byte[],1,4,4,4,4,4,System.Byte[],0,0,0,0,0,0,System.Byte[]
900349,941000,-1,-1,-1,-1,-1,System.Byte[],1,-1,-1,-1,-1,-1,System.Byte[],1,4,4,4,4,4,System.Byte[],0,0,0,0,0,0,System.Byte[]
900350,951100,-1,-1,-1,-1,-1,System.Byte[],1,-1,-1,-1,-1,-1,System.Byte[],1,4,4,4,4,4,System.Byte[],0,0,0,0,0,0,System.Byte[]
900351,981100,-1,-1,-1,-1,-1,System.Byte[],1,-1,-1,-1,-1,-1,System.Byte[],1,4,4,4,4,4,System.Byte[],0,0,0,0,0,0,System.Byte[]
900352,991100,-1,-1,-1,-1,-1,System.Byte[],1,-1,-1,-1,-1,-1,System.Byte[],1,4,4,4,4,4,System.Byte[],0,0,0,0,0,0,System.Byte[]
900353,1761100,-1,-1,-1,-1,-1,System.Byte[],1,-1,-1,-1,-1,-1,System.Byte[],1,4,4,4,4,4,System.Byte[],0,0,0,0,0,0,System.Byte[]
900354,1771100,-1,-1,-1,-1,-1,System.Byte[],1,-1,-1,-1,-1,-1,System.Byte[],1,4,4,4,4,4,System.Byte[],0,0,0,0,0,0,System.Byte[]
900355,1781100,-1,-1,-1,-1,-1,System.Byte[],1,-1,-1,-1,-1,-1,System.Byte[],1,4,4,4,4,4,System.Byte[],0,0,0,0,0,0,System.Byte[]
900356,1791100,-1,-1,-1,-1,-1,System.Byte[],1,-1,-1,-1,-1,-1,System.Byte[],1,4,4,4,4,4,System.Byte[],0,0,0,0,0,0,System.Byte[]
900357,1801100,-1,-1,-1,-1,-1,System.Byte[],1,-1,-1,-1,-1,-1,System.Byte[],1,4,4,4,4,4,System.Byte[],0,0,0,0,0,0,System.Byte[]
900358,1811100,-1,-1,-1,-1,-1,System.Byte[],1,-1,-1,-1,-1,-1,System.Byte[],1,4,4,4,4,4,System.Byte[],0,0,0,0,0,0,System.Byte[]
900359,1821100,-1,-1,-1,-1,-1,System.Byte[],1,-1,-1,-1,-1,-1,System.Byte[],1,4,4,4,4,4,System.Byte[],0,0,0,0,0,0,System.Byte[]
900360,1991100,-1,-1,-1,-1,-1,System.Byte[],1,-1,-1,-1,-1,-1,System.Byte[],1,4,4,4,4,4,System.Byte[],0,0,0,0,0,0,System.Byte[]
900361,2001100,-1,-1,-1,-1,-1,System.Byte[],1,-1,-1,-1,-1,-1,System.Byte[],1,4,4,4,4,4,System.Byte[],0,0,0,0,0,0,System.Byte[]
900362,721100,-1,-1,-1,-1,-1,System.Byte[],1,-1,-1,-1,-1,-1,System.Byte[],1,4,4,4,4,4,System.Byte[],0,0,0,0,0,0,System.Byte[]
900363,1011100,-1,-1,-1,-1,-1,System.Byte[],1,-1,-1,-1,-1,-1,System.Byte[],1,4,4,4,4,4,System.Byte[],0,0,0,0,0,0,System.Byte[]
900364,572100,-1,-1,-1,-1,-1,System.Byte[],1,-1,-1,-1,-1,-1,System.Byte[],1,4,4,4,4,4,System.Byte[],0,0,0,0,0,0,System.Byte[]
900365,573100,-1,-1,-1,-1,-1,System.Byte[],1,-1,-1,-1,-1,-1,System.Byte[],1,4,4,4,4,4,System.Byte[],0,0,0,0,0,0,System.Byte[]
900366,1941100,-1,-1,-1,-1,-1,System.Byte[],1,-1,-1,-1,-1,-1,System.Byte[],1,4,4,4,4,4,System.Byte[],0,0,0,0,0,0,System.Byte[]
900367,121000,-1,-1,-1,-1,-1,System.Byte[],1,-1,-1,-1,-1,-1,System.Byte[],1,4,4,4,4,4,System.Byte[],0,0,0,0,0,0,System.Byte[]
900368,121100,-1,-1,-1,-1,-1,System.Byte[],1,-1,-1,-1,-1,-1,System.Byte[],1,4,4,4,4,4,System.Byte[],0,0,0,0,0,0,System.Byte[]
900369,901100,-1,-1,-1,-1,-1,System.Byte[],1,-1,-1,-1,-1,-1,System.Byte[],1,4,4,4,4,4,System.Byte[],0,0,0,0,0,0,System.Byte[]
900400,461100,-1,-1,-1,-1,-1,System.Byte[],1,-1,-1,-1,-1,-1,System.Byte[],1,4,4,4,4,4,System.Byte[],0,0,0,0,0,0,System.Byte[]
900401,471100,-1,-1,-1,-1,-1,System.Byte[],1,-1,-1,-1,-1,-1,System.Byte[],1,4,4,4,4,4,System.Byte[],0,0,0,0,0,0,System.Byte[]
900402,481100,-1,-1,-1,-1,-1,System.Byte[],1,-1,-1,-1,-1,-1,System.Byte[],1,4,4,4,4,4,System.Byte[],0,0,0,0,0,0,System.Byte[]
900403,761100,-1,-1,-1,-1,-1,System.Byte[],1,-1,-1,-1,-1,-1,System.Byte[],1,4,4,4,4,4,System.Byte[],0,0,0,0,0,0,System.Byte[]
900404,771100,-1,-1,-1,-1,-1,System.Byte[],1,-1,-1,-1,-1,-1,System.Byte[],1,4,4,4,4,4,System.Byte[],0,0,0,0,0,0,System.Byte[]
