ID,lodRange,lod0ClusterType,lod1ClusterType,lod2ClusterType,pad0,distributionType,baseDensity,model0Name,flatTextureName,billboardTextureName,normalInfluence,inclinationMax,inclinationJitter,scaleBaseMin,scaleBaseMax,scaleHeightMin,scaleHeightMax,colorShade1_r,colorShade1_g,colorShade1_b,colorShade2_r,colorShade2_g,colorShade2_b,flatSplitType,flatBladeCount,flatSlant,flatRadius,castShadow,windAmplitude,pad1,windCycle,orientationAngle,orientationRange,spacing,dithering,pad,simpleModelName,model1Name
3,0,4,4,2,System.Byte[],0,1,AEG001_264,AET005_004_a,AET005_004_a,95,30,5,90,120,90,150,255,255,255,255,255,255,0,2,0,0,1,80,System.Byte[],40,-1,-1,0,0,System.Byte[],AEG001_264,
2,0,1,3,2,System.Byte[],0,1,AEG001_254,AET005_004_a,AET005_004_a,90,30,10,90,120,90,130,255,255,255,255,255,255,0,3,0,0,1,80,System.Byte[],40,-1,-1,0,0,System.Byte[],,
3,0,1,2,0,System.Byte[],0,1,AEG001_254,AET005_004_a,AET005_004_a,85,30,5,90,120,90,110,255,255,255,255,255,255,0,4,0,0,1,80,System.Byte[],40,-1,-1,0,0,System.Byte[],,
4,0,3,2,0,System.Byte[],0,1,AEG001_254,AET005_004_a,AET005_004_a,90,30,5,90,120,90,120,255,255,255,255,255,255,1,4,-30,0.4,1,80,System.Byte[],40,-1,-1,0,0,System.Byte[],,
5,0,3,2,0,System.Byte[],0,1,AEG001_254,AET005_004_a,AET005_004_a,90,30,5,90,120,90,120,255,255,255,255,255,255,1,3,30,0.4,1,80,System.Byte[],40,-1,-1,0,0,System.Byte[],,
6,0,1,2,0,System.Byte[],1,1,AEG001_254,AET005_004_a,AET005_004_a,90,30,5,90,120,90,120,255,255,255,255,255,255,0,2,0,0,1,80,System.Byte[],40,-1,-1,2,0,System.Byte[],,
7,10,1,5,0,System.Byte[],0,1,AEG001_254,AET005_004_a,AET005_004_a,90,30,0,85,110,75,150,180,180,255,255,255,255,0,2,0,0,0,80,System.Byte[],40,-1,-1,0,0,System.Byte[],AEG001_254,AEG001_255
8,11,1,5,0,System.Byte[],0,1,AEG001_245,AET005_004_a,AET005_004_a,90,30,0,60,110,20,105,180,180,100,255,255,255,0,2,0,0,0,80,System.Byte[],40,-1,-1,0,0,System.Byte[],AEG001_284,AEG001_256
9,2,1,2,0,System.Byte[],0,1,AEG001_266,AET005_004_a,AET005_004_a,90,30,0,95,105,95,105,255,255,255,255,255,255,0,2,0,0,0,80,System.Byte[],40,-1,-1,0,0,System.Byte[],,
10,0,1,2,0,System.Byte[],0,2,AEG001_267,AET005_031_a,AET005_031_a,98,5,0,65,100,65,100,255,255,255,255,255,255,0,2,0,0,0,80,System.Byte[],40,-1,-1,0,0,System.Byte[],,
11,0,1,2,0,System.Byte[],0,2,AEG001_268,AET005_031_a,AET005_031_a,98,5,0,65,100,65,100,255,255,255,255,255,255,0,2,0,0,0,80,System.Byte[],40,-1,-1,0,0,System.Byte[],,
12,0,1,2,0,System.Byte[],0,2,AEG001_269,AET005_031_a,AET005_031_a,100,0,0,65,100,65,100,255,255,255,255,255,255,0,2,0,0,0,80,System.Byte[],40,-1,-1,0,0,System.Byte[],,
13,0,1,2,0,System.Byte[],0,1,AEG001_270,AET005_031_a,AET005_031_a,100,30,5,65,100,65,100,255,255,255,255,255,255,0,2,0,0,0,80,System.Byte[],40,-1,-1,0,0,System.Byte[],,
14,0,1,2,0,System.Byte[],0,1,AEG001_271,AET005_031_a,AET005_031_a,100,30,5,65,100,65,100,255,255,255,255,255,255,0,2,0,0,0,80,System.Byte[],40,-1,-1,0,0,System.Byte[],,
15,0,1,2,0,System.Byte[],0,1,AEG001_272,AET005_031_a,AET005_031_a,100,30,5,65,100,65,100,255,255,255,255,255,255,0,2,0,0,0,80,System.Byte[],40,-1,-1,0,0,System.Byte[],,
16,0,1,2,0,System.Byte[],0,1,AEG001_273,AET005_031_a,AET005_031_a,100,30,5,65,100,65,100,255,255,255,255,255,255,0,2,0,0,0,80,System.Byte[],40,-1,-1,0,0,System.Byte[],,
17,0,1,2,0,System.Byte[],0,1,AEG001_274,AET005_007_a,AET005_013_a,100,30,5,65,85,65,85,255,255,255,255,255,255,0,2,0,0,0,80,System.Byte[],40,-1,-1,0,0,System.Byte[],,
18,0,1,2,0,System.Byte[],0,1,AEG001_275,AET005_008_a,AET005_014_a,100,30,5,65,80,65,80,255,255,255,255,255,255,0,2,0,0,0,80,System.Byte[],40,-1,-1,0,0,System.Byte[],,
19,0,1,2,0,System.Byte[],0,1,AEG001_276,AET005_006_a,AET005_031_a,100,30,5,65,100,65,100,255,255,255,255,255,255,0,2,0,0,0,80,System.Byte[],40,-1,-1,0,0,System.Byte[],,
20,0,1,2,0,System.Byte[],0,1,AEG001_278,AET005_007_a,AET005_013_a,100,30,5,65,85,65,85,255,255,255,255,255,255,0,2,0,0,0,80,System.Byte[],40,-1,-1,0,0,System.Byte[],,
21,0,1,2,0,System.Byte[],0,1,AEG001_279,AET005_008_a,AET005_014_a,100,30,5,65,80,65,80,255,255,255,255,255,255,0,2,0,0,0,80,System.Byte[],40,-1,-1,0,0,System.Byte[],,
22,0,1,2,0,System.Byte[],0,1,AEG001_282,AET005_004_a,AET005_004_a,90,30,0,95,105,95,105,255,255,255,255,255,255,0,2,0,0,0,80,System.Byte[],40,-1,-1,0,0,System.Byte[],,
23,0,1,2,0,System.Byte[],0,1,AEG001_283,AET005_004_a,AET005_004_a,90,30,0,95,105,95,105,255,255,255,255,255,255,0,2,0,0,0,80,System.Byte[],40,-1,-1,0,0,System.Byte[],,
24,0,1,2,0,System.Byte[],0,1,AEG001_240,AET003_904_a,AET005_031_a,100,30,5,65,100,65,100,255,255,255,255,255,255,0,2,0,0,0,80,System.Byte[],40,-1,-1,0,0,System.Byte[],,
25,0,1,2,0,System.Byte[],0,5,AEG001_240,AET003_904_a,AET005_031_a,100,30,5,65,100,65,100,255,255,255,255,255,255,0,2,0,0,0,80,System.Byte[],40,-1,-1,0,0,System.Byte[],,
26,0,1,2,0,System.Byte[],0,1,AEG001_003,AET005_020_a,AET005_021_a,90,30,0,95,105,95,105,255,255,255,255,255,255,0,2,0,0,0,80,System.Byte[],40,-1,-1,0,0,System.Byte[],,
27,0,1,2,0,System.Byte[],0,1,AEG001_250,AET005_015_a,AET005_016_a,90,30,0,95,105,95,105,255,255,255,255,255,255,0,2,0,0,0,80,System.Byte[],40,-1,-1,0,0,System.Byte[],,
28,0,1,2,0,System.Byte[],0,1,AEG001_251,AET005_017_a,AET005_018_a,100,30,5,65,80,65,80,255,255,255,255,255,255,0,2,0,0,0,80,System.Byte[],40,-1,-1,0,0,System.Byte[],,
29,0,1,2,0,System.Byte[],0,1,AEG001_252,AET005_011_a,AET005_012_a,100,30,5,65,85,65,85,255,255,255,255,255,255,0,2,0,0,0,80,System.Byte[],40,-1,-1,0,0,System.Byte[],,
30,0,1,1,0,System.Byte[],0,1,AEG001_264,AET005_004_a,AET005_004_a,90,30,0,95,105,95,105,255,255,255,255,255,255,0,2,0,0,0,80,System.Byte[],40,-1,-1,0,0,System.Byte[],,
31,0,1,1,0,System.Byte[],0,1,AEG800_451,AET005_004_a,AET005_004_a,90,30,0,95,105,95,105,255,255,255,255,255,255,0,2,0,0,0,80,System.Byte[],40,-1,-1,0,0,System.Byte[],,
32,0,1,2,0,System.Byte[],0,1,AEG001_241,AET005_004_a,AET005_004_a,90,30,0,95,105,95,105,255,255,255,255,255,255,0,2,0,0,0,80,System.Byte[],40,-1,-1,0,0,System.Byte[],,
37,0,1,2,0,System.Byte[],0,1,AEG001_253,AET005_004_a,AET005_004_a,90,30,0,95,105,95,105,255,255,255,255,255,255,0,2,0,0,0,80,System.Byte[],40,-1,-1,0,0,System.Byte[],,
38,0,1,4,2,System.Byte[],0,1,AEG098_100,AET999_994_a,AET999_994_a,0,0,0,100,100,100,100,255,255,255,255,255,255,0,2,0,0,0,80,System.Byte[],40,-1,-1,0,0,System.Byte[],AEG001_286,
39,2,1,4,2,System.Byte[],0,1,AEG001_265,AET005_004_a,AET005_043_a,90,30,0,95,105,95,105,255,255,255,255,255,255,0,2,0,0,0,80,System.Byte[],40,-1,-1,0,0,System.Byte[],AEG001_287,
40,10,1,5,0,System.Byte[],0,1,AEG001_315,AET005_004_a,AET005_004_a,90,30,0,85,110,75,150,255,255,255,255,255,255,0,2,0,0,0,80,System.Byte[],40,-1,-1,0,0,System.Byte[],AEG001_315,AEG001_316
41,11,1,5,0,System.Byte[],0,1,AEG001_317,AET005_004_a,AET005_004_a,90,30,0,60,110,20,105,255,255,255,255,255,255,0,2,0,0,0,80,System.Byte[],40,-1,-1,0,0,System.Byte[],AEG001_284,AEG001_318
42,10,1,5,0,System.Byte[],0,1,AEG001_342,AET005_004_a,AET005_004_a,90,30,0,100,125,100,150,255,180,180,255,255,255,0,2,0,0,0,80,System.Byte[],40,-1,-1,0,0,System.Byte[],AEG001_342,AEG001_231
43,10,1,5,0,System.Byte[],0,1,AEG001_344,AET005_004_a,AET005_004_a,90,30,0,85,115,20,105,255,180,180,255,255,255,0,2,0,0,0,80,System.Byte[],40,-1,-1,0,0,System.Byte[],AEG001_344,AEG001_231
44,10,1,5,0,System.Byte[],0,1,AEG001_325,AET005_004_a,AET005_004_a,90,30,0,85,110,75,150,255,255,255,255,255,255,0,2,0,0,0,80,System.Byte[],40,-1,-1,0,0,System.Byte[],AEG001_325,AEG001_326
45,11,1,5,0,System.Byte[],0,1,AEG001_327,AET005_004_a,AET005_004_a,90,30,0,60,110,20,105,255,255,255,255,255,255,0,2,0,0,0,80,System.Byte[],40,-1,-1,0,0,System.Byte[],AEG001_284,AEG001_328
46,10,1,5,0,System.Byte[],0,1,AEG001_330,AET005_004_a,AET005_004_a,90,30,0,85,110,75,150,255,255,255,255,255,255,0,2,0,0,0,80,System.Byte[],40,-1,-1,0,0,System.Byte[],AEG001_330,AEG001_331
47,11,1,5,0,System.Byte[],0,1,AEG001_332,AET005_004_a,AET005_004_a,90,30,0,60,110,20,105,255,255,255,255,255,255,0,2,0,0,0,80,System.Byte[],40,-1,-1,0,0,System.Byte[],AEG001_284,AEG001_333
48,10,1,5,0,System.Byte[],0,1,AEG001_310,AET005_004_a,AET005_004_a,90,30,0,85,110,75,150,255,255,255,255,255,255,0,2,0,0,0,80,System.Byte[],40,-1,-1,0,0,System.Byte[],AEG001_310,AEG001_312
49,11,1,5,0,System.Byte[],0,1,AEG001_311,AET005_004_a,AET005_004_a,90,30,0,60,110,20,105,255,255,255,255,255,255,0,2,0,0,0,80,System.Byte[],40,-1,-1,0,0,System.Byte[],AEG001_284,AEG001_312
50,1,1,4,2,System.Byte[],0,1,AEG098_100,AET005_004_a,AET005_004_a,90,30,0,95,105,95,105,255,255,255,255,255,255,0,2,0,0,0,80,System.Byte[],40,-1,-1,0,0,System.Byte[],AEG001_284,
51,1,1,4,2,System.Byte[],0,1,AEG098_101,AET005_004_a,AET005_004_a,90,30,0,95,105,95,105,255,255,255,255,255,255,0,2,0,0,0,80,System.Byte[],40,-1,-1,0,0,System.Byte[],AEG001_284,
52,1,1,4,2,System.Byte[],0,1,AEG098_102,AET005_004_a,AET005_004_a,90,30,0,95,105,95,105,255,255,255,255,255,255,0,2,0,0,0,80,System.Byte[],40,-1,-1,0,0,System.Byte[],AEG001_284,
53,2,1,4,0,System.Byte[],0,1,AEG098_110,AET005_004_a,AET005_004_a,90,30,0,95,105,95,105,255,255,255,255,255,255,0,2,0,0,0,80,System.Byte[],40,-1,-1,0,0,System.Byte[],AEG098_119,
54,2,1,4,0,System.Byte[],0,1,AEG098_111,AET005_004_a,AET005_004_a,90,30,0,95,105,95,105,255,255,255,255,255,255,0,2,0,0,0,80,System.Byte[],40,-1,-1,0,0,System.Byte[],AEG098_119,
55,2,1,4,0,System.Byte[],0,1,AEG098_112,AET005_004_a,AET005_004_a,90,30,0,95,105,95,105,255,255,255,255,255,255,0,2,0,0,0,80,System.Byte[],40,-1,-1,0,0,System.Byte[],AEG098_119,
56,0,1,2,0,System.Byte[],0,1,AEG098_116,AET005_031_a,AET005_031_a,100,30,0,65,100,95,100,255,255,255,255,255,255,0,2,0,0,0,80,System.Byte[],40,-1,-1,0,0,System.Byte[],,
57,0,1,2,0,System.Byte[],0,1,AEG098_117,AET005_031_a,AET005_031_a,100,30,0,65,100,95,100,255,255,255,255,255,255,0,2,0,0,0,80,System.Byte[],40,-1,-1,0,0,System.Byte[],,
58,0,1,2,0,System.Byte[],0,1,AEG098_118,AET005_031_a,AET005_031_a,100,30,0,65,100,95,100,255,255,255,255,255,255,0,2,0,0,0,80,System.Byte[],40,-1,-1,0,0,System.Byte[],,
59,0,1,4,2,System.Byte[],0,1,AEG098_113,AET005_004_a,AET005_004_a,100,0,0,80,100,80,100,255,255,255,255,255,255,0,2,0,0,0,80,System.Byte[],40,-1,-1,0,0,System.Byte[],AEG001_254,AEG001_255
60,0,1,4,2,System.Byte[],0,1,AEG098_211,AET005_004_a,AET005_004_a,100,45,0,75,125,75,125,128,128,128,255,255,255,0,2,0,0,0,80,System.Byte[],40,-1,-1,0,0,System.Byte[],,
61,0,1,4,2,System.Byte[],0,1,AEG098_115,AET005_004_a,AET005_004_a,90,30,0,95,105,95,105,255,255,255,255,255,255,0,2,0,0,0,80,System.Byte[],40,-1,-1,0,0,System.Byte[],AEG001_284,
62,0,1,5,0,System.Byte[],0,1,AEG098_120,AET005_031_a,AET005_031_a,100,30,0,65,100,95,100,255,255,255,255,255,255,0,2,0,0,0,80,System.Byte[],40,-1,-1,0,0,System.Byte[],,
63,0,1,5,0,System.Byte[],0,1,AEG098_121,AET005_031_a,AET005_031_a,100,30,0,65,100,95,100,255,255,255,255,255,255,0,2,0,0,0,80,System.Byte[],40,-1,-1,0,0,System.Byte[],,
64,0,1,5,0,System.Byte[],0,2,AEG098_122,AET005_031_a,AET005_031_a,100,30,0,100,100,95,80,255,255,255,255,255,255,0,1,0,0,0,80,System.Byte[],40,-1,-1,0,0,System.Byte[],,
65,11,1,5,0,System.Byte[],0,1,AEG098_103,AET005_004_a,AET005_004_a,90,30,0,60,110,20,105,255,255,255,255,255,255,0,2,0,0,0,80,System.Byte[],40,-1,-1,0,0,System.Byte[],AEG001_284,AEG001_318
66,4,1,0,0,System.Byte[],0,3,AEG098_136,AET005_004_a,AET005_004_a,100,45,0,100,120,100,100,255,255,255,255,255,255,0,2,0,0,0,80,System.Byte[],40,-1,-1,0,0,System.Byte[],,
70,12,1,5,0,System.Byte[],0,1,AEG001_308,AET005_004_a,AET005_004_a,90,30,0,85,110,75,150,255,215,200,255,255,255,0,2,0,0,0,80,System.Byte[],40,-1,-1,0,0,System.Byte[],AEG001_308,AEG001_312
71,0,1,5,0,System.Byte[],0,1,AEG098_200,AET005_004_a,AET005_004_a,100,0,0,80,100,80,100,255,255,255,255,255,255,0,2,0,0,0,80,System.Byte[],40,-1,-1,0,0,System.Byte[],AEG001_254,AEG001_255
72,0,1,5,0,System.Byte[],0,1,AEG098_201,AET005_004_a,AET005_004_a,100,0,0,80,100,80,100,255,255,255,255,255,255,0,2,0,0,0,80,System.Byte[],40,-1,-1,0,0,System.Byte[],AEG001_254,AEG001_255
73,0,1,5,0,System.Byte[],0,1,AEG098_202,AET005_004_a,AET005_004_a,100,0,0,80,100,80,100,255,255,255,255,255,255,0,2,0,0,0,80,System.Byte[],40,-1,-1,0,0,System.Byte[],AEG001_254,AEG001_255
74,0,1,5,0,System.Byte[],0,1,AEG098_203,AET005_004_a,AET005_004_a,100,0,0,80,100,80,100,255,255,255,255,255,255,0,2,0,0,0,80,System.Byte[],40,-1,-1,0,0,System.Byte[],AEG001_254,AEG001_255
75,0,1,5,0,System.Byte[],0,1,AEG098_204,AET005_004_a,AET005_004_a,100,0,0,80,100,80,100,255,255,255,255,255,255,0,2,0,0,0,80,System.Byte[],40,-1,-1,0,0,System.Byte[],AEG001_254,AEG001_255
76,0,1,5,0,System.Byte[],0,1,AEG098_205,AET005_004_a,AET005_004_a,100,0,0,80,100,80,100,255,255,255,255,255,255,0,2,0,0,0,80,System.Byte[],40,-1,-1,0,0,System.Byte[],AEG001_254,AEG001_255
77,0,1,5,0,System.Byte[],0,1,AEG098_206,AET005_004_a,AET005_004_a,100,0,0,80,100,80,100,255,255,255,255,255,255,0,2,0,0,0,80,System.Byte[],40,-1,-1,0,0,System.Byte[],AEG001_254,AEG001_255
78,0,1,5,0,System.Byte[],0,1,AEG098_207,AET005_004_a,AET005_004_a,100,30,0,80,100,80,100,255,255,255,255,255,255,0,2,0,0,0,80,System.Byte[],40,-1,-1,0,0,System.Byte[],AEG001_254,AEG001_255
79,0,1,5,0,System.Byte[],0,1,AEG098_208,AET005_004_a,AET005_004_a,100,0,0,80,100,80,100,255,255,255,255,255,255,0,2,0,0,0,80,System.Byte[],40,-1,-1,0,0,System.Byte[],AEG001_254,AEG001_255
80,0,1,5,0,System.Byte[],0,1,AEG098_209,AET005_004_a,AET005_004_a,100,0,0,80,100,80,100,255,255,255,255,255,255,0,2,0,0,0,80,System.Byte[],40,-1,-1,0,0,System.Byte[],AEG001_254,AEG001_255
81,10,1,5,0,System.Byte[],0,1,AEG001_189,AET005_004_a,AET005_004_a,90,30,0,100,125,100,150,255,255,255,255,255,255,0,2,0,0,0,80,System.Byte[],40,-1,-1,0,0,System.Byte[],AEG001_320,AEG001_186
82,11,1,5,0,System.Byte[],0,1,AEG001_188,AET005_004_a,AET005_004_a,90,30,0,85,115,20,105,255,255,255,255,255,255,0,2,0,0,0,80,System.Byte[],40,-1,-1,0,0,System.Byte[],AEG001_284,AEG001_186
83,2,1,5,0,System.Byte[],0,1,AEG001_187,AET005_004_a,AET005_004_a,90,30,0,95,105,95,105,255,255,255,255,255,255,0,2,0,0,0,80,System.Byte[],40,30,30,0,0,System.Byte[],AEG098_119,
84,0,1,5,0,System.Byte[],0,1,AEG001_379,AET005_004_a,AET005_004_a,100,0,0,80,100,80,120,255,255,255,255,255,255,0,2,0,0,0,80,System.Byte[],40,-1,-1,0,0,System.Byte[],AEG001_379,AEG001_379
85,0,1,5,0,System.Byte[],0,1,AEG098_210,AET005_004_a,AET005_004_a,100,0,0,80,100,80,100,255,255,255,255,255,255,0,2,0,0,0,80,System.Byte[],40,-1,-1,0,0,System.Byte[],AEG001_254,
89,0,1,5,0,System.Byte[],0,1,AEG001_434,AET005_004_a,AET005_004_a,100,30,0,80,100,80,100,255,255,255,255,255,255,0,2,0,0,0,80,System.Byte[],40,-1,-1,0,0,System.Byte[],AEG001_254,AEG001_231
90,10,1,5,0,System.Byte[],0,1,AEG001_210,AET005_004_a,AET005_004_a,100,45,0,100,125,100,150,255,180,180,255,255,255,0,2,0,0,0,80,System.Byte[],40,-1,-1,0,0,System.Byte[],AEG001_210,AEG001_216
91,10,1,5,0,System.Byte[],0,1,AEG001_211,AET005_004_a,AET005_004_a,100,45,0,85,115,20,105,255,180,180,255,255,255,0,2,0,0,0,80,System.Byte[],40,-1,-1,0,0,System.Byte[],AEG001_211,AEG001_216
92,4,1,0,0,System.Byte[],0,0.7,AEG001_212,AET005_004_a,AET005_004_a,100,45,0,80,130,100,100,255,255,255,255,255,255,0,2,0,0,0,80,System.Byte[],40,-1,-1,0,0,System.Byte[],,
93,10,1,1,0,System.Byte[],0,0.7,AEG001_213,AET005_004_a,AET005_004_a,100,45,0,100,100,50,100,255,255,255,255,255,255,0,2,0,0,0,80,System.Byte[],40,-1,-1,0,0,System.Byte[],,
94,10,1,1,0,System.Byte[],0,0.7,AEG001_214,AET005_004_a,AET005_004_a,100,45,0,100,100,50,100,255,255,255,255,255,255,0,2,0,0,0,80,System.Byte[],40,-1,-1,0,0,System.Byte[],,
95,10,1,1,0,System.Byte[],0,0.7,AEG001_215,AET005_004_a,AET005_004_a,100,45,0,100,100,80,110,255,255,255,255,255,255,0,2,0,0,0,80,System.Byte[],40,30,30,0,0,System.Byte[],,
96,10,1,1,0,System.Byte[],0,1,AEG001_218,AET005_004_a,AET005_004_a,100,45,0,100,100,50,100,255,255,255,255,255,255,0,2,0,0,0,80,System.Byte[],40,-1,-1,0,0,System.Byte[],,
97,10,1,1,0,System.Byte[],0,0.7,AEG001_219,AET005_004_a,AET005_004_a,100,45,0,100,100,50,100,255,255,255,255,255,255,0,2,0,0,0,80,System.Byte[],40,-1,-1,0,0,System.Byte[],,
98,10,1,5,0,System.Byte[],0,1,AEG001_364,AET005_004_a,AET005_004_a,90,30,0,85,110,75,150,255,255,255,255,255,255,0,2,0,0,0,80,System.Byte[],40,-1,-1,0,0,System.Byte[],AEG001_364,AEG001_365
99,4,1,0,0,System.Byte[],0,0.7,AEG001_233,AET005_004_a,AET005_004_a,100,45,0,80,130,100,100,255,255,255,255,255,255,0,2,0,0,0,80,System.Byte[],40,-1,-1,0,0,System.Byte[],,
100,0,1,2,0,System.Byte[],0,1,AEG098_000,AET005_031_a,AET005_031_a,100,30,0,65,100,65,100,255,255,255,255,255,255,0,2,0,0,0,80,System.Byte[],40,-1,-1,0,0,System.Byte[],,
101,0,1,2,0,System.Byte[],0,1,AEG098_001,AET005_031_a,AET005_031_a,100,30,0,65,100,65,100,255,255,255,255,255,255,0,2,0,0,0,80,System.Byte[],40,-1,-1,0,0,System.Byte[],,
102,0,1,2,0,System.Byte[],0,1,AEG098_002,AET005_031_a,AET005_031_a,100,100,5,70,100,70,100,255,255,255,255,255,255,0,2,5,0,0,80,System.Byte[],40,-1,-1,0,0,System.Byte[],,
103,0,1,2,0,System.Byte[],0,1,AEG098_003,AET005_031_a,AET005_031_a,90,20,0,65,100,65,100,255,255,255,255,255,255,0,3,0,0,0,80,System.Byte[],40,-1,-1,0,0,System.Byte[],,
104,0,1,2,0,System.Byte[],0,1,AEG098_004,AET005_031_a,AET005_031_a,100,100,5,70,100,70,100,255,255,255,255,255,255,0,2,0,0,0,80,System.Byte[],40,-1,-1,0,0,System.Byte[],,
105,0,1,2,0,System.Byte[],0,1,AEG098_005,AET005_031_a,AET005_031_a,100,30,5,65,100,65,100,255,255,255,255,255,255,0,2,0,0,0,80,System.Byte[],40,-1,-1,0,0,System.Byte[],,
106,0,1,2,0,System.Byte[],0,1,AEG098_006,AET005_031_a,AET005_031_a,100,30,0,65,100,95,80,255,255,255,255,255,255,0,1,0,0,0,80,System.Byte[],40,-1,-1,0,0,System.Byte[],,
107,0,1,2,0,System.Byte[],0,1,AEG098_007,AET005_031_a,AET005_031_a,100,30,0,65,100,95,100,255,255,255,255,255,255,0,2,0,0,0,80,System.Byte[],40,-1,-1,0,0,System.Byte[],,
108,0,1,2,0,System.Byte[],0,1,AEG098_008,AET005_031_a,AET005_031_a,100,30,0,65,100,95,100,255,255,255,255,255,255,0,2,0,0,0,80,System.Byte[],40,-1,-1,0,0,System.Byte[],,
109,0,1,2,0,System.Byte[],0,1,AEG098_009,AET005_031_a,AET005_031_a,100,30,0,65,100,95,100,255,255,255,255,255,255,0,2,0,0,0,80,System.Byte[],40,-1,-1,0,0,System.Byte[],,
110,0,1,2,0,System.Byte[],0,1,AEG098_010,AET005_031_a,AET005_031_a,100,30,0,65,100,95,100,255,255,255,255,255,255,0,2,0,0,0,80,System.Byte[],40,-1,-1,0,0,System.Byte[],,
111,0,1,2,0,System.Byte[],0,1,AEG098_011,AET005_031_a,AET005_031_a,100,30,0,65,100,95,100,255,255,255,255,255,255,0,2,0,0,0,80,System.Byte[],40,-1,-1,0,0,System.Byte[],,
112,0,1,2,0,System.Byte[],0,1,AEG098_012,AET005_031_a,AET005_031_a,100,30,0,65,100,95,100,255,255,255,255,255,255,0,2,0,0,0,80,System.Byte[],40,-1,-1,0,0,System.Byte[],,
113,0,1,2,0,System.Byte[],0,1,AEG098_013,AET005_031_a,AET005_031_a,100,30,0,65,100,70,150,255,255,255,255,255,255,0,2,0,0,0,80,System.Byte[],40,-1,-1,0,0,System.Byte[],,
114,0,1,2,0,System.Byte[],0,1,AEG098_014,AET005_031_a,AET005_031_a,100,30,0,65,100,95,100,255,255,255,255,255,255,0,2,0,0,0,80,System.Byte[],40,-1,-1,0,0,System.Byte[],,
115,0,1,2,0,System.Byte[],0,1,AEG098_015,AET005_031_a,AET005_031_a,100,30,0,65,100,95,100,255,255,255,255,255,255,0,2,0,0,0,80,System.Byte[],40,-1,-1,0,0,System.Byte[],,
116,0,1,1,0,System.Byte[],0,1,AEG098_016,AET005_004_a,AET005_004_a,90,30,0,95,105,95,105,255,255,255,255,255,255,0,2,0,0,0,80,System.Byte[],40,-1,-1,0,0,System.Byte[],,
117,0,1,2,0,System.Byte[],0,1,AEG098_017,AET005_031_a,AET005_031_a,100,30,0,65,100,65,100,255,255,255,255,255,255,0,2,0,0,0,80,System.Byte[],40,-1,-1,0,0,System.Byte[],,
118,2,1,0,0,System.Byte[],0,0.4,AEG098_023,AET005_031_a,AET005_031_a,100,60,0,65,100,95,80,255,255,255,255,255,255,0,1,0,0,0,80,System.Byte[],40,-1,-1,0,0,System.Byte[],,
119,0,1,2,0,System.Byte[],0,1,AEG098_018,AET005_031_a,AET005_031_a,100,30,0,65,100,65,100,255,255,255,255,255,255,0,2,0,0,0,80,System.Byte[],40,-1,-1,0,0,System.Byte[],,
120,0,1,2,0,System.Byte[],0,7,AEG098_019,AET005_031_a,AET005_031_a,100,2,0,100,160,30,160,255,255,255,255,255,255,0,2,0,0,0,80,System.Byte[],40,-1,-1,0,0,System.Byte[],,
121,0,1,2,0,System.Byte[],0,2,AEG098_020,AET005_031_a,AET005_031_a,100,30,0,90,100,90,110,255,255,255,255,255,255,0,6,0,0,0,80,System.Byte[],40,-1,-1,0,0,System.Byte[],,
122,0,1,2,0,System.Byte[],0,2,AEG098_021,AET005_031_a,AET005_031_a,100,30,5,90,120,90,110,255,255,255,255,255,255,0,6,0,0,0,80,System.Byte[],40,-1,-1,0,0,System.Byte[],,
123,0,1,1,0,System.Byte[],0,4,AEG098_022,AET005_031_a,AET005_031_a,100,30,0,65,100,65,100,255,255,255,255,255,255,0,2,0,0,0,80,System.Byte[],40,-1,-1,0,0,System.Byte[],,
124,0,1,1,0,System.Byte[],0,1,AEG098_024,AET230_042_a,AET230_042_a,90,30,0,85,115,85,115,255,255,255,255,255,255,0,2,0,0,0,80,System.Byte[],40,-1,-1,0,0,System.Byte[],,
125,0,1,2,0,System.Byte[],0,1,AEG098_025,AET005_031_a,AET005_031_a,100,30,0,65,100,65,100,255,255,255,255,255,255,0,2,0,0,0,80,System.Byte[],40,-1,-1,0,0,System.Byte[],,
126,0,1,2,0,System.Byte[],0,1,AEG098_026,AET005_031_a,AET005_031_a,100,30,0,65,100,65,100,255,255,255,255,255,255,0,2,0,0,0,80,System.Byte[],40,-1,-1,0,0,System.Byte[],,
127,2,1,1,0,System.Byte[],0,1,AEG098_027,AET005_004_a,AET005_004_a,90,30,0,95,105,95,105,255,255,255,255,255,255,0,2,0,0,0,80,System.Byte[],40,-1,-1,0,0,System.Byte[],,
128,0,1,1,0,System.Byte[],0,0.7,AEG098_028,AET005_031_a,AET005_031_a,100,30,0,65,100,65,100,255,255,255,255,255,255,0,2,0,0,0,80,System.Byte[],40,-1,-1,0,0,System.Byte[],,
129,0,1,2,0,System.Byte[],0,2,AEG098_026,AET005_031_a,AET005_031_a,90,30,0,65,100,65,100,255,255,255,255,255,255,0,2,0,0,0,80,System.Byte[],40,-1,-1,0,0,System.Byte[],,
130,0,1,2,0,System.Byte[],0,1,AEG098_029,AET005_031_a,AET005_031_a,94,30,0,65,100,65,100,255,255,255,255,255,255,0,2,0,0,0,80,System.Byte[],40,-1,-1,0,0,System.Byte[],,
131,0,1,2,0,System.Byte[],0,1,AEG098_030,AET005_031_a,AET005_031_a,100,30,0,65,100,65,100,255,255,255,255,255,255,0,2,0,0,0,80,System.Byte[],40,-1,-1,0,0,System.Byte[],,
132,2,1,2,0,System.Byte[],0,1,AEG098_031,AET005_031_a,AET005_031_a,100,30,0,65,100,95,100,255,255,255,255,255,255,0,2,0,0,0,80,System.Byte[],40,-1,-1,0,0,System.Byte[],,
133,2,1,2,0,System.Byte[],0,1,AEG098_032,AET005_031_a,AET005_031_a,100,30,0,65,100,95,100,255,255,255,255,255,255,0,2,0,0,0,80,System.Byte[],40,-1,-1,0,0,System.Byte[],,
134,2,1,0,0,System.Byte[],0,0.6,AEG098_033,AET005_031_a,AET005_031_a,100,30,0,90,130,100,100,255,255,255,255,255,255,0,2,0,0,0,80,System.Byte[],40,-1,-1,0,0,System.Byte[],,
135,2,1,0,0,System.Byte[],0,1,AEG098_034,AET005_031_a,AET005_031_a,100,30,0,65,100,95,100,255,255,255,255,255,255,0,2,0,0,0,80,System.Byte[],40,-1,-1,0,0,System.Byte[],,
136,0,1,2,0,System.Byte[],0,1,AEG098_035,AET005_031_a,AET005_031_a,100,30,0,65,100,65,100,255,255,255,255,255,255,0,2,0,0,0,80,System.Byte[],40,-1,-1,0,0,System.Byte[],,
137,2,1,2,0,System.Byte[],0,1,AEG098_036,AET005_031_a,AET005_031_a,100,30,0,65,100,65,100,255,255,255,255,255,255,0,2,0,0,0,80,System.Byte[],40,-1,-1,0,0,System.Byte[],,
138,0,1,2,0,System.Byte[],0,1,AEG098_037,AET005_031_a,AET005_031_a,100,45,0,65,100,95,80,255,255,255,255,255,255,0,1,0,0,0,80,System.Byte[],40,0,0,0,0,System.Byte[],,
139,0,1,2,2,System.Byte[],0,1,AEG098_038,AET240_800_a,AET240_800_a,90,45,5,95,105,95,105,255,255,255,255,255,255,0,2,0,0,0,80,System.Byte[],40,-1,-1,0,0,System.Byte[],,
140,0,1,2,2,System.Byte[],0,1,AEG098_039,AET240_800_a,AET240_800_a,90,45,5,95,105,95,105,255,255,255,255,255,255,0,2,0,0,0,80,System.Byte[],40,-1,-1,0,0,System.Byte[],,
141,0,1,2,2,System.Byte[],0,1,AEG098_040,AET240_800_a,AET005_031_a,100,30,0,95,105,95,105,255,255,255,255,255,255,0,2,0,0,0,80,System.Byte[],40,-1,-1,0,0,System.Byte[],,
142,0,1,2,0,System.Byte[],0,1,AEG098_041,AET005_031_a,AET005_031_a,100,45,5,65,100,65,100,255,255,255,255,255,255,0,2,0,0,0,80,System.Byte[],40,-1,-1,0,0,System.Byte[],,
143,0,1,2,0,System.Byte[],0,1,AEG098_042,AET005_004_a,AET005_004_a,90,30,0,95,105,95,105,255,255,255,255,255,255,0,2,0,0,0,80,System.Byte[],40,-1,-1,0,0,System.Byte[],,
144,2,1,2,0,System.Byte[],0,0.4,AEG098_043,AET005_004_a,AET005_004_a,90,30,0,95,105,80,105,255,255,255,255,255,255,0,2,0,0,0,80,System.Byte[],40,-1,-1,0,0,System.Byte[],,
145,0,1,2,0,System.Byte[],0,0.4,AEG098_044,AET005_004_a,AET005_004_a,90,30,0,95,105,80,105,255,255,255,255,255,255,0,2,0,0,0,80,System.Byte[],40,-1,-1,0,0,System.Byte[],,
146,0,1,2,0,System.Byte[],0,1,AEG098_045,AET005_004_a,AET005_004_a,90,30,0,95,105,95,105,255,255,255,255,255,255,0,2,0,0,0,80,System.Byte[],40,-1,-1,0,0,System.Byte[],,
147,2,1,2,0,System.Byte[],0,1,AEG098_046,AET005_031_a,AET005_031_a,100,30,0,65,100,95,100,255,255,255,255,255,255,0,2,0,0,0,80,System.Byte[],40,-1,-1,0,0,System.Byte[],,
148,0,1,2,0,System.Byte[],0,1,AEG098_047,AET005_031_a,AET005_031_a,100,30,0,65,100,95,100,255,255,255,255,255,255,0,2,0,0,0,80,System.Byte[],40,-1,-1,0,0,System.Byte[],,
149,0,1,2,0,System.Byte[],0,3,AEG098_048,AET005_031_a,AET005_031_a,100,30,0,90,130,90,130,255,255,255,255,255,255,0,2,0,0,0,80,System.Byte[],40,-1,-1,0,0,System.Byte[],,
150,0,1,2,0,System.Byte[],0,2,AEG098_049,AET005_031_a,AET005_031_a,100,5,0,75,200,75,200,255,255,255,255,255,255,0,2,0,0,0,80,System.Byte[],40,-1,-1,0,0,System.Byte[],,
151,0,1,2,0,System.Byte[],0,5,AEG098_050,AET005_031_a,AET005_031_a,100,45,0,75,150,75,150,255,255,255,255,255,255,0,2,0,0,0,80,System.Byte[],40,-1,-1,0,0,System.Byte[],,
152,0,1,2,0,System.Byte[],0,1,AEG098_051,AET005_007_a,AET005_013_a,100,30,5,65,85,65,85,255,255,255,255,255,255,0,2,0,0,0,80,System.Byte[],40,-1,-1,0,0,System.Byte[],,
153,0,1,2,0,System.Byte[],0,1,AEG098_052,AET005_004_a,AET005_004_a,90,30,0,95,105,95,105,255,255,255,255,255,255,0,2,0,0,0,80,System.Byte[],40,-1,-1,0,0,System.Byte[],,
154,0,1,2,0,System.Byte[],0,1,AEG098_053,AET005_004_a,AET005_004_a,90,30,0,95,105,95,105,255,255,255,255,255,255,0,2,0,0,0,80,System.Byte[],40,-1,-1,0,0,System.Byte[],,
155,0,1,2,0,System.Byte[],0,4,AEG098_054,AET005_031_a,AET005_031_a,100,45,0,75,125,90,130,255,255,255,255,255,255,0,2,0,0,0,80,System.Byte[],40,-1,-1,0,0,System.Byte[],,
156,0,1,2,0,System.Byte[],0,4,AEG098_055,AET005_031_a,AET005_031_a,70,15,5,65,100,65,100,255,255,255,255,255,255,0,2,0,0,0,80,System.Byte[],40,-1,-1,0,0,System.Byte[],,
157,0,1,2,0,System.Byte[],0,1,AEG098_056,AET005_031_a,AET005_031_a,100,30,0,65,100,65,100,255,255,255,255,255,255,0,2,0,0,0,80,System.Byte[],40,-1,-1,0,0,System.Byte[],,
158,0,1,2,0,System.Byte[],0,1,AEG098_057,AET005_031_a,AET005_031_a,100,30,0,65,100,65,100,255,255,255,255,255,255,0,2,0,0,0,80,System.Byte[],40,-1,-1,0,0,System.Byte[],,
159,0,1,2,0,System.Byte[],0,1,AEG098_058,AET005_031_a,AET005_031_a,100,30,0,80,100,80,100,255,255,255,255,255,255,0,2,0,0,0,80,System.Byte[],40,-1,-1,0,0,System.Byte[],,
160,0,1,2,0,System.Byte[],0,1,AEG098_059,AET005_031_a,AET005_031_a,100,30,0,80,100,80,100,255,255,255,255,255,255,0,2,0,0,0,80,System.Byte[],40,-1,-1,0,0,System.Byte[],,
161,0,1,2,0,System.Byte[],0,1,AEG098_060,AET005_031_a,AET005_031_a,100,30,0,80,100,80,100,255,255,255,255,255,255,0,2,0,0,0,80,System.Byte[],40,-1,-1,0,0,System.Byte[],,
162,0,1,2,0,System.Byte[],0,1,AEG098_061,AET005_004_a,AET005_004_a,90,30,0,85,115,85,115,255,255,255,255,255,255,0,2,0,0,0,80,System.Byte[],40,-1,-1,0,0,System.Byte[],,
163,2,1,5,0,System.Byte[],0,2.5,AEG098_062,AET005_004_a,AET005_004_a,90,60,0,95,105,95,105,255,255,255,255,255,255,0,2,0,0,0,80,System.Byte[],40,-1,-1,0,0,System.Byte[],,AEG098_176
164,0,1,2,0,System.Byte[],0,1,AEG098_063,AET005_031_a,AET005_031_a,100,30,0,65,100,65,100,255,255,255,255,255,255,0,2,0,0,0,80,System.Byte[],40,-1,-1,0,0,System.Byte[],,
165,0,1,2,0,System.Byte[],0,1,AEG098_064,AET005_031_a,AET005_031_a,100,30,0,90,130,90,130,255,255,255,255,255,255,0,2,0,0,0,80,System.Byte[],40,-1,-1,0,0,System.Byte[],,
166,0,1,2,0,System.Byte[],0,1,AEG098_065,AET005_031_a,AET005_031_a,100,30,0,65,100,65,100,255,255,255,255,255,255,0,2,0,0,0,80,System.Byte[],40,-1,-1,0,0,System.Byte[],,
167,11,1,5,0,System.Byte[],0,4,AEG098_066,AET005_004_a,AET005_004_a,90,60,0,95,105,95,105,255,255,255,255,255,255,0,2,0,0,0,80,System.Byte[],40,-1,-1,0,0,System.Byte[],,AEG098_175
168,10,1,4,2,System.Byte[],0,0.1,AEG001_243,AET005_004_a,AET005_004_a,90,30,0,90,105,90,105,255,255,255,255,255,255,0,2,0,0,0,80,System.Byte[],40,-1,-1,0,0,System.Byte[],AEG001_284,
169,2,1,4,0,System.Byte[],0,1,AEG001_244,AET005_004_a,AET005_004_a,90,30,0,90,105,90,105,255,255,255,255,255,255,0,2,0,0,0,80,System.Byte[],40,-1,-1,0,0,System.Byte[],AEG001_284,
170,11,1,5,0,System.Byte[],0,1,AEG001_245,AET005_004_a,AET005_004_a,90,30,0,60,110,20,105,255,255,255,255,255,255,0,2,0,0,0,80,System.Byte[],40,-1,-1,0,0,System.Byte[],AEG001_284,AEG001_256
171,10,1,1,0,System.Byte[],0,0.5,AEG001_246,AET005_004_a,AET005_004_a,90,30,0,90,105,90,105,255,255,255,255,255,255,0,2,0,0,0,80,System.Byte[],40,-1,-1,0,0,System.Byte[],AEG001_284,
172,10,1,1,0,System.Byte[],0,0.5,AEG001_247,AET005_004_a,AET005_004_a,90,30,0,60,105,60,105,255,255,255,255,255,255,0,2,0,0,0,80,System.Byte[],40,-1,-1,0,0,System.Byte[],AEG001_284,
173,10,1,1,0,System.Byte[],0,1.3,AEG001_248,AET005_004_a,AET005_004_a,90,30,0,90,105,100,130,255,255,255,255,255,255,0,2,0,0,0,80,System.Byte[],40,-1,-1,0,0,System.Byte[],AEG001_284,
174,10,1,1,0,System.Byte[],0,0.1,AEG001_249,AET005_004_a,AET005_004_a,90,30,0,90,105,90,105,255,255,255,255,255,255,0,2,0,0,0,80,System.Byte[],40,-1,-1,0,0,System.Byte[],AEG001_284,
175,2,1,0,0,System.Byte[],0,0.7,AEG098_067,AET005_031_a,AET005_031_a,100,45,0,65,100,95,100,255,255,255,255,255,255,0,1,0,0,0,80,System.Byte[],40,-1,-1,0,0,System.Byte[],,
176,0,1,5,5,System.Byte[],0,0.8,AEG098_068,AET005_004_a,AET005_004_a,100,45,0,85,115,85,115,255,255,255,255,255,255,0,2,0,0,0,80,System.Byte[],40,-1,-1,0,0,System.Byte[],,AEG098_185
177,0,1,2,0,System.Byte[],0,3,AEG098_123,AET005_031_a,AET005_031_a,100,30,0,90,130,90,130,255,255,255,255,255,255,0,2,0,0,0,80,System.Byte[],40,-1,-1,0,0,System.Byte[],,
178,2,1,5,0,System.Byte[],0,1,AEG098_069,AET005_004_a,AET005_004_a,100,180,0,50,65,40,100,255,255,255,255,255,255,0,2,0,0,0,80,System.Byte[],40,-1,-1,0,0,System.Byte[],,AEG098_220
179,1,1,0,0,System.Byte[],0,1,AEG098_070,AET005_031_a,AET005_031_a,100,45,0,65,100,95,100,255,255,255,255,255,255,0,1,0,0,1,80,System.Byte[],40,-1,-1,0,0,System.Byte[],,
180,1,1,0,0,System.Byte[],0,1,AEG098_070,AET005_031_a,AET005_031_a,100,45,0,65,100,95,100,255,255,255,255,255,255,0,1,0,0,1,80,System.Byte[],40,-1,-1,0,0,System.Byte[],,
181,0,1,2,0,System.Byte[],0,1,AEG098_124,AET005_004_a,AET005_004_a,90,30,0,95,105,95,105,255,255,255,255,255,255,0,2,0,0,0,80,System.Byte[],40,-1,-1,0,0,System.Byte[],,
182,0,1,2,0,System.Byte[],0,1,AEG098_073,AET005_004_a,AET005_004_a,100,30,0,95,105,95,105,255,255,255,255,255,255,0,1,0,0,0,80,System.Byte[],40,-1,-1,0,0,System.Byte[],,
183,0,1,2,0,System.Byte[],0,1,AEG098_074,AET005_004_a,AET005_004_a,90,90,0,95,95,95,95,255,255,255,255,255,255,0,2,0,0,0,80,System.Byte[],40,-1,-1,0,0,System.Byte[],,
184,0,1,2,0,System.Byte[],0,3,AEG098_075,AET005_004_a,AET005_004_a,90,30,0,100,100,100,100,255,255,255,255,255,255,0,1,0,0,0,80,System.Byte[],40,-1,-1,0,0,System.Byte[],,
185,0,1,5,5,System.Byte[],0,1,AEG098_080,AET005_031_a,AET005_031_a,100,30,0,65,100,65,100,255,255,255,255,255,255,0,2,0,0,0,80,System.Byte[],40,-1,-1,0,0,System.Byte[],,
186,2,1,2,0,System.Byte[],0,0.5,AEG098_090,AET005_031_a,AET005_031_a,100,30,0,65,100,65,100,255,255,255,255,255,255,0,2,0,0,0,80,System.Byte[],40,-1,-1,0,0,System.Byte[],,
187,0,1,2,0,System.Byte[],0,1,AEG098_079,AET005_031_a,AET005_031_a,100,30,0,65,100,65,100,255,255,255,255,255,255,0,2,0,0,0,80,System.Byte[],40,-1,-1,0,0,System.Byte[],,
188,0,1,1,0,System.Byte[],0,3,AEG001_352,AET005_004_a,AET005_004_a,100,30,0,150,200,150,200,255,255,255,255,255,255,0,2,0,0,0,80,System.Byte[],40,-1,-1,0,0,System.Byte[],,
189,0,1,1,0,System.Byte[],0,10,AEG001_353,AET005_004_a,AET005_004_a,100,30,0,150,200,150,200,255,255,255,255,255,255,0,2,0,0,0,80,System.Byte[],40,-1,-1,0,0,System.Byte[],,
190,0,1,1,0,System.Byte[],0,3,AEG001_356,AET005_004_a,AET005_004_a,100,30,0,150,200,150,200,255,255,255,255,255,255,0,2,0,0,0,80,System.Byte[],40,-1,-1,0,0,System.Byte[],,
191,0,1,2,0,System.Byte[],0,1,AEG098_082,AET005_031_a,AET005_031_a,100,30,0,65,100,65,100,255,255,255,255,255,255,0,2,0,0,0,80,System.Byte[],40,-1,-1,0,0,System.Byte[],,
192,0,1,2,0,System.Byte[],0,5,AEG098_092,AET005_031_a,AET005_031_a,100,45,0,75,150,75,150,255,255,255,255,255,255,0,2,0,0,0,80,System.Byte[],40,-1,-1,0,0,System.Byte[],,
193,2,1,0,0,System.Byte[],0,1,AEG098_027,AET005_004_a,AET005_004_a,90,30,0,85,110,75,150,180,180,255,255,255,255,0,2,0,0,0,80,System.Byte[],40,-1,-1,0,0,System.Byte[],AEG098_027,
194,0,1,0,0,System.Byte[],0,1,AEG098_168,AET005_004_a,AET005_004_a,90,30,0,85,115,20,105,255,255,255,255,255,255,0,2,0,0,0,80,System.Byte[],40,-1,-1,0,0,System.Byte[],AEG098_168,
195,0,1,2,2,System.Byte[],0,1,AEG098_180,AET240_118_a,AET240_118_a,90,45,5,95,105,95,105,255,255,255,255,255,255,0,2,0,0,0,80,System.Byte[],40,-1,-1,0,0,System.Byte[],,
196,0,1,2,2,System.Byte[],0,1,AEG098_181,AET240_118_a,AET240_118_a,90,45,5,95,105,95,105,255,255,255,255,255,255,0,2,0,0,0,80,System.Byte[],40,-1,-1,0,0,System.Byte[],,
197,0,1,2,2,System.Byte[],0,1,AEG098_084,AET240_118_a,AET240_118_a,90,45,5,95,105,95,100,255,255,255,255,255,255,0,2,0,0,0,80,System.Byte[],40,-1,-1,0,0,System.Byte[],AEG098_084,AEG098_084
198,0,1,5,5,System.Byte[],0,1.5,AEG098_177,AET005_004_a,AET005_004_a,100,45,0,85,115,85,115,255,255,255,255,255,255,0,2,0,0,0,80,System.Byte[],40,-1,-1,0,0,System.Byte[],,AEG098_186
199,0,1,5,5,System.Byte[],0,1,AEG098_187,AET005_004_a,AET005_004_a,100,45,0,85,115,85,115,255,255,255,255,255,255,0,2,0,0,0,80,System.Byte[],40,-1,-1,0,0,System.Byte[],,AEG098_185
200,10,1,5,0,System.Byte[],0,1,AEG001_254,AET005_004_a,AET005_004_a,90,30,0,85,110,75,150,255,255,255,255,255,255,0,2,0,0,0,80,System.Byte[],40,-1,-1,0,0,System.Byte[],AEG001_254,AEG001_255
201,10,1,1,0,System.Byte[],0,0.15,AEG001_301,AET005_004_a,AET005_004_a,0,10,0,100,100,50,100,255,255,255,255,255,255,0,2,0,0,0,80,System.Byte[],40,-1,-1,0,0,System.Byte[],AEG001_301,AEG001_301
202,10,1,1,0,System.Byte[],0,0.2,AEG001_302,AET005_004_a,AET005_004_a,90,10,0,100,100,50,100,255,255,255,255,255,255,0,2,0,0,0,80,System.Byte[],40,-1,-1,0,0,System.Byte[],AEG001_302,AEG001_302
203,10,1,1,0,System.Byte[],0,0.4,AEG001_303,AET005_004_a,AET005_004_a,90,10,0,100,100,70,100,255,255,255,255,255,255,0,2,0,0,0,80,System.Byte[],40,-1,-1,0,0,System.Byte[],AEG001_303,AEG001_303
204,10,1,1,0,System.Byte[],0,0.3,AEG001_304,AET005_004_a,AET005_004_a,90,10,0,100,100,70,100,255,255,255,255,255,255,0,2,0,0,0,80,System.Byte[],40,-1,-1,0,0,System.Byte[],AEG001_304,AEG001_304
205,10,1,1,0,System.Byte[],0,0.15,AEG001_305,AET005_004_a,AET005_004_a,90,10,0,100,100,70,100,255,255,255,255,255,255,0,2,0,0,0,80,System.Byte[],40,-1,-1,0,0,System.Byte[],AEG001_305,AEG001_305
206,5,1,5,0,System.Byte[],0,0.1,AEG001_334,AET005_004_a,AET005_004_a,90,10,0,100,100,50,100,255,255,255,255,255,255,0,2,0,0,0,80,System.Byte[],40,-1,-1,0,0,System.Byte[],AEG001_334,AEG001_534
207,10,1,1,0,System.Byte[],0,0.7,AEG001_335,AET005_004_a,AET005_004_a,90,10,0,100,100,50,100,255,255,255,255,255,255,0,2,0,0,0,80,System.Byte[],40,-1,-1,0,0,System.Byte[],AEG001_335,AEG001_335
208,5,1,5,0,System.Byte[],0,0.7,AEG001_336,AET005_004_a,AET005_004_a,90,10,0,100,100,50,100,255,255,255,255,255,255,0,2,0,0,0,80,System.Byte[],40,-1,-1,0,0,System.Byte[],AEG001_254,AEG001_536
209,5,1,5,0,System.Byte[],0,0.1,AEG001_337,AET005_004_a,AET005_004_a,90,10,0,100,100,50,100,255,255,255,255,255,255,0,2,0,0,0,80,System.Byte[],40,-1,-1,0,0,System.Byte[],AEG001_337,AEG001_537
210,5,1,5,0,System.Byte[],0,0.05,AEG001_338,AET005_004_a,AET005_004_a,0,0,0,100,100,100,100,255,255,255,255,255,255,0,2,0,0,0,80,System.Byte[],40,-1,-1,0,0,System.Byte[],AEG001_338,AEG001_538
211,5,1,5,0,System.Byte[],0,0.1,AEG001_339,AET005_004_a,AET005_004_a,90,10,0,100,100,90,100,255,255,255,255,255,255,0,2,0,0,0,80,System.Byte[],40,-1,-1,0,0,System.Byte[],AEG001_339,AEG001_539
212,10,1,1,0,System.Byte[],0,0.05,AEG001_340,AET005_004_a,AET005_004_a,90,10,0,100,100,70,120,255,255,255,255,255,255,0,2,0,0,0,80,System.Byte[],40,-1,-1,0,0,System.Byte[],AEG001_340,AEG001_340
213,5,1,5,0,System.Byte[],0,0.75,AEG001_341,AET005_004_a,AET005_004_a,90,10,0,100,100,60,100,255,255,255,255,255,255,0,2,0,0,0,80,System.Byte[],40,-1,-1,0,0,System.Byte[],AEG001_341,AEG001_541
214,10,1,1,0,System.Byte[],0,0.7,AEG001_307,AET005_004_a,AET005_004_a,90,10,0,100,100,50,100,255,255,255,255,255,255,0,2,0,0,0,80,System.Byte[],40,-1,-1,0,0,System.Byte[],AEG001_307,AEG001_307
215,10,1,1,0,System.Byte[],0,0.7,AEG001_348,AET005_004_a,AET005_004_a,100,45,0,100,100,50,100,255,255,255,255,255,255,0,2,0,0,0,80,System.Byte[],40,-1,-1,0,0,System.Byte[],,
216,10,1,1,0,System.Byte[],0,0.7,AEG001_345,AET005_004_a,AET005_004_a,100,45,0,100,100,50,100,255,255,255,255,255,255,0,2,0,0,0,80,System.Byte[],40,-1,-1,0,0,System.Byte[],,
217,10,1,1,0,System.Byte[],0,0.7,AEG001_343,AET005_004_a,AET005_004_a,100,45,0,100,100,50,100,255,255,255,255,255,255,0,2,0,0,0,80,System.Byte[],40,-1,-1,0,0,System.Byte[],,
218,4,1,0,0,System.Byte[],0,0.7,AEG098_130,AET005_004_a,AET005_004_a,100,45,0,80,130,100,100,255,255,255,255,255,255,0,2,0,0,0,80,System.Byte[],40,-1,-1,0,0,System.Byte[],,
219,10,1,1,0,System.Byte[],0,0.7,AEG098_127,AET005_004_a,AET005_004_a,90,10,0,75,100,75,100,255,255,255,255,255,255,0,2,0,0,0,80,System.Byte[],40,-1,-1,0,0,System.Byte[],AEG098_127,AEG098_127
220,10,1,1,0,System.Byte[],0,0.1,AEG001_342,AET005_004_a,AET005_004_a,100,45,0,90,105,90,105,255,255,255,255,255,255,0,2,0,0,0,80,System.Byte[],40,-1,-1,0,0,System.Byte[],,
221,10,1,1,0,System.Byte[],0,0.1,AEG001_344,AET005_004_a,AET005_004_a,100,45,0,90,105,90,105,255,255,255,255,255,255,0,2,0,0,0,80,System.Byte[],40,-1,-1,0,0,System.Byte[],,
222,10,1,1,0,System.Byte[],0,0.7,AEG001_292,AET005_004_a,AET005_004_a,100,45,0,100,100,80,110,255,255,255,255,255,255,0,2,0,0,0,80,System.Byte[],40,30,30,0,0,System.Byte[],,
225,4,1,0,0,System.Byte[],0,0.1,AEG098_135,AET005_004_a,AET005_004_a,100,25,0,75,150,50,130,255,255,255,255,255,255,0,2,0,0,0,80,System.Byte[],40,-1,-1,1,0,System.Byte[],,
226,10,1,1,0,System.Byte[],0,0.1,AEG098_128,AET005_004_a,AET005_004_a,100,45,0,90,105,90,105,255,255,255,255,255,255,0,2,0,0,0,80,System.Byte[],40,-1,-1,0,0,System.Byte[],,
227,10,1,5,0,System.Byte[],0,1,AEG040_001,AET005_004_a,AET005_004_a,90,30,0,85,110,75,150,255,255,255,255,255,255,0,2,0,0,0,80,System.Byte[],40,-1,-1,0,0,System.Byte[],AEG001_325,AEG040_002
228,2,1,0,0,System.Byte[],0,0.2,AEG001_324,AET005_067_a,AET005_067_a,100,30,0,95,100,95,100,255,255,255,255,255,255,0,2,0,0,0,80,System.Byte[],40,-1,-1,0,0,System.Byte[],,
229,2,1,0,0,System.Byte[],0,0.5,AEG098_081,AET005_031_a,AET005_031_a,100,30,5,65,100,65,100,255,255,255,255,255,255,0,1,0,0,0,80,System.Byte[],40,-1,-1,0,0,System.Byte[],,
230,10,1,5,0,System.Byte[],0,1,AEG098_076,AET005_004_a,AET005_004_a,90,30,0,85,110,75,150,180,180,0,255,255,255,0,2,0,0,0,80,System.Byte[],40,-1,-1,0,0,System.Byte[],AEG098_076,AEG098_076
232,0,1,2,0,System.Byte[],0,3,AEG098_077,AET005_031_a,AET005_031_a,100,30,0,90,130,90,130,255,255,255,255,255,255,0,2,0,0,0,80,System.Byte[],40,-1,-1,0,0,System.Byte[],,
233,2,1,2,0,System.Byte[],0,3,AEG098_091,AET005_004_a,AET005_004_a,90,60,0,95,105,95,105,255,255,255,255,255,255,0,2,0,0,0,80,System.Byte[],40,-1,-1,0,0,System.Byte[],,
234,2,1,2,0,System.Byte[],0,1,AEG098_131,AET005_031_a,AET005_031_a,100,10,0,80,100,80,100,255,255,255,255,255,255,0,2,0,0,0,80,System.Byte[],40,-1,-1,0,0,System.Byte[],,
235,2,1,2,0,System.Byte[],0,1,AEG098_148,AET005_031_a,AET005_031_a,100,10,0,50,150,90,130,255,255,255,255,255,255,0,2,0,0,0,80,System.Byte[],40,-1,-1,0,0,System.Byte[],,
236,2,1,2,0,System.Byte[],0,1,AEG098_149,AET005_031_a,AET005_031_a,100,10,0,75,125,90,130,255,255,255,255,255,255,0,2,0,0,0,80,System.Byte[],40,-1,-1,0,0,System.Byte[],,
237,2,1,0,0,System.Byte[],0,1,AEG098_134,AET005_031_a,AET005_031_a,100,10,0,75,125,90,130,255,255,255,255,255,255,0,2,0,0,0,80,System.Byte[],40,-1,-1,0,0,System.Byte[],,
238,2,1,2,0,System.Byte[],0,1,AEG098_138,AET005_031_a,AET005_031_a,100,10,0,80,120,80,120,255,255,255,255,255,255,0,2,0,0,0,80,System.Byte[],40,-1,-1,0,0,System.Byte[],,
239,0,1,0,0,System.Byte[],0,0.2,AEG098_078,AET005_031_a,AET005_031_a,100,30,0,95,100,95,100,255,255,255,255,255,255,0,2,0,0,0,80,System.Byte[],40,-1,-1,0,0,System.Byte[],,
240,0,1,0,0,System.Byte[],0,1.5,AEG098_140,AET005_031_a,AET005_031_a,100,30,0,80,150,90,110,255,255,255,255,255,255,0,2,0,0,0,80,System.Byte[],40,-1,-1,0,0,System.Byte[],,
241,1,1,0,0,System.Byte[],0,0.5,AEG001_374,AET005_004_a,AET005_004_a,90,30,0,60,130,50,80,255,255,255,255,255,255,0,2,0,0,0,80,System.Byte[],40,-1,-1,0,0,System.Byte[],,
242,4,1,1,0,System.Byte[],0,0.2,AEG001_371,AET005_004_a,AET005_004_a,90,30,0,80,130,50,70,255,255,255,255,255,255,0,2,0,0,0,80,System.Byte[],40,-1,-1,0,0,System.Byte[],,
243,4,1,1,0,System.Byte[],0,0.2,AEG001_372,AET005_004_a,AET005_004_a,90,30,0,75,105,75,100,255,255,255,255,255,255,0,2,0,0,0,80,System.Byte[],40,-1,-1,0,0,System.Byte[],,
244,0,1,0,0,System.Byte[],0,0.6,AEG098_141,AET005_031_a,AET005_031_a,100,30,0,75,150,95,130,255,255,255,255,255,255,0,2,0,0,0,80,System.Byte[],40,-1,-1,0,0,System.Byte[],,
245,0,1,0,0,System.Byte[],0,0.2,AEG098_142,AET005_031_a,AET005_031_a,100,30,0,75,150,95,105,255,255,255,255,255,255,0,2,0,0,0,80,System.Byte[],40,-1,-1,0,0,System.Byte[],,
246,0,1,2,0,System.Byte[],0,1,AEG098_083,AET005_031_a,AET005_031_a,100,10,0,80,100,80,100,255,255,255,255,255,255,0,2,0,0,0,80,System.Byte[],40,-1,-1,0,0,System.Byte[],,
248,2,1,2,0,System.Byte[],0,5,AEG098_132,AET005_031_a,AET005_031_a,100,10,0,50,150,90,130,255,255,255,255,255,255,0,2,0,0,0,80,System.Byte[],40,-1,-1,0,0,System.Byte[],,
249,2,1,2,0,System.Byte[],0,4,AEG098_133,AET005_031_a,AET005_031_a,100,10,0,75,125,90,130,255,255,255,255,255,255,0,2,0,0,0,80,System.Byte[],40,-1,-1,0,0,System.Byte[],,
250,2,1,1,0,System.Byte[],0,3,AEG098_150,AET005_031_a,AET005_031_a,100,30,0,90,110,90,110,255,255,255,255,255,255,0,2,0,0,0,80,System.Byte[],40,-1,-1,0,0,System.Byte[],,
251,2,1,5,0,System.Byte[],0,0.7,AEG098_151,AET260_960_a,AET260_960_a,90,30,0,90,110,90,110,255,255,255,255,255,255,0,2,0,0,0,80,System.Byte[],40,-1,-1,0,0,System.Byte[],,AEG098_217
252,2,1,5,0,System.Byte[],0,0.9,AEG098_152,AET005_031_a,AET005_031_a,90,30,0,90,110,90,110,255,255,255,255,255,255,0,2,0,0,0,80,System.Byte[],40,-1,-1,0,0,System.Byte[],,AEG098_218
253,2,1,5,0,System.Byte[],0,0.7,AEG098_153,AET005_031_a,AET005_031_a,100,30,0,90,110,90,110,255,255,255,255,255,255,0,2,0,0,0,80,System.Byte[],40,-1,-1,0,0,System.Byte[],,AEG098_221
254,2,1,5,0,System.Byte[],0,0.9,AEG098_154,AET005_031_a,AET005_031_a,100,30,0,90,110,90,110,255,255,255,255,255,255,0,2,0,0,0,80,System.Byte[],40,-1,-1,0,0,System.Byte[],,AEG098_222
255,0,1,0,0,System.Byte[],0,5,AEG098_155,AET005_031_a,AET005_031_a,100,15,0,75,100,75,110,255,255,255,255,255,255,0,1,0,0,0,80,System.Byte[],40,-1,-1,0,0,System.Byte[],,
256,0,1,2,0,System.Byte[],0,5,AEG098_156,AET005_031_a,AET005_031_a,100,30,0,30,160,90,130,255,255,255,255,255,255,0,2,0,0,0,80,System.Byte[],40,-1,-1,0,0,System.Byte[],,
257,2,1,5,0,System.Byte[],0,1,AEG098_157,AET005_031_a,AET005_031_a,90,30,0,90,110,75,100,255,255,255,255,255,255,0,2,0,0,0,80,System.Byte[],40,-1,-1,0,0,System.Byte[],,AEG098_223
258,2,1,5,0,System.Byte[],0,1,AEG098_158,AET005_031_a,AET005_031_a,90,30,0,90,110,75,100,255,255,255,255,255,255,0,2,0,0,0,80,System.Byte[],40,-1,-1,0,0,System.Byte[],,AEG098_219
259,2,1,0,0,System.Byte[],0,1,AEG098_159,AET005_031_a,AET005_031_a,90,30,0,90,110,75,100,255,255,255,255,255,255,0,2,0,0,0,80,System.Byte[],40,-1,-1,0,0,System.Byte[],,
260,2,1,0,0,System.Byte[],0,1,AEG098_160,AET005_031_a,AET005_031_a,100,10,0,90,110,75,100,255,255,255,255,255,255,0,2,0,0,0,80,System.Byte[],40,-1,-1,0,0,System.Byte[],,
261,2,1,1,0,System.Byte[],0,0.2,AEG098_161,AET005_031_a,AET005_031_a,100,10,0,90,110,100,100,255,255,255,255,255,255,0,2,0,0,0,80,System.Byte[],40,-1,-1,0,0,System.Byte[],,
262,11,1,5,0,System.Byte[],0,5,AEG098_162,AET005_031_a,AET005_031_a,100,30,0,90,110,90,110,255,255,255,255,255,255,0,2,0,0,0,80,System.Byte[],40,-1,-1,0,0,System.Byte[],,AEG098_170
263,10,1,5,0,System.Byte[],0,1,AEG098_163,AET005_004_a,AET005_004_a,90,30,0,85,110,75,150,255,255,255,255,255,255,0,2,0,0,0,80,System.Byte[],40,-1,-1,0,0,System.Byte[],AEG098_163,AEG098_163
264,10,1,5,0,System.Byte[],0,0.2,AEG098_164,AET005_004_a,AET005_004_a,90,30,0,85,110,75,150,255,255,255,255,255,255,0,2,0,0,0,80,System.Byte[],40,-1,-1,0,0,System.Byte[],AEG098_164,AEG098_164
265,10,1,5,0,System.Byte[],0,1,AEG098_165,AET005_004_a,AET005_004_a,90,30,0,85,110,75,150,255,255,255,255,255,255,0,2,0,0,0,80,System.Byte[],40,-1,-1,0,0,System.Byte[],AEG098_165,AEG098_165
266,10,1,5,0,System.Byte[],0,1,AEG098_166,AET005_004_a,AET005_004_a,90,30,0,85,110,75,150,255,255,255,255,255,255,0,2,0,0,0,80,System.Byte[],40,-1,-1,0,0,System.Byte[],AEG098_166,AEG098_166
267,1,1,0,0,System.Byte[],0,1,AEG098_137,AET005_031_a,AET005_031_a,100,10,0,65,100,95,100,255,255,255,255,255,255,0,1,0,0,1,80,System.Byte[],40,-1,-1,0,0,System.Byte[],,
268,0,1,2,0,System.Byte[],0,1,AEG098_171,AET005_031_a,AET005_031_a,100,30,0,65,100,65,100,255,255,255,255,255,255,0,2,0,0,0,80,System.Byte[],40,-1,-1,0,0,System.Byte[],,
269,0,1,2,0,System.Byte[],0,1,AEG098_172,AET005_031_a,AET005_031_a,100,30,0,65,100,65,100,255,255,255,255,255,255,0,2,0,0,0,80,System.Byte[],40,-1,-1,0,0,System.Byte[],,
270,10,1,5,0,System.Byte[],0,1,AEG098_173,AET005_004_a,AET005_004_a,90,30,0,85,110,75,150,255,255,255,255,255,255,0,2,0,0,0,80,System.Byte[],40,-1,-1,0,0,System.Byte[],AEG098_173,AEG098_173
271,10,1,5,0,System.Byte[],0,1,AEG098_174,AET005_004_a,AET005_004_a,90,30,0,85,110,75,150,255,255,255,255,255,255,0,2,0,0,0,80,System.Byte[],40,-1,-1,0,0,System.Byte[],AEG098_174,AEG098_174
272,0,1,5,5,System.Byte[],0,0.7,AEG098_190,AET005_004_a,AET005_004_a,100,45,0,90,110,90,115,255,255,255,255,255,255,0,2,0,0,0,80,System.Byte[],40,-1,-1,0,0,System.Byte[],,AEG098_191
273,0,1,5,5,System.Byte[],0,0.4,AEG098_192,AET005_004_a,AET005_004_a,100,45,0,90,110,90,115,255,255,255,255,255,255,0,2,0,0,0,80,System.Byte[],40,-1,-1,0,0,System.Byte[],,AEG098_193
274,0,1,5,5,System.Byte[],0,0.5,AEG098_194,AET005_004_a,AET005_004_a,100,45,0,90,110,90,115,255,255,255,255,255,255,0,2,0,0,0,80,System.Byte[],40,-1,-1,0,0,System.Byte[],,AEG098_195
275,11,1,0,0,System.Byte[],0,5,AEG098_196,AET005_031_a,AET005_031_a,100,60,0,90,110,90,110,255,255,255,255,255,255,0,2,0,0,0,80,System.Byte[],40,-1,-1,0,0,System.Byte[],,
280,0,1,2,0,System.Byte[],0,1,AEG098_182,AET005_031_a,AET005_031_a,100,45,0,65,100,95,80,255,255,255,255,255,255,0,1,0,0,0,80,System.Byte[],40,0,0,0,0,System.Byte[],,
281,0,1,2,2,System.Byte[],0,1,AEG098_183,AET240_124_a,AET240_124_a,90,45,5,95,105,95,105,255,255,255,255,255,255,0,2,0,0,0,80,System.Byte[],40,-1,-1,0,0,System.Byte[],,
282,0,1,2,2,System.Byte[],0,1,AEG098_184,AET240_124_a,AET240_124_a,90,45,5,95,105,95,105,255,255,255,255,255,255,0,2,0,0,0,80,System.Byte[],40,-1,-1,0,0,System.Byte[],,
283,2,1,0,0,System.Byte[],0,0.5,AEG098_085,AET005_031_a,AET005_031_a,100,30,0,65,100,65,100,255,255,255,255,255,255,0,1,0,0,0,80,System.Byte[],40,-1,-1,0,0,System.Byte[],,
284,10,1,5,0,System.Byte[],0,1,AEG001_377,AET005_004_a,AET005_004_a,90,30,0,85,110,75,150,255,255,255,255,255,255,0,2,0,0,0,80,System.Byte[],40,-1,-1,0,0,System.Byte[],AEG001_377,AEG001_378
285,0,1,0,0,System.Byte[],0,0.5,AEG098_178,AET230_886_a,AET230_886_a,100,10,0,65,100,95,80,255,255,255,255,255,255,0,1,0,0,0,80,System.Byte[],40,-1,-1,0,0,System.Byte[],,
286,4,1,5,5,System.Byte[],0,1,AEG098_093,,,100,30,0,70,100,80,100,255,255,255,255,255,255,0,2,0,0,0,80,System.Byte[],40,-1,-1,0,0,System.Byte[],,AEG098_094
287,0,1,2,0,System.Byte[],0,1,AEG098_188,AET270_408_a,AET270_408_a,100,30,0,65,100,65,100,255,255,255,255,255,255,0,2,0,0,0,80,System.Byte[],40,-1,-1,0,0,System.Byte[],,AEG098_188
288,0,1,2,0,System.Byte[],0,2.5,AEG098_189,AET250_461_a,AET250_461_a,90,30,0,95,105,95,105,255,255,255,255,255,255,0,2,0,0,0,80,System.Byte[],40,-1,-1,0,0,System.Byte[],,
289,0,1,2,0,System.Byte[],0,3,AEG098_072,AET005_031_a,AET005_031_a,100,30,0,65,110,65,110,255,255,255,255,255,255,0,2,0,0,0,80,System.Byte[],40,-1,-1,0,0,System.Byte[],,
290,2,1,0,0,System.Byte[],0,0.5,AEG098_086,AET005_031_a,AET005_031_a,100,30,0,65,100,65,100,255,255,255,255,255,255,0,1,0,0,0,80,System.Byte[],40,-1,-1,0,0,System.Byte[],,
291,2,1,0,0,System.Byte[],0,0.5,AEG001_324,AET005_031_a,AET005_031_a,100,30,0,65,100,65,100,255,255,255,255,255,255,0,1,0,0,0,80,System.Byte[],40,-1,-1,0,0,System.Byte[],,
292,2,1,0,0,System.Byte[],0,0.5,AEG001_329,AET005_031_a,AET005_031_a,100,30,0,65,100,65,100,255,255,255,255,255,255,0,1,0,0,0,80,System.Byte[],40,-1,-1,0,0,System.Byte[],,
293,0,1,2,0,System.Byte[],0,5,AEG098_088,AET005_031_a,AET005_031_a,100,45,0,75,150,75,150,255,255,255,255,255,255,0,2,0,0,0,80,System.Byte[],40,-1,-1,0,0,System.Byte[],,
294,2,1,2,0,System.Byte[],0,0.2,AEG098_197,AET005_031_a,AET005_031_a,100,10,0,90,110,100,100,255,255,255,255,255,255,0,2,0,0,0,80,System.Byte[],40,-1,-1,0,0,System.Byte[],,
295,0,1,5,5,System.Byte[],0,1,AEG098_198,AET270_491_a,AET270_491_a,100,30,0,65,100,65,100,255,255,255,255,255,255,0,2,0,0,0,80,System.Byte[],40,-1,-1,0,0,System.Byte[],,AEG098_198
296,0,1,5,5,System.Byte[],0,1,AEG098_199,,,100,30,0,65,100,65,100,255,255,255,255,255,255,0,2,0,0,0,80,System.Byte[],40,-1,-1,0,0,System.Byte[],,AEG098_199
297,10,1,5,0,System.Byte[],0,0.5,AEG098_089,,,0,0,0,70,100,80,100,180,180,255,255,255,255,0,2,0,0,0,80,System.Byte[],40,-1,-1,0,0,System.Byte[],,AEG098_095
298,0,1,2,2,System.Byte[],0,0.4,AEG098_212,,,90,45,5,95,105,95,105,255,255,255,255,255,255,0,2,0,0,0,80,System.Byte[],40,-1,-1,0,0,System.Byte[],,
299,0,1,2,2,System.Byte[],0,1.4,AEG098_213,,,90,45,5,95,105,95,105,255,255,255,255,255,255,0,2,0,0,0,80,System.Byte[],40,-1,-1,0,0,System.Byte[],,
300,10,1,5,0,System.Byte[],0,1,AEG210_555,,,90,30,0,85,110,75,150,180,180,255,255,255,255,0,2,0,0,0,80,System.Byte[],40,-1,-1,0,0,System.Byte[],,AEG210_556
301,0,1,2,2,System.Byte[],0,1.4,AEG098_214,,,100,180,5,95,105,95,105,255,255,255,255,255,255,0,2,0,0,0,80,System.Byte[],40,-1,-1,0,0,System.Byte[],,
302,2,1,0,0,System.Byte[],0,1,AEG098_215,AET005_031_a,AET005_031_a,100,5,0,65,100,80,110,255,255,255,255,255,255,0,1,0,0,0,80,System.Byte[],40,-1,-1,0,0,System.Byte[],,
303,0,1,4,2,System.Byte[],0,3,AEG098_113,AET005_004_a,AET005_004_a,100,0,0,80,100,80,100,255,255,255,255,255,255,0,2,0,0,0,80,System.Byte[],40,-1,-1,0,0,System.Byte[],AEG001_254,AEG001_255
304,0,1,2,0,System.Byte[],0,1,AEG040_069,AET005_031_a,AET005_031_a,100,0,0,65,100,65,100,255,255,255,255,255,255,0,2,0,0,0,80,System.Byte[],40,-1,-1,0,0,System.Byte[],,
305,0,1,0,0,System.Byte[],0,5,AEG098_216,AET005_031_a,AET005_031_a,100,15,0,75,100,75,110,255,255,255,255,255,255,0,1,0,0,0,80,System.Byte[],40,-1,-1,0,0,System.Byte[],,
306,0,1,4,2,System.Byte[],0,1,AEG098_300,AET005_004_a,AET005_004_a,100,0,0,80,100,80,100,255,255,255,255,255,255,0,2,0,0,0,80,System.Byte[],40,-1,-1,0,0,System.Byte[],AEG001_254,AEG001_255
307,0,1,4,2,System.Byte[],0,1,AEG098_301,AET005_004_a,AET005_004_a,100,0,0,80,100,80,100,255,255,255,255,255,255,0,2,0,0,0,80,System.Byte[],40,-1,-1,0,0,System.Byte[],AEG001_254,AEG001_255
308,0,1,2,0,System.Byte[],0,1,AEG098_234,AET005_031_a,AET005_031_a,100,30,0,80,100,80,100,255,255,255,255,255,255,0,2,0,0,0,80,System.Byte[],40,-1,-1,0,0,System.Byte[],,
309,0,1,2,0,System.Byte[],0,1,AEG098_235,AET005_031_a,AET005_031_a,100,30,0,65,100,65,100,255,255,255,255,255,255,0,2,0,0,0,80,System.Byte[],40,-1,-1,0,0,System.Byte[],,
310,0,1,5,0,System.Byte[],0,1,AEG001_232,AET005_004_a,AET005_004_a,100,45,0,80,120,80,120,255,255,255,255,255,255,0,2,0,0,0,80,System.Byte[],40,-1,-1,0,0,System.Byte[],AEG001_232,AEG001_216
311,2,1,0,0,System.Byte[],0,0.4,AEG098_236,AET005_031_a,AET005_031_a,100,60,0,65,100,95,80,255,255,255,255,255,255,0,1,0,0,0,80,System.Byte[],40,-1,-1,0,0,System.Byte[],,
312,0,1,4,2,System.Byte[],0,1,AEG098_237,AET005_004_a,AET005_004_a,100,0,0,80,100,80,100,255,255,255,255,255,255,0,2,0,0,0,80,System.Byte[],40,-1,-1,0,0,System.Byte[],AEG001_254,AEG001_255
313,0,1,4,2,System.Byte[],0,1,AEG098_096,,,100,0,0,80,100,80,100,255,255,255,255,255,255,0,2,0,0,0,80,System.Byte[],40,-1,-1,0,0,System.Byte[],,
314,13,1,5,0,System.Byte[],0,1,AEG098_097,,,100,0,0,80,100,60,120,255,255,255,255,255,255,0,2,0,0,0,80,System.Byte[],40,-1,-1,0,0,System.Byte[],,AEG098_098
315,13,1,5,0,System.Byte[],0,1,AEG098_240,,,100,0,0,80,100,60,100,255,255,255,255,255,255,0,2,0,0,0,80,System.Byte[],40,-1,-1,0,0,System.Byte[],,AEG098_241
316,13,1,5,0,System.Byte[],0,1,AEG098_242,,,100,0,0,80,120,40,80,255,255,255,255,255,255,0,2,0,0,0,80,System.Byte[],40,-1,-1,0,0,System.Byte[],,AEG098_243
317,10,1,5,0,System.Byte[],0,1,AEG001_446,AET005_004_a,AET005_004_a,90,30,0,85,110,75,150,255,255,255,255,255,255,0,2,0,0,0,80,System.Byte[],40,-1,-1,0,0,System.Byte[],AEG001_377,AEG001_378
318,0,1,5,0,System.Byte[],0,1,AEG098_260,AET210_414_a,,100,0,0,80,100,80,100,255,255,255,255,255,255,0,1,0,0,0,80,System.Byte[],40,-1,-1,0,0,System.Byte[],,AEG098_260
319,0,1,2,0,System.Byte[],0,5,AEG098_305,AET005_031_a,AET005_031_a,100,45,0,75,150,75,150,255,255,255,255,255,255,0,2,0,0,0,80,System.Byte[],40,-1,-1,0,0,System.Byte[],,
320,10,1,1,0,System.Byte[],0,0.4,AEG098_261,AET005_004_a,AET005_004_a,90,10,0,100,100,70,100,255,255,255,255,255,255,0,2,0,0,0,80,System.Byte[],40,-1,-1,0,0,System.Byte[],,
321,14,1,0,0,System.Byte[],0,2,AEG098_262,AET005_031_a,AET005_031_a,100,15,0,75,100,75,110,255,255,255,255,255,255,0,1,0,0,0,80,System.Byte[],40,-1,-1,0,0,System.Byte[],,
322,10,1,1,0,System.Byte[],0,0.7,AEG098_263,AET005_004_a,AET005_004_a,90,10,0,70,100,70,100,255,255,255,255,255,255,0,2,0,0,0,80,System.Byte[],40,-1,-1,0,0,System.Byte[],,
323,0,1,2,0,System.Byte[],0,1.5,AEG098_265,AET005_031_a,AET005_031_a,100,0,0,80,100,80,100,255,255,255,255,255,255,0,2,0,0,0,80,System.Byte[],40,-1,-1,0,0,System.Byte[],,
324,14,1,2,0,System.Byte[],0,3,AEG098_264,,,100,30,0,65,110,65,110,255,255,255,255,255,255,0,2,0,0,0,80,System.Byte[],40,-1,-1,0,0,System.Byte[],,AEG098_264
325,10,1,1,0,System.Byte[],0,0.7,AEG098_244,AET005_004_a,AET005_004_a,90,10,0,100,100,50,100,255,255,255,255,255,255,0,2,0,0,0,80,System.Byte[],40,-1,-1,0,0,System.Byte[],AEG001_254,AEG001_255
326,0,1,2,0,System.Byte[],0,3,AEG098_245,,,100,30,0,65,110,65,110,255,255,255,255,255,255,0,2,0,0,0,80,System.Byte[],40,-1,-1,0,0,System.Byte[],,
327,0,1,5,0,System.Byte[],0,1,AEG098_246,AET005_004_a,AET005_004_a,100,45,0,80,100,80,100,255,255,255,255,255,255,0,2,0,0,0,80,System.Byte[],40,-1,-1,0,0,System.Byte[],AEG098_246,AEG001_216
328,10,1,1,0,System.Byte[],0,0.7,AEG098_247,AET005_004_a,AET005_004_a,90,10,0,100,100,50,100,255,255,255,255,255,255,0,2,0,0,0,80,System.Byte[],40,-1,-1,0,0,System.Byte[],AEG001_254,AEG001_255
329,0,1,5,0,System.Byte[],0,1,AEG098_238,AET005_004_a,AET005_004_a,100,30,0,80,100,80,100,255,255,255,255,255,255,0,2,0,0,0,80,System.Byte[],40,-1,-1,0,0,System.Byte[],AEG001_254,AEG001_255
330,0,1,5,0,System.Byte[],0,1,AEG098_248,AET005_004_a,AET005_004_a,100,45,0,80,120,80,120,255,255,255,255,255,255,0,2,0,0,0,80,System.Byte[],40,-1,-1,0,0,System.Byte[],AEG098_248,AEG001_216
331,0,1,5,0,System.Byte[],0,1,AEG098_249,AET005_004_a,AET005_004_a,100,45,0,80,120,80,120,255,255,255,255,255,255,0,2,0,0,0,80,System.Byte[],40,-1,-1,0,0,System.Byte[],AEG098_249,AEG001_216
332,0,1,5,0,System.Byte[],0,1,AEG098_255,AET005_004_a,AET005_004_a,100,45,0,80,120,80,120,255,255,255,255,255,255,0,2,0,0,0,80,System.Byte[],40,-1,-1,0,0,System.Byte[],AEG098_255,AEG001_216
333,0,1,5,0,System.Byte[],0,1,AEG098_251,AET005_004_a,AET005_004_a,100,45,0,80,120,80,120,255,255,255,255,255,255,0,2,0,0,0,80,System.Byte[],40,-1,-1,0,0,System.Byte[],AEG098_251,AEG001_216
334,0,1,5,0,System.Byte[],0,1,AEG098_252,AET005_004_a,AET005_004_a,100,45,0,80,120,80,120,255,255,255,255,255,255,0,2,0,0,0,80,System.Byte[],40,-1,-1,0,0,System.Byte[],AEG098_252,AEG001_216
335,0,1,5,0,System.Byte[],0,1,AEG098_253,AET005_004_a,AET005_004_a,100,45,0,80,120,80,120,255,255,255,255,255,255,0,2,0,0,0,80,System.Byte[],40,-1,-1,0,0,System.Byte[],AEG098_253,AEG001_216
336,0,1,5,0,System.Byte[],0,1,AEG098_254,AET005_004_a,AET005_004_a,100,45,0,80,120,80,120,255,255,255,255,255,255,0,2,0,0,0,80,System.Byte[],40,-1,-1,0,0,System.Byte[],AEG098_254,AEG001_216
337,14,1,2,0,System.Byte[],0,1,AEG098_156,AET005_031_a,AET005_031_a,100,30,0,30,160,90,130,255,255,255,255,255,255,0,2,0,0,0,80,System.Byte[],40,-1,-1,0,0,System.Byte[],,
338,14,1,5,0,System.Byte[],0,0.7,AEG098_163,AET005_004_a,AET005_004_a,90,30,0,85,110,75,150,255,255,255,255,255,255,0,2,0,0,0,80,System.Byte[],40,-1,-1,0,0,System.Byte[],AEG098_163,AEG098_163
339,14,1,5,0,System.Byte[],0,0.7,AEG098_165,AET005_004_a,AET005_004_a,90,30,0,85,110,75,150,255,255,255,255,255,255,0,2,0,0,0,80,System.Byte[],40,-1,-1,0,0,System.Byte[],AEG098_165,AEG098_165
340,14,1,5,0,System.Byte[],0,0.7,AEG098_166,AET005_004_a,AET005_004_a,90,30,0,85,110,75,150,255,255,255,255,255,255,0,2,0,0,0,80,System.Byte[],40,-1,-1,0,0,System.Byte[],AEG098_166,AEG098_166
342,10,1,5,0,System.Byte[],0,0.5,AEG001_342,AET005_004_a,AET005_004_a,90,30,0,100,125,100,150,255,180,180,255,255,255,0,2,0,0,0,80,System.Byte[],40,-1,-1,0,0,System.Byte[],AEG001_342,AEG001_231
343,10,1,5,0,System.Byte[],0,0.5,AEG001_344,AET005_004_a,AET005_004_a,90,30,0,85,115,20,105,255,180,180,255,255,255,0,2,0,0,0,80,System.Byte[],40,-1,-1,0,0,System.Byte[],AEG001_344,AEG001_231
344,0,1,2,0,System.Byte[],0,1.5,AEG098_020,AET005_031_a,AET005_031_a,100,30,0,90,100,90,110,255,255,255,255,255,255,0,6,0,0,0,80,System.Byte[],40,-1,-1,0,0,System.Byte[],,
345,0,1,0,0,System.Byte[],0,1,AEG098_038,AET240_800_a,AET240_800_a,90,45,5,95,105,95,105,255,255,255,255,255,255,0,2,0,0,0,80,System.Byte[],40,-1,-1,0,0,System.Byte[],,
346,0,1,5,0,System.Byte[],0,1,AEG098_306,AET005_004_a,AET005_004_a,100,0,0,80,100,80,100,255,255,255,255,255,255,0,2,0,0,0,80,System.Byte[],40,-1,-1,0,0,System.Byte[],AEG001_254,AEG001_255
347,0,1,2,0,System.Byte[],0,2,AEG098_310,AET005_031_a,AET005_031_a,100,45,0,75,150,75,150,255,255,255,255,255,255,0,2,0,0,0,80,System.Byte[],40,-1,-1,0,0,System.Byte[],,
348,0,1,2,0,System.Byte[],0,2,AEG098_311,AET005_031_a,AET005_031_a,100,45,0,75,150,75,150,255,255,255,255,255,255,0,2,0,0,0,80,System.Byte[],40,-1,-1,0,0,System.Byte[],,
349,0,1,2,0,System.Byte[],0,1.5,AEG098_270,AET005_031_a,AET005_031_a,100,0,0,80,100,80,100,255,255,255,255,255,255,0,2,0,0,0,80,System.Byte[],40,-1,-1,0,0,System.Byte[],,
350,0,1,2,0,System.Byte[],0,1.5,AEG098_271,AET005_031_a,AET005_031_a,100,0,0,80,100,80,100,255,255,255,255,255,255,0,2,0,0,0,80,System.Byte[],40,-1,-1,0,0,System.Byte[],,
351,0,1,5,0,System.Byte[],0,1,AEG098_256,AET005_004_a,AET005_004_a,100,45,0,80,120,80,120,255,255,255,255,255,255,0,2,0,0,0,80,System.Byte[],40,-1,-1,0,0,System.Byte[],AEG098_248,AEG001_216
352,0,1,5,0,System.Byte[],0,1,AEG098_272,AET002_594_a,AET002_594_a,100,45,0,100,125,100,150,255,255,255,255,255,255,0,2,0,0,0,80,System.Byte[],40,-1,-1,0,0,System.Byte[],,
353,0,1,5,0,System.Byte[],0,1,AEG098_273,AET002_595_a,AET002_595_a,100,45,0,95,105,95,105,255,255,255,255,255,255,0,2,0,0,0,80,System.Byte[],40,-1,-1,0,0,System.Byte[],,
354,0,1,2,0,System.Byte[],0,1.5,AEG098_020,AET005_031_a,AET005_031_a,100,30,0,90,100,90,110,255,255,255,255,255,255,0,6,0,0,0,80,System.Byte[],40,-1,-1,0,0,System.Byte[],,
1007,2,1,4,2,System.Byte[],0,1,AEG001_241,AET005_004_a,AET005_004_a,90,30,0,95,105,95,105,255,255,255,255,255,255,0,2,0,0,0,80,System.Byte[],40,-1,-1,0,0,System.Byte[],AEG001_284,
1000,2,1,4,2,System.Byte[],0,1,AEG001_265,AET005_004_a,AET005_043_a,90,30,0,95,105,95,105,255,255,255,255,255,255,0,2,0,0,0,80,System.Byte[],40,-1,-1,0,0,System.Byte[],AEG001_287,
