ID,disableParam_NT,disableParamReserve1,disableParamReserve2,EnableFastTravelEventFlagId,WeatherLotTimeOffsetIngameSeconds,WeatherCreateAssetLimitId,MapAiSightType,SoundIndoorType,ReverbDefaultType,BgmPlaceInfo,EnvPlaceInfo,MapAdditionalSoundBankId,MapHeightForSound,IsEnableBlendTimezoneEnvmap,OverrideGIResolution_XSS,MapLoHiChangeBorderDist_XZ,MapLoHiChangeBorderDist_Y,MapLoHiChangePlayDist,MapAutoDrawGroupBackFacePixelNum,PlayerLigntScale,IsEnableTimezonnePlayerLigntScale,isDisableAutoCliffWind,OpenChrActivateThreshold,MapMimicryEstablishmentParamId,OverrideGIResolution_XSX,Reserve
0,0,0,System.Byte[],0,0,-1,0,0,-1,0,0,-1,0,1,-1,40,40,5,32400,1,1,0,-1,-1,-1,System.Byte[]
10000000,0,0,System.Byte[],0,0,-1,1,0,-1,999,100,-1,-273,1,0,25,5,1,32400,1,1,1,-1,-1,0,System.Byte[]
10010000,1,0,System.Byte[],0,0,-1,1,0,-1,180,100,-1,0,1,-1,40,40,5,32400,1,1,1,-1,-1,-1,System.Byte[]
11000000,1,0,System.Byte[],0,0,-1,1,0,-1,110,110,-1,0,1,0,40,20,4,81000,1,1,1,-1,-1,0,System.Byte[]
11050000,1,0,System.Byte[],0,0,-1,1,0,-1,110,110,11005,0,1,0,40,40,5,32400,1,1,1,-1,-1,0,System.Byte[]
11100000,1,0,System.Byte[],0,0,-1,1,0,-1,111,110,11010,0,0,-1,40,40,5,32400,1,1,1,-1,-1,-1,System.Byte[]
11700000,1,0,System.Byte[],0,0,-1,1,0,-1,999,110,-1,0,0,-1,40,40,5,32400,1,1,1,-1,-1,-1,System.Byte[]
11710000,1,0,System.Byte[],0,0,-1,1,0,-1,999,110,-1,0,0,0,40,40,5,32400,1,1,1,-1,-1,0,System.Byte[]
11720000,1,0,System.Byte[],0,0,-1,1,0,-1,999,110,-1,0,0,-1,40,40,5,32400,1,1,1,-1,-1,-1,System.Byte[]
12010000,1,0,System.Byte[],0,0,-1,1,1,-1,120,120,-1,0,0,-1,40,40,5,32400,1,1,0,-1,-1,-1,System.Byte[]
12020000,1,0,System.Byte[],0,0,-1,1,1,-1,120,120,-1,0,0,0,40,20,4,32400,1,1,0,-1,-1,0,System.Byte[]
12030000,1,0,System.Byte[],0,0,-1,1,1,-1,120,120,12003,0,0,-1,30,20,4,32400,1,1,0,-1,-1,-1,System.Byte[]
12040000,1,0,System.Byte[],0,0,-1,1,1,-1,120,120,-1,0,0,-1,40,40,5,32400,1,1,0,-1,-1,-1,System.Byte[]
12050000,1,0,System.Byte[],0,0,-1,1,1,-1,120,120,12005,0,0,-1,40,40,5,32400,1,1,0,-1,-1,-1,System.Byte[]
12060000,1,0,System.Byte[],0,0,-1,1,1,-1,120,120,-1,0,0,-1,40,40,5,32400,1,1,0,-1,-1,-1,System.Byte[]
12070000,1,0,System.Byte[],0,0,-1,1,1,-1,120,120,-1,0,0,-1,40,40,5,32400,1,1,0,-1,-1,-1,System.Byte[]
12080000,1,0,System.Byte[],0,0,-1,1,1,-1,120,120,-1,0,0,-1,40,40,5,32400,1,1,0,-1,-1,-1,System.Byte[]
12090000,1,0,System.Byte[],0,0,-1,1,1,-1,120,120,-1,0,0,-1,40,40,5,32400,1,1,0,-1,-1,-1,System.Byte[]
13000000,1,0,System.Byte[],0,0,-1,1,0,-1,130,130,-1,0,0,-1,40,40,5,32400,1,1,0,-1,-1,-1,System.Byte[]
14000000,1,0,System.Byte[],0,0,-1,1,0,-1,140,140,-1,0,1,0,30,20,5,130000,1,1,1,-1,-1,0,System.Byte[]
15000000,1,0,System.Byte[],0,0,-1,1,0,-1,150,150,-1,0,1,-1,30,5,3,32400,1,1,0,-1,-1,-1,System.Byte[]
15020000,1,0,System.Byte[],0,0,-1,1,0,-1,999,150,-1,0,0,-1,40,40,5,32400,1,1,0,-1,-1,-1,System.Byte[]
16000000,1,0,System.Byte[],0,0,-1,1,0,-1,160,160,-1,0,1,0,18,16,3,32400,1,1,1,-1,-1,0,System.Byte[]
18000000,0,0,System.Byte[],0,0,-1,1,0,6,180,300,-1,0,1,0,40,40,5,32400,1,1,1,-1,-1,0,System.Byte[]
19000000,1,0,System.Byte[],0,0,-1,1,0,-1,190,190,-1,0,0,-1,40,40,5,32400,1,1,1,-1,-1,-1,System.Byte[]
30000000,1,0,System.Byte[],30000800,0,-1,2,1,5,300,300,-1,0,0,-1,40,40,5,32400,1.2,1,1,-1,-1,-1,System.Byte[]
30010000,1,0,System.Byte[],30010800,0,-1,2,1,5,300,300,-1,0,0,-1,40,40,5,32400,1.2,1,1,-1,-1,-1,System.Byte[]
30020000,0,0,System.Byte[],30020800,0,-1,2,1,5,300,300,-1,0,0,-1,40,40,5,32400,1.2,1,1,-1,-1,-1,System.Byte[]
30030000,1,0,System.Byte[],30030800,0,-1,2,1,5,300,300,-1,0,0,-1,40,40,5,32400,1.2,1,1,-1,-1,-1,System.Byte[]
30040000,0,0,System.Byte[],30040800,0,-1,2,1,5,300,300,-1,0,0,-1,40,40,5,32400,1.2,1,1,-1,-1,-1,System.Byte[]
30050000,1,0,System.Byte[],30050800,0,-1,2,1,5,300,300,-1,0,0,-1,40,40,5,32400,1.2,1,1,-1,-1,-1,System.Byte[]
30060000,1,0,System.Byte[],30060800,0,-1,2,1,5,300,300,-1,0,0,-1,40,40,5,32400,1.2,1,1,-1,-1,-1,System.Byte[]
30070000,1,0,System.Byte[],30070800,0,-1,2,1,5,300,300,-1,0,0,-1,40,40,5,32400,1.2,1,1,-1,-1,-1,System.Byte[]
30080000,1,0,System.Byte[],30080800,0,-1,2,1,5,300,300,-1,0,0,-1,40,40,5,32400,1.2,1,1,-1,-1,-1,System.Byte[]
30090000,1,0,System.Byte[],30090800,0,-1,2,1,5,300,300,-1,0,0,-1,40,40,5,32400,1.2,1,1,-1,-1,-1,System.Byte[]
30100000,1,0,System.Byte[],30100800,0,-1,2,1,5,300,300,-1,0,0,-1,40,40,5,32400,1.2,1,1,-1,-1,-1,System.Byte[]
30110000,1,0,System.Byte[],30110800,0,-1,2,1,5,300,300,-1,0,0,-1,40,40,5,32400,1.2,1,1,-1,-1,-1,System.Byte[]
30120000,1,0,System.Byte[],30120800,0,-1,2,1,5,300,300,-1,0,0,-1,40,40,5,32400,1.2,1,1,-1,-1,-1,System.Byte[]
30130000,1,0,System.Byte[],30130800,0,-1,2,1,5,300,300,-1,0,0,-1,40,40,5,32400,1.2,1,1,-1,-1,-1,System.Byte[]
30140000,1,0,System.Byte[],30140800,0,-1,2,1,5,300,300,-1,0,0,-1,40,40,5,32400,1.2,1,1,-1,-1,-1,System.Byte[]
30150000,1,0,System.Byte[],30150800,0,-1,2,1,5,300,300,-1,0,0,-1,40,40,5,32400,1.2,1,1,-1,-1,-1,System.Byte[]
30160000,1,0,System.Byte[],30160800,0,-1,2,1,5,300,300,-1,0,0,-1,40,40,5,32400,1.2,1,1,-1,-1,-1,System.Byte[]
30170000,1,0,System.Byte[],30170800,0,-1,2,1,5,300,300,-1,0,0,0,40,40,5,32400,1.2,1,1,-1,-1,0,System.Byte[]
30180000,1,0,System.Byte[],30180800,0,-1,2,1,5,300,300,-1,0,0,0,40,40,5,32400,1.2,1,1,-1,-1,0,System.Byte[]
30190000,1,0,System.Byte[],30190800,0,-1,2,1,5,300,300,-1,0,0,-1,40,40,5,32400,1.2,1,1,-1,-1,-1,System.Byte[]
30200000,1,0,System.Byte[],30200800,0,-1,2,1,5,300,300,-1,0,0,0,40,40,5,32400,1.2,1,1,-1,-1,0,System.Byte[]
31000000,1,0,System.Byte[],31000800,0,-1,2,1,7,310,310,-1,0,0,-1,40,40,5,32400,1.6,1,1,-1,-1,-1,System.Byte[]
31010000,1,0,System.Byte[],31010800,0,-1,2,1,7,310,310,-1,0,0,-1,40,40,5,32400,1.6,1,1,-1,-1,-1,System.Byte[]
31020000,1,0,System.Byte[],31020800,0,-1,2,1,7,310,310,-1,0,0,-1,40,40,5,32400,1.6,1,1,-1,-1,-1,System.Byte[]
31030000,0,0,System.Byte[],31030800,0,-1,2,1,7,310,310,-1,0,0,-1,40,40,5,32400,1.6,1,1,-1,-1,-1,System.Byte[]
31040000,1,0,System.Byte[],31040800,0,-1,2,1,7,310,310,-1,0,0,-1,40,40,5,32400,1.6,1,1,-1,-1,-1,System.Byte[]
31050000,1,0,System.Byte[],31050800,0,-1,2,1,7,310,310,-1,0,0,-1,40,40,5,32400,1.6,1,1,-1,-1,-1,System.Byte[]
31060000,1,0,System.Byte[],31060800,0,-1,2,1,7,310,310,-1,0,0,-1,40,40,5,32400,1.6,1,1,-1,-1,-1,System.Byte[]
31070000,1,0,System.Byte[],31070800,0,-1,2,1,7,310,310,-1,0,0,-1,40,40,5,32400,1.6,1,1,-1,-1,-1,System.Byte[]
31080000,1,0,System.Byte[],31080800,0,-1,2,1,7,310,310,-1,0,0,-1,40,40,5,32400,1.6,1,1,-1,-1,-1,System.Byte[]
31090000,1,0,System.Byte[],31090800,0,-1,2,1,7,310,310,-1,0,0,-1,40,40,5,32400,1.6,1,1,-1,-1,-1,System.Byte[]
31100000,1,0,System.Byte[],31100800,0,-1,2,1,7,310,310,-1,0,0,-1,40,40,5,32400,1.6,1,1,-1,-1,-1,System.Byte[]
31110000,1,0,System.Byte[],31110800,0,-1,2,1,7,310,310,-1,0,0,-1,40,40,5,32400,1.6,1,1,-1,-1,-1,System.Byte[]
31120000,1,0,System.Byte[],31120800,0,-1,2,1,7,310,310,-1,0,0,-1,40,40,5,32400,1.6,1,1,-1,-1,-1,System.Byte[]
31130000,1,0,System.Byte[],31130800,0,-1,2,1,7,310,310,-1,0,0,-1,40,40,5,32400,1.6,1,1,-1,-1,-1,System.Byte[]
31140000,1,0,System.Byte[],31140800,0,-1,2,1,7,310,310,-1,0,0,-1,40,40,5,32400,1.6,1,1,-1,-1,-1,System.Byte[]
31150000,0,0,System.Byte[],31150800,0,-1,2,1,7,310,310,-1,0,0,-1,40,40,5,32400,1.6,1,1,-1,-1,-1,System.Byte[]
31170000,1,0,System.Byte[],31170800,0,-1,2,1,7,310,310,-1,0,0,-1,40,40,5,32400,1.6,1,1,-1,-1,-1,System.Byte[]
31180000,1,0,System.Byte[],31180800,0,-1,2,1,7,310,310,-1,0,0,-1,40,40,5,32400,1.6,1,1,-1,-1,-1,System.Byte[]
31190000,1,0,System.Byte[],31190800,0,-1,2,1,7,310,310,-1,0,0,-1,40,40,5,32400,1.6,1,1,-1,-1,-1,System.Byte[]
31200000,1,0,System.Byte[],31200800,0,-1,2,1,7,310,310,-1,0,0,-1,40,40,5,32400,1.6,1,1,-1,-1,-1,System.Byte[]
31210000,1,0,System.Byte[],31210800,0,-1,2,1,7,310,310,-1,0,0,-1,40,40,5,32400,1.6,1,1,-1,-1,-1,System.Byte[]
31220000,1,0,System.Byte[],31220800,0,-1,2,1,7,310,310,-1,0,0,-1,40,40,5,32400,1.6,1,1,-1,-1,-1,System.Byte[]
32000000,1,0,System.Byte[],32000800,0,-1,3,1,6,320,320,-1,0,0,-1,40,40,5,32400,1.2,1,1,-1,-1,-1,System.Byte[]
32010000,0,0,System.Byte[],32010800,0,-1,3,1,6,320,320,-1,0,0,-1,40,40,5,32400,1.2,1,1,-1,-1,-1,System.Byte[]
32020000,1,0,System.Byte[],32020800,0,-1,3,1,6,320,320,-1,0,0,-1,40,40,5,32400,1.2,1,1,-1,-1,-1,System.Byte[]
32030000,1,0,System.Byte[],32030800,0,-1,3,1,6,320,320,-1,0,0,-1,40,40,5,32400,1.2,1,1,-1,-1,-1,System.Byte[]
32040000,1,0,System.Byte[],32040800,0,-1,3,1,6,320,320,-1,0,0,-1,40,40,5,32400,1.2,1,1,-1,-1,-1,System.Byte[]
32050000,1,0,System.Byte[],32050800,0,-1,3,1,6,320,320,-1,0,0,-1,40,40,5,32400,1.2,1,1,-1,-1,-1,System.Byte[]
32060000,1,0,System.Byte[],32060800,0,-1,3,1,6,320,320,-1,0,0,-1,40,40,5,32400,1.2,1,1,-1,-1,-1,System.Byte[]
32070000,1,0,System.Byte[],32070800,0,-1,3,1,6,320,320,-1,0,0,-1,40,40,5,32400,1.2,1,1,-1,-1,-1,System.Byte[]
32080000,1,0,System.Byte[],32080800,0,-1,3,1,6,320,320,-1,0,0,0,40,40,5,32400,1.2,1,1,-1,-1,0,System.Byte[]
32090000,1,0,System.Byte[],32090800,0,-1,3,1,6,320,320,-1,0,0,-1,40,40,5,32400,1.2,1,1,-1,-1,-1,System.Byte[]
32100000,1,0,System.Byte[],32100800,0,-1,3,1,6,320,320,-1,0,0,-1,40,40,5,32400,1.2,1,1,-1,-1,-1,System.Byte[]
32110000,1,0,System.Byte[],32110800,0,-1,3,1,6,320,320,-1,0,0,-1,40,40,5,32400,1.2,1,1,-1,-1,-1,System.Byte[]
32120000,1,0,System.Byte[],32120800,0,-1,3,1,6,320,320,-1,0,0,-1,40,40,5,32400,1.2,1,1,-1,-1,-1,System.Byte[]
34100000,1,0,System.Byte[],0,0,-1,1,0,-1,340,340,34010,0,1,-1,40,40,5,32400,1,1,1,-1,-1,-1,System.Byte[]
34110000,1,0,System.Byte[],0,0,-1,1,0,-1,340,340,34011,0,1,0,40,40,5,32400,1,1,1,-1,-1,0,System.Byte[]
34120000,1,0,System.Byte[],0,0,-1,1,0,-1,320,340,-1,0,1,-1,40,40,5,32400,1,1,1,-1,-1,-1,System.Byte[]
34130000,1,0,System.Byte[],0,0,-1,1,0,-1,340,340,-1,0,1,-1,40,40,5,32400,1,1,1,-1,-1,-1,System.Byte[]
34140000,1,0,System.Byte[],0,0,-1,1,0,-1,340,340,34010,0,1,-1,40,40,5,32400,1,1,1,-1,-1,-1,System.Byte[]
34150000,1,0,System.Byte[],0,0,-1,1,0,-1,340,340,-1,0,1,0,40,40,5,32400,1,1,1,-1,-1,0,System.Byte[]
34160000,1,0,System.Byte[],0,0,-1,1,0,-1,340,340,-1,0,1,-1,40,40,5,32400,1,1,1,-1,-1,-1,System.Byte[]
35000000,1,0,System.Byte[],0,0,-1,1,1,6,350,350,-1,0,0,-1,40,20,3,32400,1,1,1,-1,-1,-1,System.Byte[]
39200000,1,0,System.Byte[],0,0,-1,1,0,-1,390,390,60020,0,1,0,40,40,5,32400,1,1,1,-1,-1,0,System.Byte[]
45000000,1,0,System.Byte[],0,0,-1,1,0,-1,180,110,-1,0,1,-1,40,40,5,32400,1,1,1,-1,-1,-1,System.Byte[]
45010000,1,0,System.Byte[],0,0,-1,1,0,-1,180,30,-1,0,1,-1,40,40,5,32400,1,1,1,-1,-1,-1,System.Byte[]
45020000,1,0,System.Byte[],0,0,-1,1,0,-1,180,0,-1,0,1,-1,40,40,5,32400,1,1,1,-1,-1,-1,System.Byte[]
60324100,1,0,System.Byte[],0,0,1,0,0,-1,10,10,60010,0,1,-1,40,40,5,32400,1,1,0,-1,-1,-1,System.Byte[]
60324200,1,0,System.Byte[],0,0,1,0,0,-1,10,10,60010,0,1,-1,40,40,5,32400,1,1,0,-1,-1,-1,System.Byte[]
60324300,1,0,System.Byte[],0,0,1,0,0,-1,10,10,60010,0,1,-1,40,40,5,32400,1,1,0,-1,-1,-1,System.Byte[]
60324400,1,0,System.Byte[],0,0,1,0,0,-1,10,10,60010,0,1,-1,40,40,5,32400,1,1,0,-1,-1,-1,System.Byte[]
60324500,1,0,System.Byte[],0,0,1,0,0,-1,10,10,60010,0,1,-1,40,40,5,32400,1,1,0,-1,-1,-1,System.Byte[]
60324600,1,0,System.Byte[],0,0,1,0,0,-1,10,10,60010,0,1,-1,40,40,5,32400,1,1,0,-1,-1,-1,System.Byte[]
60324700,1,0,System.Byte[],0,0,1,0,0,-1,10,10,60010,0,1,-1,40,40,5,32400,1,1,0,-1,-1,-1,System.Byte[]
60324800,1,0,System.Byte[],0,0,1,0,0,-1,10,10,60010,0,1,-1,40,40,5,32400,1,1,0,-1,-1,-1,System.Byte[]
60334000,1,0,System.Byte[],0,0,1,0,0,-1,10,10,60010,0,1,-1,40,40,5,32400,1,1,0,-1,-1,-1,System.Byte[]
60334100,1,0,System.Byte[],0,0,1,0,0,-1,10,10,60010,0,1,-1,40,40,5,32400,1,1,0,-1,-1,-1,System.Byte[]
60334200,1,0,System.Byte[],0,0,1,0,0,-1,10,10,60010,0,1,-1,40,40,5,32400,1,1,0,-1,-1,-1,System.Byte[]
60334300,1,0,System.Byte[],0,0,1,0,0,-1,10,10,60010,0,1,-1,40,40,5,32400,1,1,0,-1,-1,-1,System.Byte[]
60334400,1,0,System.Byte[],0,0,1,0,0,-1,10,10,60010,0,1,-1,40,40,5,32400,1,1,0,-1,-1,-1,System.Byte[]
60334500,1,0,System.Byte[],0,0,1,0,0,-1,10,10,60010,0,1,-1,40,40,5,32400,1,1,0,-1,-1,-1,System.Byte[]
60334600,1,0,System.Byte[],0,0,1,0,0,-1,10,10,60010,0,1,-1,40,40,5,32400,1,1,0,-1,-1,-1,System.Byte[]
60334700,1,0,System.Byte[],0,0,1,0,0,-1,10,10,60010,0,1,-1,40,40,5,32400,1,1,0,-1,-1,-1,System.Byte[]
60334800,1,0,System.Byte[],0,0,1,0,0,-1,10,10,60010,0,1,-1,40,40,5,32400,1,1,0,-1,-1,-1,System.Byte[]
60344000,1,0,System.Byte[],0,0,1,0,0,-1,10,10,60010,0,1,-1,40,40,5,32400,1,1,0,-1,-1,-1,System.Byte[]
60344100,1,0,System.Byte[],0,0,1,0,0,-1,10,10,60010,0,1,-1,40,40,5,32400,1,1,0,-1,-1,-1,System.Byte[]
60344200,1,0,System.Byte[],0,0,1,0,0,-1,10,10,60010,0,1,-1,40,40,5,32400,1,1,0,-1,-1,-1,System.Byte[]
60344300,1,0,System.Byte[],0,0,1,0,0,-1,10,10,60010,0,1,-1,40,40,5,32400,1,1,0,-1,-1,-1,System.Byte[]
60344400,1,0,System.Byte[],0,0,1,0,0,-1,10,10,60010,0,1,-1,40,40,5,32400,1,1,0,-1,-1,-1,System.Byte[]
60344500,1,0,System.Byte[],0,0,1,0,0,-1,10,10,60010,0,1,-1,40,40,5,32400,1,1,0,-1,-1,-1,System.Byte[]
60344600,1,0,System.Byte[],0,0,1,0,0,-1,10,10,60010,0,1,-1,40,40,5,32400,1,1,0,-1,-1,-1,System.Byte[]
60344700,1,0,System.Byte[],0,0,1,0,0,-1,10,10,60010,0,1,-1,40,40,5,32400,1,1,0,-1,-1,-1,System.Byte[]
60344800,1,0,System.Byte[],0,0,1,0,0,-1,10,10,60010,0,1,-1,40,40,5,32400,1,1,0,-1,-1,-1,System.Byte[]
60344900,1,0,System.Byte[],0,0,1,0,0,-1,10,10,60010,0,1,-1,40,40,5,32400,1,1,0,-1,-1,-1,System.Byte[]
60345000,1,0,System.Byte[],0,0,1,0,0,-1,10,10,60010,0,1,-1,40,40,5,32400,1,1,0,-1,-1,-1,System.Byte[]
60345100,1,0,System.Byte[],0,0,1,0,0,-1,10,10,60010,0,1,-1,40,40,5,32400,1,1,0,-1,-1,-1,System.Byte[]
60345200,1,0,System.Byte[],0,0,1,0,0,-1,10,10,60010,0,1,-1,40,40,5,32400,1,1,0,-1,-1,-1,System.Byte[]
60345300,1,0,System.Byte[],0,0,2,0,0,-1,20,20,-1,0,1,-1,40,40,5,32400,1,1,0,-1,-1,-1,System.Byte[]
60345400,1,0,System.Byte[],0,0,2,0,0,-1,20,20,-1,0,1,-1,40,40,5,32400,1,1,0,-1,-1,-1,System.Byte[]
60345500,1,0,System.Byte[],0,0,2,0,0,-1,20,20,-1,0,1,-1,40,40,5,32400,1,1,0,-1,-1,-1,System.Byte[]
60354000,1,0,System.Byte[],0,0,1,0,0,-1,10,10,60010,0,1,-1,40,40,5,32400,1,1,0,-1,-1,-1,System.Byte[]
60354100,1,0,System.Byte[],0,0,1,0,0,-1,10,10,60010,0,1,-1,40,40,5,32400,1,1,0,-1,-1,-1,System.Byte[]
60354200,1,0,System.Byte[],0,0,1,0,0,-1,10,10,60010,0,1,-1,40,40,5,32400,1,1,0,-1,-1,-1,System.Byte[]
60354300,1,0,System.Byte[],0,0,1,0,0,-1,10,10,60010,0,1,-1,40,40,5,32400,1,1,0,-1,-1,-1,System.Byte[]
60354400,1,0,System.Byte[],0,0,1,0,0,-1,10,10,60010,0,1,-1,40,40,5,32400,1,1,0,-1,-1,-1,System.Byte[]
60354500,1,0,System.Byte[],0,0,1,0,0,-1,10,10,60010,0,1,-1,40,40,5,32400,1,1,0,-1,-1,-1,System.Byte[]
60354600,1,0,System.Byte[],0,0,1,0,0,-1,10,10,60010,0,1,-1,40,40,5,32400,1,1,0,-1,-1,-1,System.Byte[]
60354700,1,0,System.Byte[],0,0,1,0,0,-1,10,10,60010,0,1,-1,40,40,5,32400,1,1,0,-1,-1,-1,System.Byte[]
60354800,1,0,System.Byte[],0,0,1,0,0,-1,10,10,60010,0,1,-1,40,40,5,32400,1,1,0,-1,-1,-1,System.Byte[]
60354900,1,0,System.Byte[],0,0,1,0,0,-1,10,10,60010,0,1,-1,40,40,5,32400,1,1,0,-1,-1,-1,System.Byte[]
60355000,1,0,System.Byte[],0,0,1,0,0,-1,10,10,60010,0,1,-1,40,40,5,32400,1,1,0,-1,-1,-1,System.Byte[]
60355100,1,0,System.Byte[],0,0,1,0,0,-1,10,10,60010,0,1,-1,40,40,5,32400,1,1,0,-1,-1,-1,System.Byte[]
60355200,1,0,System.Byte[],0,0,21,0,0,-1,20,20,-1,0,1,-1,40,40,5,32400,1,1,0,-1,-1,-1,System.Byte[]
60355300,1,0,System.Byte[],0,0,21,0,0,-1,20,20,60020,0,1,-1,40,40,5,32400,1,1,0,-1,-1,-1,System.Byte[]
60355400,1,0,System.Byte[],0,0,21,0,0,-1,20,20,-1,0,1,-1,40,40,5,32400,1,1,0,-1,-1,-1,System.Byte[]
60355500,1,0,System.Byte[],0,0,2,0,0,-1,20,20,-1,0,1,-1,40,40,5,32400,1,1,0,-1,-1,-1,System.Byte[]
60364000,1,0,System.Byte[],0,0,1,0,0,-1,10,10,60010,0,1,-1,40,40,5,32400,1,1,0,-1,-1,-1,System.Byte[]
60364100,1,0,System.Byte[],0,0,1,0,0,-1,10,10,60010,0,1,-1,40,40,5,32400,1,1,0,-1,-1,-1,System.Byte[]
60364200,1,0,System.Byte[],0,0,1,0,0,-1,10,10,60010,0,1,-1,40,40,5,32400,1,1,0,-1,-1,-1,System.Byte[]
60364300,1,0,System.Byte[],0,0,1,0,0,-1,10,10,60010,0,1,-1,40,40,5,32400,1,1,0,-1,-1,-1,System.Byte[]
60364400,1,0,System.Byte[],0,0,1,0,0,-1,10,10,60010,0,1,-1,40,40,5,32400,1,1,0,-1,-1,-1,System.Byte[]
60364500,1,0,System.Byte[],0,0,1,0,0,-1,10,10,60010,0,1,-1,40,40,5,32400,1,1,0,-1,-1,-1,System.Byte[]
60364600,1,0,System.Byte[],0,0,1,0,0,-1,10,10,60010,0,1,-1,40,40,5,32400,1,1,0,-1,-1,-1,System.Byte[]
60364700,1,0,System.Byte[],0,0,1,0,0,-1,10,10,60010,0,1,-1,40,40,5,32400,1,1,0,-1,-1,-1,System.Byte[]
60364800,1,0,System.Byte[],0,0,1,0,0,-1,10,10,60010,0,1,-1,40,40,5,32400,1,1,0,-1,-1,-1,System.Byte[]
60364900,1,0,System.Byte[],0,0,1,0,0,-1,10,10,60010,0,1,-1,40,40,5,32400,1,1,0,-1,-1,-1,System.Byte[]
60365000,1,0,System.Byte[],0,0,1,0,0,-1,10,10,60010,0,1,-1,40,40,5,32400,1,1,0,-1,-1,-1,System.Byte[]
60365100,1,0,System.Byte[],0,0,2,0,0,-1,20,20,60020,0,1,-1,40,40,5,32400,1,1,0,-1,-1,-1,System.Byte[]
60365200,1,0,System.Byte[],0,0,2,0,0,-1,20,20,60020,0,1,-1,40,40,5,32400,1,1,0,-1,-1,-1,System.Byte[]
60365300,1,0,System.Byte[],0,0,21,0,0,-1,20,20,60020,0,1,-1,40,40,5,32400,1,1,0,-1,-1,-1,System.Byte[]
60365400,1,0,System.Byte[],0,0,21,0,0,-1,20,20,60020,0,1,-1,40,40,5,32400,1,1,0,-1,-1,-1,System.Byte[]
60365500,1,0,System.Byte[],0,0,2,0,0,-1,20,20,-1,0,1,-1,40,40,5,32400,1,1,0,-1,-1,-1,System.Byte[]
60374000,1,0,System.Byte[],0,0,1,0,0,-1,10,10,60010,0,1,-1,40,40,5,32400,1,1,0,-1,-1,-1,System.Byte[]
60374100,1,0,System.Byte[],0,0,1,0,0,-1,10,10,60010,0,1,-1,40,40,5,32400,1,1,0,-1,-1,-1,System.Byte[]
60374200,1,0,System.Byte[],0,0,1,0,0,-1,10,10,60010,0,1,-1,40,40,5,32400,1,1,0,-1,-1,-1,System.Byte[]
60374300,1,0,System.Byte[],0,0,1,0,0,-1,10,10,60010,0,1,-1,40,40,5,32400,1,1,0,-1,-1,-1,System.Byte[]
60374400,1,0,System.Byte[],0,0,1,0,0,-1,10,10,60010,0,1,-1,40,40,5,32400,1,1,0,-1,-1,-1,System.Byte[]
60374500,1,0,System.Byte[],0,0,1,0,0,-1,10,10,60010,0,1,-1,40,40,5,32400,1,1,0,-1,-1,-1,System.Byte[]
60374600,1,0,System.Byte[],0,0,1,0,0,-1,10,10,60010,0,1,-1,40,40,5,32400,1,1,0,-1,-1,-1,System.Byte[]
60374700,1,0,System.Byte[],0,0,1,0,0,-1,10,10,60010,0,1,-1,40,40,5,32400,1,1,0,-1,-1,-1,System.Byte[]
60374800,1,0,System.Byte[],0,0,1,0,0,-1,10,10,60010,0,1,-1,40,40,5,32400,1,1,0,-1,-1,-1,System.Byte[]
60374900,1,0,System.Byte[],0,0,1,0,0,-1,10,10,60010,0,1,-1,40,40,5,32400,1,1,0,-1,-1,-1,System.Byte[]
60375000,1,0,System.Byte[],0,0,1,0,0,-1,10,10,60010,0,1,-1,40,40,5,32400,1,1,0,-1,-1,-1,System.Byte[]
60375100,1,0,System.Byte[],0,0,2,0,0,-1,20,20,60020,0,1,-1,40,40,5,32400,1,1,0,-1,-1,-1,System.Byte[]
60375200,1,0,System.Byte[],0,0,2,0,0,-1,20,20,60020,0,1,-1,40,40,5,32400,1,1,0,-1,-1,-1,System.Byte[]
60375300,1,0,System.Byte[],0,0,21,0,0,-1,20,20,60020,0,1,-1,40,40,5,32400,1,1,0,-1,-1,-1,System.Byte[]
60375400,1,0,System.Byte[],0,0,21,0,0,-1,20,20,60020,0,1,-1,40,40,5,32400,1,1,0,-1,-1,-1,System.Byte[]
60375500,1,0,System.Byte[],0,0,21,0,0,-1,20,20,-1,0,1,-1,40,40,5,32400,1,1,0,-1,-1,-1,System.Byte[]
60383900,1,0,System.Byte[],0,0,1,0,0,-1,10,10,60010,0,1,-1,40,40,5,32400,1,1,0,-1,-1,-1,System.Byte[]
60384000,1,0,System.Byte[],0,0,1,0,0,-1,10,10,60010,0,1,-1,40,40,5,32400,1,1,0,-1,-1,-1,System.Byte[]
60384100,1,0,System.Byte[],0,0,1,0,0,-1,10,10,60010,0,1,-1,40,40,5,32400,1,1,0,-1,-1,-1,System.Byte[]
60384200,1,0,System.Byte[],0,0,1,0,0,-1,10,10,60010,0,1,-1,40,40,5,32400,1,1,0,-1,-1,-1,System.Byte[]
60384300,1,0,System.Byte[],0,0,1,0,0,-1,10,10,60010,0,1,-1,40,40,5,32400,1,1,0,-1,-1,-1,System.Byte[]
60384400,1,0,System.Byte[],0,0,1,0,0,-1,10,10,60010,0,1,-1,40,40,5,32400,1,1,0,-1,-1,-1,System.Byte[]
60384500,1,0,System.Byte[],0,0,1,0,0,-1,10,10,60010,0,1,-1,40,40,5,32400,1,1,0,-1,-1,-1,System.Byte[]
60384600,1,0,System.Byte[],0,0,1,0,0,-1,10,10,60010,0,1,-1,40,40,5,32400,1,1,0,-1,-1,-1,System.Byte[]
60384700,1,0,System.Byte[],0,0,1,0,0,-1,10,10,60010,0,1,-1,40,40,5,32400,1,1,0,-1,-1,-1,System.Byte[]
60384800,1,0,System.Byte[],0,0,1,0,0,-1,10,10,60010,0,1,-1,40,40,5,32400,1,1,0,-1,-1,-1,System.Byte[]
60384900,1,0,System.Byte[],0,0,1,0,0,-1,10,10,60011,0,1,-1,40,40,5,32400,1,1,0,-1,-1,-1,System.Byte[]
60385000,1,0,System.Byte[],0,0,2,0,0,-1,10,10,60010,0,1,-1,40,40,5,32400,1,1,0,-1,-1,-1,System.Byte[]
60385100,1,0,System.Byte[],0,0,2,0,0,-1,20,20,60020,0,1,-1,40,40,5,32400,1,1,0,-1,-1,-1,System.Byte[]
60385200,1,0,System.Byte[],0,0,2,0,0,-1,20,20,60020,0,1,-1,40,40,5,32400,1,1,0,-1,-1,-1,System.Byte[]
60385300,1,0,System.Byte[],0,0,2,0,0,-1,20,20,60020,0,1,-1,40,40,5,32400,1,1,0,-1,-1,-1,System.Byte[]
60385400,1,0,System.Byte[],0,0,2,0,0,-1,20,20,60020,0,1,-1,40,40,5,32400,1,1,0,-1,-1,-1,System.Byte[]
60385500,1,0,System.Byte[],0,0,2,0,0,-1,20,20,-1,0,1,-1,40,40,5,32400,1,1,0,-1,-1,-1,System.Byte[]
60393600,1,0,System.Byte[],0,0,0,0,0,-1,0,0,60000,0,1,-1,40,40,5,32400,1,1,0,-1,-1,-1,System.Byte[]
60393700,1,0,System.Byte[],0,0,0,0,0,-1,0,0,60000,0,1,-1,40,40,5,32400,1,1,0,-1,-1,-1,System.Byte[]
60393800,1,0,System.Byte[],0,0,1,0,0,-1,10,10,60010,0,1,-1,40,40,5,32400,1,1,0,-1,-1,-1,System.Byte[]
60393900,1,0,System.Byte[],0,0,1,0,0,-1,10,10,60010,0,1,-1,40,40,5,32400,1,1,0,-1,-1,-1,System.Byte[]
60394000,1,0,System.Byte[],0,0,1,0,0,-1,10,10,60010,0,1,-1,40,40,5,32400,1,1,0,-1,-1,-1,System.Byte[]
60394100,1,0,System.Byte[],0,0,1,0,0,-1,10,10,60010,0,1,-1,40,40,5,32400,1,1,0,-1,-1,-1,System.Byte[]
60394200,1,0,System.Byte[],0,0,1,0,0,-1,10,10,60010,0,1,-1,40,40,5,32400,1,1,0,-1,-1,-1,System.Byte[]
60394300,1,0,System.Byte[],0,0,1,0,0,-1,10,10,60010,0,1,-1,40,40,5,32400,1,1,0,-1,-1,-1,System.Byte[]
60394400,1,0,System.Byte[],0,0,1,0,0,-1,10,10,60010,0,1,-1,40,40,5,32400,1,1,0,-1,-1,-1,System.Byte[]
60394500,1,0,System.Byte[],0,0,1,0,0,-1,10,10,60010,0,1,-1,40,40,5,32400,1,1,0,-1,-1,-1,System.Byte[]
60394600,1,0,System.Byte[],0,0,1,0,0,-1,10,10,60010,0,1,-1,40,40,5,32400,1,1,0,-1,-1,-1,System.Byte[]
60394700,1,0,System.Byte[],0,0,1,0,0,-1,10,10,60010,0,1,-1,40,40,5,32400,1,1,0,-1,-1,-1,System.Byte[]
60394800,1,0,System.Byte[],0,0,1,0,0,-1,10,10,60010,0,1,-1,40,40,5,32400,1,1,0,-1,-1,-1,System.Byte[]
60394900,1,0,System.Byte[],0,0,1,0,0,-1,10,10,60010,0,1,-1,40,40,5,32400,1,1,0,-1,-1,-1,System.Byte[]
60395000,1,0,System.Byte[],0,0,2,0,0,-1,20,20,60020,0,1,-1,40,40,5,32400,1,1,0,-1,-1,-1,System.Byte[]
60395100,1,0,System.Byte[],0,0,2,0,0,-1,20,20,60020,0,1,-1,40,40,5,32400,1,1,0,-1,-1,-1,System.Byte[]
60395200,1,0,System.Byte[],0,0,2,0,0,-1,20,20,60020,0,1,-1,40,40,5,32400,1,1,0,-1,-1,-1,System.Byte[]
60395300,1,0,System.Byte[],0,0,2,0,0,-1,20,20,60020,0,1,-1,40,40,5,32400,1,1,0,-1,-1,-1,System.Byte[]
60395400,1,0,System.Byte[],0,0,2,0,0,-1,20,20,-1,0,1,-1,40,40,5,32400,1,1,0,-1,-1,-1,System.Byte[]
60395500,1,0,System.Byte[],0,0,2,0,0,-1,20,20,-1,0,1,-1,40,40,5,32400,1,1,0,-1,-1,-1,System.Byte[]
60395600,1,0,System.Byte[],0,0,2,0,0,-1,20,20,-1,0,1,-1,40,40,5,32400,1,1,0,-1,-1,-1,System.Byte[]
60403200,1,0,System.Byte[],0,0,0,0,0,-1,0,0,60000,0,1,-1,40,40,5,32400,1,1,0,-1,-1,-1,System.Byte[]
60403300,1,0,System.Byte[],0,0,0,0,0,-1,0,0,60000,0,1,-1,40,40,5,32400,1,1,0,-1,-1,-1,System.Byte[]
60403400,0,0,System.Byte[],0,0,0,0,0,-1,0,0,60000,0,1,-1,40,40,5,32400,1,1,0,-1,-1,-1,System.Byte[]
60403500,0,0,System.Byte[],0,0,0,0,0,-1,0,0,60000,0,1,-1,40,40,5,32400,1,1,0,-1,-1,-1,System.Byte[]
60403600,0,0,System.Byte[],0,0,0,0,0,-1,0,0,60000,0,1,-1,40,40,5,32400,1,1,0,-1,-1,-1,System.Byte[]
60403700,0,0,System.Byte[],0,0,0,0,0,-1,0,0,60000,0,1,-1,40,40,5,32400,1,1,0,-1,-1,-1,System.Byte[]
60403800,0,0,System.Byte[],0,0,0,0,0,-1,0,0,60000,0,1,-1,40,40,5,32400,1,1,0,-1,-1,-1,System.Byte[]
60403900,0,0,System.Byte[],0,0,1,0,0,-1,0,0,60000,0,1,-1,40,40,5,32400,1,1,0,-1,-1,-1,System.Byte[]
60404000,1,0,System.Byte[],0,0,1,0,0,-1,10,10,60010,0,1,-1,40,40,5,32400,1,1,0,-1,-1,-1,System.Byte[]
60404100,1,0,System.Byte[],0,0,1,0,0,-1,10,10,60010,0,1,-1,40,40,5,32400,1,1,0,-1,-1,-1,System.Byte[]
60404200,1,0,System.Byte[],0,0,1,0,0,-1,10,10,60010,0,1,-1,40,40,5,32400,1,1,0,-1,-1,-1,System.Byte[]
60404300,1,0,System.Byte[],0,0,1,0,0,-1,10,10,60010,0,1,-1,40,40,5,32400,1,1,0,-1,-1,-1,System.Byte[]
60404400,1,0,System.Byte[],0,0,1,0,0,-1,10,10,60010,0,1,-1,40,40,5,32400,1,1,0,-1,-1,-1,System.Byte[]
60404500,1,0,System.Byte[],0,0,1,0,0,-1,10,10,60010,0,1,-1,40,40,5,32400,1,1,0,-1,-1,-1,System.Byte[]
60404600,1,0,System.Byte[],0,0,1,0,0,-1,10,10,60010,0,1,-1,40,40,5,32400,1,1,0,-1,-1,-1,System.Byte[]
60404700,1,0,System.Byte[],0,0,1,0,0,-1,10,10,60010,0,1,-1,40,40,5,32400,1,1,0,-1,-1,-1,System.Byte[]
60404800,1,0,System.Byte[],0,0,1,0,0,-1,10,10,60010,0,1,-1,40,40,5,32400,1,1,0,-1,-1,-1,System.Byte[]
60404900,1,0,System.Byte[],0,0,2,0,0,-1,20,20,-1,0,1,-1,40,40,5,32400,1,1,0,-1,-1,-1,System.Byte[]
60405000,1,0,System.Byte[],0,0,2,0,0,-1,20,20,-1,0,1,-1,40,40,5,32400,1,1,0,-1,-1,-1,System.Byte[]
60405100,1,0,System.Byte[],0,0,2,0,0,-1,20,20,-1,0,1,-1,40,40,5,32400,1,1,0,-1,-1,-1,System.Byte[]
60405200,1,0,System.Byte[],0,0,2,0,0,-1,20,20,-1,0,1,-1,40,40,5,32400,1,1,0,-1,-1,-1,System.Byte[]
60405300,1,0,System.Byte[],0,0,2,0,0,-1,20,20,-1,0,1,-1,40,40,5,32400,1,1,0,-1,-1,-1,System.Byte[]
60405400,1,0,System.Byte[],0,0,2,0,0,-1,20,20,-1,0,1,-1,40,40,5,32400,1,1,0,-1,-1,-1,System.Byte[]
60405500,1,0,System.Byte[],0,0,2,0,0,-1,20,20,60020,0,1,-1,40,40,5,32400,1,1,0,-1,-1,-1,System.Byte[]
60405600,1,0,System.Byte[],0,0,4,0,0,-1,40,40,-1,0,1,-1,40,40,5,32400,1,1,0,-1,-1,-1,System.Byte[]
60413200,1,0,System.Byte[],0,0,0,0,0,-1,0,0,60000,0,1,-1,40,40,5,32400,1,1,0,-1,-1,-1,System.Byte[]
60413300,1,0,System.Byte[],0,3600,0,0,0,-1,0,0,60000,0,1,-1,40,40,5,32400,1,1,0,-1,-1,-1,System.Byte[]
60413400,0,0,System.Byte[],0,0,0,0,0,-1,0,0,60000,0,1,-1,40,40,5,32400,1,1,0,-1,-1,-1,System.Byte[]
60413500,0,0,System.Byte[],0,0,0,0,0,-1,0,0,60000,0,1,-1,40,40,5,32400,1,1,0,-1,-1,-1,System.Byte[]
60413600,0,0,System.Byte[],0,0,0,0,0,-1,0,0,60000,0,1,-1,40,40,5,32400,1,1,0,-1,-1,-1,System.Byte[]
60413700,0,0,System.Byte[],0,0,0,0,0,-1,0,0,60000,0,1,-1,40,40,5,32400,1,1,0,-1,-1,-1,System.Byte[]
60413800,0,0,System.Byte[],0,0,0,0,0,-1,0,0,60000,0,1,-1,40,40,5,32400,1,1,0,-1,-1,-1,System.Byte[]
60413900,0,0,System.Byte[],0,0,0,0,0,-1,0,0,60000,0,1,-1,40,40,5,32400,1,1,0,-1,-1,-1,System.Byte[]
60414000,1,0,System.Byte[],0,0,0,0,0,-1,0,0,60000,0,1,-1,40,40,5,32400,1,1,0,-1,-1,-1,System.Byte[]
60414100,1,0,System.Byte[],0,0,1,0,0,-1,10,10,60010,0,1,-1,40,40,5,32400,1,1,0,-1,-1,-1,System.Byte[]
60414200,1,0,System.Byte[],0,0,1,0,0,-1,10,10,60010,0,1,-1,40,40,5,32400,1,1,0,-1,-1,-1,System.Byte[]
60414300,1,0,System.Byte[],0,0,1,0,0,-1,10,10,60010,0,1,-1,40,40,5,32400,1,1,0,-1,-1,-1,System.Byte[]
60414400,1,0,System.Byte[],0,0,1,0,0,-1,10,10,60010,0,1,-1,40,40,5,32400,1,1,0,-1,-1,-1,System.Byte[]
60414500,1,0,System.Byte[],0,0,1,0,0,-1,10,10,60010,0,1,-1,40,40,5,32400,1,1,0,-1,-1,-1,System.Byte[]
60414600,1,0,System.Byte[],0,0,1,0,0,-1,10,10,60010,0,1,-1,40,40,5,32400,1,1,0,-1,-1,-1,System.Byte[]
60414700,1,0,System.Byte[],0,0,2,0,0,-1,20,20,-1,0,1,-1,40,40,5,32400,1,1,0,-1,-1,-1,System.Byte[]
60414800,1,0,System.Byte[],0,0,2,0,0,-1,20,20,-1,0,1,-1,40,40,5,32400,1,1,0,-1,-1,-1,System.Byte[]
60414900,1,0,System.Byte[],0,0,2,0,0,-1,20,20,-1,0,1,-1,40,40,5,32400,1,1,0,-1,-1,-1,System.Byte[]
60415000,1,0,System.Byte[],0,0,2,0,0,-1,20,20,60020,0,1,-1,40,40,5,32400,1,1,0,-1,-1,-1,System.Byte[]
60415100,1,0,System.Byte[],0,0,2,0,0,-1,20,20,60020,0,1,-1,40,40,5,32400,1,1,0,-1,-1,-1,System.Byte[]
60415200,1,0,System.Byte[],0,0,2,0,0,-1,20,20,60020,0,1,-1,40,40,5,32400,1,1,0,-1,-1,-1,System.Byte[]
60415300,1,0,System.Byte[],0,0,2,0,0,-1,20,20,-1,0,1,-1,40,40,5,32400,1,1,0,-1,-1,-1,System.Byte[]
60415400,1,0,System.Byte[],0,0,2,0,0,-1,20,20,-1,0,1,-1,40,40,5,32400,1,1,0,-1,-1,-1,System.Byte[]
60415500,1,0,System.Byte[],0,0,2,0,0,-1,20,20,-1,0,1,-1,40,40,5,32400,1,1,0,-1,-1,-1,System.Byte[]
60415600,1,0,System.Byte[],0,0,4,0,0,-1,40,40,-1,0,1,-1,40,40,5,32400,1,1,0,-1,-1,-1,System.Byte[]
60415700,1,0,System.Byte[],0,0,4,0,0,-1,40,40,-1,0,1,-1,40,40,5,32400,1,1,0,-1,-1,-1,System.Byte[]
60415800,1,0,System.Byte[],0,0,4,0,0,-1,40,40,-1,0,1,-1,40,40,5,32400,1,1,0,-1,-1,-1,System.Byte[]
60415900,1,0,System.Byte[],0,0,4,0,0,-1,40,40,-1,0,1,-1,40,40,5,32400,1,1,0,-1,-1,-1,System.Byte[]
60416000,1,0,System.Byte[],0,0,4,0,0,-1,40,40,-1,0,1,-1,40,40,5,32400,1,1,0,-1,-1,-1,System.Byte[]
60416100,1,0,System.Byte[],0,0,4,0,0,-1,40,40,-1,0,1,-1,40,40,5,32400,1,1,0,-1,-1,-1,System.Byte[]
60423000,1,0,System.Byte[],0,0,0,0,0,-1,0,0,60000,0,1,-1,40,40,5,32400,1,1,0,-1,-1,-1,System.Byte[]
60423100,1,0,System.Byte[],0,0,0,0,0,-1,0,0,60000,0,1,-1,40,40,5,32400,1,1,0,-1,-1,-1,System.Byte[]
60423200,1,0,System.Byte[],0,0,0,0,0,-1,0,0,60000,0,1,-1,40,40,5,32400,1,1,0,-1,-1,-1,System.Byte[]
60423300,1,0,System.Byte[],0,2400,0,0,0,-1,0,0,60000,0,1,-1,40,40,5,32400,1,1,0,-1,-1,-1,System.Byte[]
60423400,1,0,System.Byte[],0,0,0,0,0,-1,0,0,60000,0,1,-1,40,40,5,32400,1,1,0,-1,-1,-1,System.Byte[]
60423500,0,0,System.Byte[],0,0,0,0,0,-1,0,0,60000,0,1,-1,40,40,5,32400,1,1,0,-1,-1,-1,System.Byte[]
60423600,0,0,System.Byte[],0,0,0,0,0,-1,0,0,60000,0,1,-1,40,40,5,32400,1,1,0,-1,-1,-1,System.Byte[]
60423700,0,0,System.Byte[],0,0,0,0,0,-1,0,0,60000,0,1,-1,40,40,5,32400,1,1,0,-1,-1,-1,System.Byte[]
60423800,0,0,System.Byte[],0,0,0,0,0,-1,0,0,60000,0,1,-1,40,40,5,32400,1,1,0,-1,-1,-1,System.Byte[]
60423900,0,0,System.Byte[],0,0,0,0,0,-1,0,0,60000,0,1,-1,40,40,5,32400,1,1,0,-1,-1,-1,System.Byte[]
60424000,1,0,System.Byte[],0,0,0,0,0,-1,0,0,60000,0,1,-1,40,40,5,32400,1,1,0,-1,-1,-1,System.Byte[]
60424100,1,0,System.Byte[],0,0,1,0,0,-1,10,10,60010,0,1,-1,40,40,5,32400,1,1,0,-1,-1,-1,System.Byte[]
60424200,1,0,System.Byte[],0,0,1,0,0,-1,10,10,60010,0,1,-1,40,40,5,32400,1,1,0,-1,-1,-1,System.Byte[]
60424300,1,0,System.Byte[],0,0,1,0,0,-1,10,10,60010,0,1,-1,40,40,5,32400,1,1,0,-1,-1,-1,System.Byte[]
60424400,1,0,System.Byte[],0,0,1,0,0,-1,10,10,60010,0,1,-1,40,40,5,32400,1,1,0,-1,-1,-1,System.Byte[]
60424500,1,0,System.Byte[],0,0,1,0,0,-1,10,10,60010,0,1,-1,40,40,5,32400,1,1,0,-1,-1,-1,System.Byte[]
60424600,1,0,System.Byte[],0,0,1,0,0,-1,10,10,60010,0,1,-1,40,40,5,32400,1,1,0,-1,-1,-1,System.Byte[]
60424700,1,0,System.Byte[],0,0,2,0,0,-1,20,20,-1,0,1,-1,40,40,5,32400,1,1,0,-1,-1,-1,System.Byte[]
60424800,1,0,System.Byte[],0,0,2,0,0,-1,20,20,-1,0,1,-1,40,40,5,32400,1,1,0,-1,-1,-1,System.Byte[]
60424900,1,0,System.Byte[],0,0,2,0,0,-1,20,20,-1,0,1,-1,40,40,5,32400,1,1,0,-1,-1,-1,System.Byte[]
60425000,1,0,System.Byte[],0,0,2,0,0,-1,20,20,60020,0,1,-1,40,40,5,32400,1,1,0,-1,-1,-1,System.Byte[]
60425100,1,0,System.Byte[],0,0,2,0,0,-1,20,20,60020,0,1,-1,40,40,5,32400,1,1,0,-1,-1,-1,System.Byte[]
60425200,1,0,System.Byte[],0,0,2,0,0,-1,20,20,60020,0,1,-1,40,40,5,32400,1,1,0,-1,-1,-1,System.Byte[]
60425300,1,0,System.Byte[],0,0,2,0,0,-1,20,20,-1,0,1,-1,40,40,5,32400,1,1,0,-1,-1,-1,System.Byte[]
60425400,1,0,System.Byte[],0,0,2,0,0,-1,20,20,-1,0,1,-1,40,40,5,32400,1,1,0,-1,-1,-1,System.Byte[]
60425500,1,0,System.Byte[],0,0,2,0,0,-1,20,20,-1,0,1,-1,40,40,5,32400,1,1,0,-1,-1,-1,System.Byte[]
60425600,1,0,System.Byte[],0,0,4,0,0,-1,40,40,-1,0,1,-1,40,40,5,32400,1,1,0,-1,-1,-1,System.Byte[]
60425700,1,0,System.Byte[],0,0,4,0,0,-1,40,40,-1,0,1,-1,40,40,5,32400,1,1,0,-1,-1,-1,System.Byte[]
60425800,1,0,System.Byte[],0,0,4,0,0,-1,40,40,-1,0,1,-1,40,40,5,32400,1,1,0,-1,-1,-1,System.Byte[]
60425900,1,0,System.Byte[],0,0,4,0,0,-1,40,40,-1,0,1,-1,40,40,5,32400,1,1,0,-1,-1,-1,System.Byte[]
60426000,1,0,System.Byte[],0,0,4,0,0,-1,40,40,-1,0,1,-1,40,40,5,32400,1,1,0,-1,-1,-1,System.Byte[]
60426100,1,0,System.Byte[],0,0,4,0,0,-1,40,40,-1,0,1,-1,40,40,5,32400,1,1,0,-1,-1,-1,System.Byte[]
60426200,1,0,System.Byte[],0,0,4,0,0,-1,40,40,-1,0,1,-1,40,40,5,32400,1,1,0,-1,-1,-1,System.Byte[]
60433000,1,0,System.Byte[],0,0,0,0,0,-1,0,0,60000,0,1,-1,40,40,5,32400,1,1,0,-1,-1,-1,System.Byte[]
60433100,1,0,System.Byte[],0,0,0,0,0,-1,0,0,60000,0,1,-1,40,40,5,32400,1,1,0,-1,-1,-1,System.Byte[]
60433200,1,0,System.Byte[],0,0,0,0,0,-1,0,0,60000,0,1,-1,40,40,5,32400,1,1,0,-1,-1,-1,System.Byte[]
60433300,1,0,System.Byte[],0,0,0,0,0,-1,0,0,60000,0,1,-1,40,40,5,32400,1,1,0,-1,-1,-1,System.Byte[]
60433400,1,0,System.Byte[],0,0,0,0,0,-1,0,0,60000,0,1,-1,40,40,5,32400,1,1,0,-1,-1,-1,System.Byte[]
60433500,0,0,System.Byte[],0,0,0,0,0,-1,0,0,60000,0,1,-1,40,40,5,32400,1,1,0,-1,-1,-1,System.Byte[]
60433600,0,0,System.Byte[],0,0,0,0,0,-1,0,0,60000,0,1,-1,40,40,5,32400,1,1,0,-1,-1,-1,System.Byte[]
60433700,0,0,System.Byte[],0,0,0,0,0,-1,0,0,60000,0,1,-1,40,40,5,32400,1,1,0,-1,-1,-1,System.Byte[]
60433800,0,0,System.Byte[],0,0,0,0,0,-1,0,0,60000,0,1,-1,40,40,5,32400,1,1,0,-1,-1,-1,System.Byte[]
60433900,0,0,System.Byte[],0,0,0,0,0,-1,0,0,60000,0,1,-1,40,40,5,32400,1,1,0,-1,-1,-1,System.Byte[]
60434000,1,0,System.Byte[],0,0,0,0,0,-1,0,0,60000,0,1,-1,40,40,5,32400,1,1,0,-1,-1,-1,System.Byte[]
60434100,1,0,System.Byte[],0,0,1,0,0,-1,10,10,60010,0,1,-1,40,40,5,32400,1,1,0,-1,-1,-1,System.Byte[]
60434200,1,0,System.Byte[],0,0,1,0,0,-1,10,10,60010,0,1,-1,40,40,5,32400,1,1,0,-1,-1,-1,System.Byte[]
60434300,1,0,System.Byte[],0,0,1,0,0,-1,10,10,60010,0,1,-1,40,40,5,32400,1,1,0,-1,-1,-1,System.Byte[]
60434400,1,0,System.Byte[],0,0,1,0,0,-1,10,10,60010,0,1,-1,40,40,5,32400,1,1,0,-1,-1,-1,System.Byte[]
60434500,1,0,System.Byte[],0,0,1,0,0,-1,10,10,60010,0,1,-1,40,40,5,32400,1,1,0,-1,-1,-1,System.Byte[]
60434600,1,0,System.Byte[],0,0,1,0,0,-1,10,10,60010,0,1,-1,40,40,5,32400,1,1,0,-1,-1,-1,System.Byte[]
60434700,1,0,System.Byte[],0,0,2,0,0,-1,20,20,-1,0,1,-1,40,40,5,32400,1,1,0,-1,-1,-1,System.Byte[]
60434800,1,0,System.Byte[],0,0,2,0,0,-1,20,20,-1,0,1,-1,40,40,5,32400,1,1,0,-1,-1,-1,System.Byte[]
60434900,1,0,System.Byte[],0,0,2,0,0,-1,20,20,-1,0,1,-1,40,40,5,32400,1,1,0,-1,-1,-1,System.Byte[]
60435000,1,0,System.Byte[],0,0,2,0,0,-1,20,20,60020,0,1,-1,40,40,5,32400,1,1,0,-1,-1,-1,System.Byte[]
60435100,1,0,System.Byte[],0,0,2,0,0,-1,20,20,60020,0,1,-1,40,40,5,32400,1,1,0,-1,-1,-1,System.Byte[]
60435200,1,0,System.Byte[],0,0,2,0,0,-1,20,20,60020,0,1,-1,40,40,5,32400,1,1,0,-1,-1,-1,System.Byte[]
60435300,1,0,System.Byte[],0,0,2,0,0,-1,20,20,-1,0,1,-1,40,40,5,32400,1,1,0,-1,-1,-1,System.Byte[]
60435400,1,0,System.Byte[],0,0,4,0,0,-1,40,40,-1,0,1,-1,40,40,5,32400,1,1,0,-1,-1,-1,System.Byte[]
60435500,1,0,System.Byte[],0,0,4,0,0,-1,40,40,-1,0,1,-1,40,40,5,32400,1,1,0,-1,-1,-1,System.Byte[]
60435600,1,0,System.Byte[],0,0,4,0,0,-1,40,40,-1,0,1,-1,40,40,5,32400,1,1,0,-1,-1,-1,System.Byte[]
60435700,1,0,System.Byte[],0,0,4,0,0,-1,40,40,-1,0,1,-1,40,40,5,32400,1,1,0,-1,-1,-1,System.Byte[]
60435800,1,0,System.Byte[],0,0,4,0,0,-1,40,40,-1,0,1,-1,40,40,5,32400,1,1,0,-1,-1,-1,System.Byte[]
60435900,1,0,System.Byte[],0,0,4,0,0,-1,40,40,-1,0,1,-1,40,40,5,32400,1,1,0,-1,-1,-1,System.Byte[]
60436000,1,0,System.Byte[],0,0,4,0,0,-1,40,40,-1,0,1,-1,40,40,5,32400,1,1,0,-1,-1,-1,System.Byte[]
60436100,1,0,System.Byte[],0,0,4,0,0,-1,40,40,-1,0,1,-1,40,40,5,32400,1,1,0,-1,-1,-1,System.Byte[]
60436200,1,0,System.Byte[],0,0,4,0,0,-1,40,40,-1,0,1,-1,40,40,5,32400,1,1,0,-1,-1,-1,System.Byte[]
60443000,1,0,System.Byte[],0,0,0,0,0,-1,0,0,60000,0,1,-1,40,40,5,32400,1,1,0,-1,-1,-1,System.Byte[]
60443100,1,0,System.Byte[],0,0,0,0,0,-1,0,0,60000,0,1,-1,40,40,5,32400,1,1,0,-1,-1,-1,System.Byte[]
60443200,1,0,System.Byte[],0,0,0,0,0,-1,0,0,60000,0,1,-1,40,40,5,32400,1,1,0,-1,-1,-1,System.Byte[]
60443300,1,0,System.Byte[],0,0,0,0,0,-1,0,0,60000,0,1,-1,40,40,5,32400,1,1,0,-1,-1,-1,System.Byte[]
60443400,1,0,System.Byte[],0,0,0,0,0,-1,0,0,60000,0,1,-1,40,40,5,32400,1,1,0,-1,-1,-1,System.Byte[]
60443500,0,0,System.Byte[],0,0,0,0,0,-1,0,0,60000,0,1,-1,40,40,5,32400,1,1,0,-1,-1,-1,System.Byte[]
60443600,0,0,System.Byte[],0,0,0,0,0,-1,0,0,60000,0,1,-1,40,40,5,32400,1,1,0,-1,-1,-1,System.Byte[]
60443700,0,0,System.Byte[],0,0,0,0,0,-1,0,0,60000,0,1,-1,40,40,5,32400,1,1,0,-1,-1,-1,System.Byte[]
60443800,0,0,System.Byte[],0,0,0,0,0,-1,0,0,60000,0,1,-1,40,40,5,32400,1,1,0,-1,-1,-1,System.Byte[]
60443900,0,0,System.Byte[],0,0,0,0,0,-1,0,0,60000,0,1,-1,40,40,5,32400,1,1,0,-1,-1,-1,System.Byte[]
60444000,1,0,System.Byte[],0,0,0,0,0,-1,0,0,60000,0,1,-1,40,40,5,32400,1,1,0,-1,-1,-1,System.Byte[]
60444100,1,0,System.Byte[],0,0,0,0,0,-1,0,0,60000,0,1,-1,40,40,5,32400,1,1,0,-1,-1,-1,System.Byte[]
60444200,1,0,System.Byte[],0,0,1,0,0,-1,10,10,60010,0,1,-1,40,40,5,32400,1,1,0,-1,-1,-1,System.Byte[]
60444300,1,0,System.Byte[],0,0,1,0,0,-1,10,10,60010,0,1,-1,40,40,5,32400,1,1,0,-1,-1,-1,System.Byte[]
60444400,1,0,System.Byte[],0,0,1,0,0,-1,10,10,60010,0,1,-1,40,40,5,32400,1,1,0,-1,-1,-1,System.Byte[]
60444500,1,0,System.Byte[],0,0,1,0,0,-1,10,10,60010,0,1,-1,40,40,5,32400,1,1,0,-1,-1,-1,System.Byte[]
60444600,1,0,System.Byte[],0,0,1,0,0,-1,10,10,60010,0,1,-1,40,40,5,32400,1,1,0,-1,-1,-1,System.Byte[]
60444700,1,0,System.Byte[],0,0,2,0,0,-1,20,20,-1,0,1,-1,40,40,5,32400,1,1,0,-1,-1,-1,System.Byte[]
60444800,1,0,System.Byte[],0,0,2,0,0,-1,20,20,-1,0,1,-1,40,40,5,32400,1,1,0,-1,-1,-1,System.Byte[]
60444900,1,0,System.Byte[],0,0,2,0,0,-1,20,20,-1,0,1,-1,40,40,5,32400,1,1,0,-1,-1,-1,System.Byte[]
60445000,1,0,System.Byte[],0,0,2,0,0,-1,20,20,-1,0,1,-1,40,40,5,32400,1,1,0,-1,-1,-1,System.Byte[]
60445100,1,0,System.Byte[],0,0,2,0,0,-1,20,20,-1,0,1,-1,40,40,5,32400,1,1,0,-1,-1,-1,System.Byte[]
60445200,1,0,System.Byte[],0,0,2,0,0,-1,20,20,60020,0,1,-1,40,40,5,32400,1,1,0,-1,-1,-1,System.Byte[]
60445300,1,0,System.Byte[],0,0,2,0,0,-1,20,20,-1,0,1,-1,40,40,5,32400,1,1,0,-1,-1,-1,System.Byte[]
60445400,1,0,System.Byte[],0,0,4,0,0,-1,40,40,-1,0,1,-1,40,40,5,32400,1,1,0,-1,-1,-1,System.Byte[]
60445500,1,0,System.Byte[],0,0,4,0,0,-1,40,40,-1,0,1,-1,40,40,5,32400,1,1,0,-1,-1,-1,System.Byte[]
60445600,1,0,System.Byte[],0,0,4,0,0,-1,40,40,-1,0,1,-1,40,40,5,32400,1,1,0,-1,-1,-1,System.Byte[]
60445700,1,0,System.Byte[],0,0,4,0,0,-1,40,40,-1,0,1,-1,40,40,5,32400,1,1,0,-1,-1,-1,System.Byte[]
60445800,1,0,System.Byte[],0,0,4,0,0,-1,40,40,-1,0,1,-1,40,40,5,32400,1,1,0,-1,-1,-1,System.Byte[]
60445900,1,0,System.Byte[],0,0,4,0,0,-1,40,40,-1,0,1,-1,40,40,5,32400,1,1,0,-1,-1,-1,System.Byte[]
60446000,1,0,System.Byte[],0,0,4,0,0,-1,40,40,-1,0,1,-1,40,40,5,32400,1,1,0,-1,-1,-1,System.Byte[]
60446100,1,0,System.Byte[],0,0,4,0,0,-1,40,40,-1,0,1,-1,40,40,5,32400,1,1,0,-1,-1,-1,System.Byte[]
60446200,1,0,System.Byte[],0,0,4,0,0,-1,40,40,-1,0,1,-1,40,40,5,32400,1,1,0,-1,-1,-1,System.Byte[]
60453100,1,0,System.Byte[],0,0,0,0,0,-1,0,0,60000,0,1,-1,40,40,5,32400,1,1,0,-1,-1,-1,System.Byte[]
60453200,1,0,System.Byte[],0,0,0,0,0,-1,0,0,60000,0,1,-1,40,40,5,32400,1,1,0,-1,-1,-1,System.Byte[]
60453300,1,0,System.Byte[],0,0,0,0,0,-1,0,0,60000,0,1,-1,40,40,5,32400,1,1,0,-1,-1,-1,System.Byte[]
60453400,1,0,System.Byte[],0,0,0,0,0,-1,0,0,60000,0,1,-1,40,40,5,32400,1,1,0,-1,-1,-1,System.Byte[]
60453500,1,0,System.Byte[],0,0,0,0,0,-1,0,0,60000,0,1,-1,40,40,5,32400,1,1,0,-1,-1,-1,System.Byte[]
60453600,1,0,System.Byte[],0,0,0,0,0,-1,0,0,60000,0,1,-1,40,40,5,32400,1,1,0,-1,-1,-1,System.Byte[]
60453700,1,0,System.Byte[],0,0,0,0,0,-1,0,0,60000,0,1,-1,40,40,5,32400,1,1,0,-1,-1,-1,System.Byte[]
60453800,1,0,System.Byte[],0,0,0,0,0,-1,0,0,60000,0,1,-1,40,40,5,32400,1,1,0,-1,-1,-1,System.Byte[]
60453900,1,0,System.Byte[],0,0,0,0,0,-1,0,0,60000,0,1,-1,40,40,5,32400,1,1,0,-1,-1,-1,System.Byte[]
60454000,1,0,System.Byte[],0,0,0,0,0,-1,0,0,60000,0,1,-1,40,40,5,32400,1,1,0,-1,-1,-1,System.Byte[]
60454100,1,0,System.Byte[],0,0,0,0,0,-1,0,0,60000,0,1,-1,40,40,5,32400,1,1,0,-1,-1,-1,System.Byte[]
60454200,1,0,System.Byte[],0,0,1,0,0,-1,10,10,60010,0,1,-1,40,40,5,32400,1,1,0,-1,-1,-1,System.Byte[]
60454300,1,0,System.Byte[],0,0,1,0,0,-1,10,10,60010,0,1,-1,40,40,5,32400,1,1,0,-1,-1,-1,System.Byte[]
60454400,1,0,System.Byte[],0,0,1,0,0,-1,10,10,60010,0,1,-1,40,40,5,32400,1,1,0,-1,-1,-1,System.Byte[]
60454500,1,0,System.Byte[],0,0,1,0,0,-1,10,10,60010,0,1,-1,40,40,5,32400,1,1,0,-1,-1,-1,System.Byte[]
60454600,1,0,System.Byte[],0,0,1,0,0,-1,10,10,60010,0,1,-1,40,40,5,32400,1,1,0,-1,-1,-1,System.Byte[]
60454700,1,0,System.Byte[],0,0,2,0,0,-1,20,20,-1,0,1,-1,40,40,5,32400,1,1,0,-1,-1,-1,System.Byte[]
60454800,1,0,System.Byte[],0,0,2,0,0,-1,20,20,-1,0,1,-1,40,40,5,32400,1,1,0,-1,-1,-1,System.Byte[]
60454900,1,0,System.Byte[],0,0,2,0,0,-1,20,20,-1,0,1,-1,40,40,5,32400,1,1,0,-1,-1,-1,System.Byte[]
60455000,1,0,System.Byte[],0,0,2,0,0,-1,20,20,-1,0,1,-1,40,40,5,32400,1,1,0,-1,-1,-1,System.Byte[]
60455100,1,0,System.Byte[],0,0,2,0,0,-1,20,20,-1,0,1,-1,40,40,5,32400,1,1,0,-1,-1,-1,System.Byte[]
60455200,1,0,System.Byte[],0,0,2,0,0,-1,20,20,-1,0,1,-1,40,40,5,32400,1,1,0,-1,-1,-1,System.Byte[]
60455300,1,0,System.Byte[],0,0,2,0,0,-1,20,20,-1,0,1,-1,40,40,5,32400,1,1,0,-1,-1,-1,System.Byte[]
60455400,1,0,System.Byte[],0,0,4,0,0,-1,40,40,-1,0,1,-1,40,40,5,32400,1,1,0,-1,-1,-1,System.Byte[]
60455500,1,0,System.Byte[],0,0,4,0,0,-1,40,40,-1,0,1,-1,40,40,5,32400,1,1,0,-1,-1,-1,System.Byte[]
60455600,1,0,System.Byte[],0,0,4,0,0,-1,40,40,-1,0,1,-1,40,40,5,32400,1,1,0,-1,-1,-1,System.Byte[]
60455700,1,0,System.Byte[],0,0,4,0,0,-1,40,40,-1,0,1,-1,40,40,5,32400,1,1,0,-1,-1,-1,System.Byte[]
60455800,1,0,System.Byte[],0,0,4,0,0,-1,40,40,-1,0,1,-1,40,40,5,32400,1,1,0,-1,-1,-1,System.Byte[]
60455900,1,0,System.Byte[],0,0,4,0,0,-1,40,40,-1,0,1,-1,40,40,5,32400,1,1,0,-1,-1,-1,System.Byte[]
60456000,1,0,System.Byte[],0,0,4,0,0,-1,40,40,-1,0,1,-1,40,40,5,32400,1,1,0,-1,-1,-1,System.Byte[]
60456100,1,0,System.Byte[],0,0,4,0,0,-1,40,40,-1,0,1,-1,40,40,5,32400,1,1,0,-1,-1,-1,System.Byte[]
60456200,1,0,System.Byte[],0,0,4,0,0,-1,40,40,-1,0,1,-1,40,40,5,32400,1,1,0,-1,-1,-1,System.Byte[]
60456300,1,0,System.Byte[],0,0,4,0,0,-1,40,40,-1,0,1,-1,40,40,5,32400,1,1,0,-1,-1,-1,System.Byte[]
60463400,1,0,System.Byte[],0,0,0,0,0,-1,0,0,60000,0,1,-1,40,40,5,32400,1,1,0,-1,-1,-1,System.Byte[]
60463500,1,0,System.Byte[],0,0,0,0,0,-1,0,0,60000,0,1,-1,40,40,5,32400,1,1,0,-1,-1,-1,System.Byte[]
60463600,1,0,System.Byte[],0,0,0,0,0,-1,0,0,60000,0,1,-1,40,40,5,32400,1,1,0,-1,-1,-1,System.Byte[]
60463700,1,0,System.Byte[],0,0,0,0,0,-1,0,0,60000,0,1,-1,40,40,5,32400,1,1,0,-1,-1,-1,System.Byte[]
60463800,1,0,System.Byte[],0,0,0,0,0,-1,0,0,60000,0,1,-1,40,40,5,32400,1,1,0,-1,-1,-1,System.Byte[]
60463900,1,0,System.Byte[],0,0,0,0,0,-1,0,0,60000,0,1,-1,40,40,5,32400,1,1,0,-1,-1,-1,System.Byte[]
60464000,1,0,System.Byte[],0,0,3,0,0,-1,0,0,60000,0,1,-1,40,40,5,32400,1,1,0,-1,-1,-1,System.Byte[]
60464100,1,0,System.Byte[],0,0,3,0,0,-1,30,30,-1,0,1,-1,40,40,5,32400,1,1,0,-1,-1,-1,System.Byte[]
60464200,1,0,System.Byte[],0,0,3,0,0,-1,30,30,-1,0,1,-1,40,40,5,32400,1,1,0,-1,-1,-1,System.Byte[]
60464300,1,0,System.Byte[],0,0,3,0,0,-1,30,30,-1,0,1,-1,40,40,5,32400,1,1,0,-1,-1,-1,System.Byte[]
60464400,1,0,System.Byte[],0,0,3,0,0,-1,30,30,-1,0,1,-1,40,40,5,32400,1,1,0,-1,-1,-1,System.Byte[]
60464500,1,0,System.Byte[],0,0,3,0,0,-1,30,30,-1,0,1,-1,40,40,5,32400,1,1,0,-1,-1,-1,System.Byte[]
60464600,1,0,System.Byte[],0,0,2,0,0,-1,20,20,-1,0,1,-1,40,40,5,32400,1,1,0,-1,-1,-1,System.Byte[]
60464700,1,0,System.Byte[],0,0,2,0,0,-1,20,20,-1,0,1,-1,40,40,5,32400,1,1,0,-1,-1,-1,System.Byte[]
60464800,1,0,System.Byte[],0,0,2,0,0,-1,20,20,-1,0,1,-1,40,40,5,32400,1,1,0,-1,-1,-1,System.Byte[]
60464900,1,0,System.Byte[],0,0,4,0,0,-1,40,40,-1,0,1,-1,40,40,5,32400,1,1,0,-1,-1,-1,System.Byte[]
60465000,1,0,System.Byte[],0,0,4,0,0,-1,40,40,-1,0,1,-1,40,40,5,32400,1,1,0,-1,-1,-1,System.Byte[]
60465100,1,0,System.Byte[],0,0,4,0,0,-1,40,40,-1,0,1,-1,40,40,5,32400,1,1,0,-1,-1,-1,System.Byte[]
60465200,1,0,System.Byte[],0,0,4,0,0,-1,40,40,-1,0,1,-1,40,40,5,32400,1,1,0,-1,-1,-1,System.Byte[]
60465300,1,0,System.Byte[],0,0,4,0,0,-1,40,40,-1,0,1,-1,40,40,5,32400,1,1,0,-1,-1,-1,System.Byte[]
60465400,1,0,System.Byte[],0,0,4,0,0,-1,40,40,-1,0,1,-1,40,40,5,32400,1,1,0,-1,-1,-1,System.Byte[]
60465500,1,0,System.Byte[],0,0,41,0,0,-1,41,40,-1,0,1,-1,40,40,5,32400,1,1,0,-1,-1,-1,System.Byte[]
60465600,1,0,System.Byte[],0,0,41,0,0,-1,41,40,-1,0,1,-1,40,40,5,32400,1,1,0,-1,-1,-1,System.Byte[]
60465700,1,0,System.Byte[],0,0,41,0,0,-1,41,40,-1,0,1,-1,40,40,5,32400,1,1,0,-1,-1,-1,System.Byte[]
60465800,1,0,System.Byte[],0,0,4,0,0,-1,40,40,-1,0,1,-1,40,40,5,32400,1,1,0,-1,-1,-1,System.Byte[]
60465900,1,0,System.Byte[],0,0,4,0,0,-1,40,40,-1,0,1,-1,40,40,5,32400,1,1,0,-1,-1,-1,System.Byte[]
60466000,1,0,System.Byte[],0,0,4,0,0,-1,40,40,-1,0,1,-1,40,40,5,32400,1,1,0,-1,-1,-1,System.Byte[]
60466100,1,0,System.Byte[],0,0,4,0,0,-1,40,40,-1,0,1,-1,40,40,5,32400,1,1,0,-1,-1,-1,System.Byte[]
60466200,1,0,System.Byte[],0,0,4,0,0,-1,40,40,-1,0,1,-1,40,40,5,32400,1,1,0,-1,-1,-1,System.Byte[]
60466300,1,0,System.Byte[],0,0,4,0,0,-1,40,40,-1,0,1,-1,40,40,5,32400,1,1,0,-1,-1,-1,System.Byte[]
60473600,1,0,System.Byte[],0,0,3,0,0,-1,30,30,-1,0,1,-1,40,40,5,32400,1,1,0,-1,-1,-1,System.Byte[]
60473700,1,0,System.Byte[],0,0,3,0,0,-1,30,30,-1,0,1,-1,40,40,5,32400,1,1,0,-1,-1,-1,System.Byte[]
60473800,1,0,System.Byte[],0,0,3,0,0,-1,30,30,60030,0,1,-1,40,40,5,32400,1,1,0,-1,-1,-1,System.Byte[]
60473900,1,0,System.Byte[],0,0,3,0,0,-1,30,30,-1,0,1,-1,40,40,5,32400,1,1,0,-1,-1,-1,System.Byte[]
60474000,1,0,System.Byte[],0,0,3,0,0,-1,30,30,60030,0,1,-1,40,40,5,32400,1,1,0,-1,-1,-1,System.Byte[]
60474100,1,0,System.Byte[],0,0,3,0,0,-1,30,30,-1,0,1,-1,40,40,5,32400,1,1,0,-1,-1,-1,System.Byte[]
60474200,1,0,System.Byte[],0,0,3,0,0,-1,30,30,-1,0,1,-1,40,40,5,32400,1,1,0,-1,-1,-1,System.Byte[]
60474300,1,0,System.Byte[],0,0,3,0,0,-1,30,30,-1,0,1,-1,40,40,5,32400,1,1,0,-1,-1,-1,System.Byte[]
60474400,1,0,System.Byte[],0,0,3,0,0,-1,30,30,-1,0,1,-1,40,40,5,32400,1,1,0,-1,-1,-1,System.Byte[]
60474500,1,0,System.Byte[],0,0,3,0,0,-1,30,30,-1,0,1,-1,40,40,5,32400,1,1,0,-1,-1,-1,System.Byte[]
60474600,1,0,System.Byte[],0,0,4,0,0,-1,40,40,-1,0,1,-1,40,40,5,32400,1,1,0,-1,-1,-1,System.Byte[]
60474700,1,0,System.Byte[],0,0,4,0,0,-1,40,40,-1,0,1,-1,40,40,5,32400,1,1,0,-1,-1,-1,System.Byte[]
60474800,1,0,System.Byte[],0,0,4,0,0,-1,40,40,-1,0,1,-1,40,40,5,32400,1,1,0,-1,-1,-1,System.Byte[]
60474900,1,0,System.Byte[],0,0,4,0,0,-1,40,40,-1,0,1,-1,40,40,5,32400,1,1,0,-1,-1,-1,System.Byte[]
60475000,1,0,System.Byte[],0,0,4,0,0,-1,40,40,-1,0,1,-1,40,40,5,32400,1,1,0,-1,-1,-1,System.Byte[]
60475100,1,0,System.Byte[],0,0,42,0,0,-1,40,40,-1,0,1,-1,40,40,5,32400,1,1,0,-1,-1,-1,System.Byte[]
60475200,1,0,System.Byte[],0,0,4,0,0,-1,40,40,-1,0,1,-1,40,40,5,32400,1,1,0,-1,-1,-1,System.Byte[]
60475300,1,0,System.Byte[],0,0,4,0,0,-1,40,40,-1,0,1,-1,40,40,5,32400,1,1,0,-1,-1,-1,System.Byte[]
60475400,1,0,System.Byte[],0,0,41,0,0,-1,40,40,-1,0,1,-1,40,40,5,32400,1,1,0,-1,-1,-1,System.Byte[]
60475500,1,0,System.Byte[],0,0,41,0,0,-1,41,40,-1,0,1,-1,40,40,5,32400,1,1,0,-1,-1,-1,System.Byte[]
60475600,1,0,System.Byte[],0,0,41,0,0,-1,41,40,-1,0,1,-1,40,40,5,32400,1,1,0,-1,-1,-1,System.Byte[]
60475700,1,0,System.Byte[],0,0,41,0,0,-1,41,40,-1,0,1,-1,40,40,5,32400,1,1,0,-1,-1,-1,System.Byte[]
60475800,1,0,System.Byte[],0,0,41,0,0,-1,41,40,-1,0,1,-1,40,40,5,32400,1,1,0,-1,-1,-1,System.Byte[]
60475900,1,0,System.Byte[],0,0,4,0,0,-1,40,40,-1,0,1,-1,40,40,5,32400,1,1,0,-1,-1,-1,System.Byte[]
60476000,1,0,System.Byte[],0,0,4,0,0,-1,40,40,-1,0,1,-1,40,40,5,32400,1,1,0,-1,-1,-1,System.Byte[]
60476100,1,0,System.Byte[],0,0,4,0,0,-1,40,40,-1,0,1,-1,40,40,5,32400,1,1,0,-1,-1,-1,System.Byte[]
60476200,1,0,System.Byte[],0,0,4,0,0,-1,40,40,-1,0,1,-1,40,40,5,32400,1,1,0,-1,-1,-1,System.Byte[]
60476300,1,0,System.Byte[],0,0,4,0,0,-1,40,40,-1,0,1,-1,40,40,5,32400,1,1,0,-1,-1,-1,System.Byte[]
60483600,1,0,System.Byte[],0,0,3,0,0,-1,30,30,-1,0,1,-1,40,40,5,32400,1,1,0,-1,-1,-1,System.Byte[]
60483700,1,0,System.Byte[],0,0,3,0,0,-1,30,30,-1,0,1,-1,40,40,5,32400,1,1,0,-1,-1,-1,System.Byte[]
60483800,1,0,System.Byte[],0,0,3,0,0,-1,30,30,-1,0,1,-1,40,40,5,32400,1,1,0,-1,-1,-1,System.Byte[]
60483900,1,0,System.Byte[],0,0,3,0,0,-1,30,30,-1,0,1,-1,40,40,5,32400,1,1,0,-1,-1,-1,System.Byte[]
60484000,1,0,System.Byte[],0,0,3,0,0,-1,30,30,-1,0,1,-1,40,40,5,32400,1,1,0,-1,-1,-1,System.Byte[]
60484100,1,0,System.Byte[],0,0,3,0,0,-1,30,30,-1,0,1,-1,40,40,5,32400,1,1,0,-1,-1,-1,System.Byte[]
60484200,1,0,System.Byte[],0,0,3,0,0,-1,30,30,-1,0,1,-1,40,40,5,32400,1,1,0,-1,-1,-1,System.Byte[]
60484300,1,0,System.Byte[],0,0,3,0,0,-1,30,30,-1,0,1,-1,40,40,5,32400,1,1,0,-1,-1,-1,System.Byte[]
60484400,1,0,System.Byte[],0,0,3,0,0,-1,30,30,-1,0,1,-1,40,40,5,32400,1,1,0,-1,-1,-1,System.Byte[]
60484500,1,0,System.Byte[],0,0,3,0,0,-1,30,30,-1,0,1,-1,40,40,5,32400,1,1,0,-1,-1,-1,System.Byte[]
60484600,1,0,System.Byte[],0,0,4,0,0,-1,40,40,-1,0,1,-1,40,40,5,32400,1,1,0,-1,-1,-1,System.Byte[]
60484700,1,0,System.Byte[],0,0,4,0,0,-1,40,40,-1,0,1,-1,40,40,5,32400,1,1,0,-1,-1,-1,System.Byte[]
60484800,1,0,System.Byte[],0,0,4,0,0,-1,40,40,-1,0,1,-1,40,40,5,32400,1,1,0,-1,-1,-1,System.Byte[]
60484900,1,0,System.Byte[],0,0,4,0,0,-1,40,40,-1,0,1,-1,40,40,5,32400,1,1,0,-1,-1,-1,System.Byte[]
60485000,1,0,System.Byte[],0,0,42,0,0,-1,40,40,-1,0,1,-1,40,40,5,32400,1,1,0,-1,-1,-1,System.Byte[]
60485100,1,0,System.Byte[],0,0,42,0,0,-1,180,40,-1,0,1,-1,40,40,5,32400,1,1,0,-1,-1,-1,System.Byte[]
60485200,1,0,System.Byte[],0,0,42,0,0,-1,180,40,-1,0,1,-1,40,40,5,32400,1,1,0,-1,-1,-1,System.Byte[]
60485300,1,0,System.Byte[],0,0,41,0,0,-1,41,40,-1,0,1,-1,40,40,5,32400,1,1,0,-1,-1,-1,System.Byte[]
60485400,1,0,System.Byte[],0,0,41,0,0,-1,41,40,-1,0,1,-1,40,40,5,32400,1,1,0,-1,-1,-1,System.Byte[]
60485500,1,0,System.Byte[],0,0,41,0,0,-1,41,40,-1,0,1,-1,40,40,5,32400,1,1,0,-1,-1,-1,System.Byte[]
60485600,1,0,System.Byte[],0,0,41,0,0,-1,41,40,-1,0,1,-1,40,40,5,32400,1,1,0,-1,-1,-1,System.Byte[]
60485700,1,0,System.Byte[],0,0,41,0,0,-1,41,40,-1,0,1,-1,40,40,5,32400,1,1,0,-1,-1,-1,System.Byte[]
60485800,1,0,System.Byte[],0,0,41,0,0,-1,41,40,-1,0,1,-1,40,40,5,32400,1,1,0,-1,-1,-1,System.Byte[]
60485900,1,0,System.Byte[],0,0,4,0,0,-1,40,40,-1,0,1,-1,40,40,5,32400,1,1,0,-1,-1,-1,System.Byte[]
60486000,1,0,System.Byte[],0,0,4,0,0,-1,40,40,-1,0,1,-1,40,40,5,32400,1,1,0,-1,-1,-1,System.Byte[]
60486100,1,0,System.Byte[],0,0,4,0,0,-1,40,40,-1,0,1,-1,40,40,5,32400,1,1,0,-1,-1,-1,System.Byte[]
60486200,1,0,System.Byte[],0,0,4,0,0,-1,40,40,-1,0,1,-1,40,40,5,32400,1,1,0,-1,-1,-1,System.Byte[]
60486300,1,0,System.Byte[],0,0,4,0,0,-1,40,40,-1,0,1,-1,40,40,5,32400,1,1,0,-1,-1,-1,System.Byte[]
60486400,1,0,System.Byte[],0,0,4,0,0,-1,40,40,-1,0,1,-1,40,40,5,32400,1,1,0,-1,-1,-1,System.Byte[]
60493600,1,0,System.Byte[],0,0,3,0,0,-1,30,30,-1,0,1,-1,40,40,5,32400,1,1,0,-1,-1,-1,System.Byte[]
60493700,1,0,System.Byte[],0,0,3,0,0,-1,30,30,-1,0,1,-1,40,40,5,32400,1,1,0,-1,-1,-1,System.Byte[]
60493800,1,0,System.Byte[],0,0,3,0,0,-1,30,30,-1,0,1,-1,40,40,5,32400,1,1,0,-1,-1,-1,System.Byte[]
60493900,1,0,System.Byte[],0,0,3,0,0,-1,30,30,60030,0,1,-1,40,40,5,32400,1,1,0,-1,-1,-1,System.Byte[]
60494000,1,0,System.Byte[],0,0,3,0,0,-1,30,30,60030,0,1,-1,40,40,5,32400,1,1,0,-1,-1,-1,System.Byte[]
60494100,1,0,System.Byte[],0,0,3,0,0,-1,30,30,-1,0,1,-1,40,40,5,32400,1,1,0,-1,-1,-1,System.Byte[]
60494200,1,0,System.Byte[],0,0,3,0,0,-1,30,30,-1,0,1,-1,40,40,5,32400,1,1,0,-1,-1,-1,System.Byte[]
60494300,1,0,System.Byte[],0,0,3,0,0,-1,30,30,-1,0,1,-1,40,40,5,32400,1,1,0,-1,-1,-1,System.Byte[]
60494400,1,0,System.Byte[],0,0,3,0,0,-1,30,30,-1,0,1,-1,40,40,5,32400,1,1,0,-1,-1,-1,System.Byte[]
60494500,1,0,System.Byte[],0,0,3,0,0,-1,30,30,-1,0,1,-1,40,40,5,32400,1,1,0,-1,-1,-1,System.Byte[]
60494600,1,0,System.Byte[],0,0,3,0,0,-1,30,30,-1,0,1,-1,40,40,5,32400,1,1,0,-1,-1,-1,System.Byte[]
60494700,1,0,System.Byte[],0,0,4,0,0,-1,40,40,-1,0,1,-1,40,40,5,32400,1,1,0,-1,-1,-1,System.Byte[]
60494800,1,0,System.Byte[],0,0,4,0,0,-1,40,40,-1,0,1,-1,40,40,5,32400,1,1,0,-1,-1,-1,System.Byte[]
60494900,1,0,System.Byte[],0,0,4,0,0,-1,40,40,-1,0,1,-1,40,40,5,32400,1,1,0,-1,-1,-1,System.Byte[]
60495000,1,0,System.Byte[],0,0,42,0,0,-1,40,40,-1,0,1,-1,40,40,5,32400,1,1,0,-1,-1,-1,System.Byte[]
60495100,1,0,System.Byte[],0,0,42,0,0,-1,180,40,-1,0,1,-1,40,40,5,32400,1,1,0,-1,-1,-1,System.Byte[]
60495200,1,0,System.Byte[],0,0,42,0,0,-1,180,40,-1,0,1,-1,40,40,5,32400,1,1,0,-1,-1,-1,System.Byte[]
60495300,1,0,System.Byte[],0,0,4,0,0,-1,40,40,-1,0,1,-1,40,40,5,32400,1,1,0,-1,-1,-1,System.Byte[]
60495400,1,0,System.Byte[],0,0,41,0,0,-1,41,40,-1,0,1,-1,40,40,5,32400,1,1,0,-1,-1,-1,System.Byte[]
60495500,1,0,System.Byte[],0,0,41,0,0,-1,41,40,-1,0,1,-1,40,40,5,32400,1,1,0,-1,-1,-1,System.Byte[]
60495600,1,0,System.Byte[],0,0,41,0,0,-1,41,40,-1,0,1,-1,40,40,5,32400,1,1,0,-1,-1,-1,System.Byte[]
60495700,1,0,System.Byte[],0,0,41,0,0,-1,41,40,-1,0,1,-1,40,40,5,32400,1,1,0,-1,-1,-1,System.Byte[]
60495800,1,0,System.Byte[],0,0,41,0,0,-1,40,40,-1,0,1,-1,40,40,5,32400,1,1,0,-1,-1,-1,System.Byte[]
60495900,1,0,System.Byte[],0,0,4,0,0,-1,40,40,-1,0,1,-1,40,40,5,32400,1,1,0,-1,-1,-1,System.Byte[]
60496000,1,0,System.Byte[],0,0,4,0,0,-1,40,40,-1,0,1,-1,40,40,5,32400,1,1,0,-1,-1,-1,System.Byte[]
60496100,1,0,System.Byte[],0,0,4,0,0,-1,40,40,-1,0,1,-1,40,40,5,32400,1,1,0,-1,-1,-1,System.Byte[]
60496200,1,0,System.Byte[],0,0,4,0,0,-1,40,40,-1,0,1,-1,40,40,5,32400,1,1,0,-1,-1,-1,System.Byte[]
60496300,1,0,System.Byte[],0,0,4,0,0,-1,40,40,-1,0,1,-1,40,40,5,32400,1,1,0,-1,-1,-1,System.Byte[]
60503600,1,0,System.Byte[],0,0,3,0,0,-1,30,30,-1,0,1,-1,40,40,5,32400,1,1,0,-1,-1,-1,System.Byte[]
60503700,1,0,System.Byte[],0,0,3,0,0,-1,30,30,-1,0,1,-1,40,40,5,32400,1,1,0,-1,-1,-1,System.Byte[]
60503800,1,0,System.Byte[],0,0,3,0,0,-1,30,30,-1,0,1,-1,40,40,5,32400,1,1,0,-1,-1,-1,System.Byte[]
60503900,1,0,System.Byte[],0,0,3,0,0,-1,30,30,-1,0,1,-1,40,40,5,32400,1,1,0,-1,-1,-1,System.Byte[]
60504000,1,0,System.Byte[],0,0,3,0,0,-1,30,30,-1,0,1,-1,40,40,5,32400,1,1,0,-1,-1,-1,System.Byte[]
60504100,1,0,System.Byte[],0,0,3,0,0,-1,30,30,-1,0,1,-1,40,40,5,32400,1,1,0,-1,-1,-1,System.Byte[]
60504200,1,0,System.Byte[],0,0,3,0,0,-1,30,30,-1,0,1,-1,40,40,5,32400,1,1,0,-1,-1,-1,System.Byte[]
60504300,1,0,System.Byte[],0,0,3,0,0,-1,30,30,-1,0,1,-1,40,40,5,32400,1,1,0,-1,-1,-1,System.Byte[]
60504400,1,0,System.Byte[],0,0,3,0,0,-1,30,30,-1,0,1,-1,40,40,5,32400,1,1,0,-1,-1,-1,System.Byte[]
60504500,1,0,System.Byte[],0,0,3,0,0,-1,30,30,-1,0,1,-1,40,40,5,32400,1,1,0,-1,-1,-1,System.Byte[]
60504600,1,0,System.Byte[],0,0,3,0,0,-1,30,30,-1,0,1,-1,40,40,5,32400,1,1,0,-1,-1,-1,System.Byte[]
60504700,1,0,System.Byte[],0,0,4,0,0,-1,40,40,-1,0,1,-1,40,40,5,32400,1,1,0,-1,-1,-1,System.Byte[]
60504800,1,0,System.Byte[],0,0,4,0,0,-1,40,40,-1,0,1,-1,40,40,5,32400,1,1,0,-1,-1,-1,System.Byte[]
60504900,1,0,System.Byte[],0,0,4,0,0,-1,40,40,-1,0,1,-1,40,40,5,32400,1,1,0,-1,-1,-1,System.Byte[]
60505000,1,0,System.Byte[],0,0,42,0,0,-1,40,40,-1,0,1,-1,40,40,5,32400,1,1,0,-1,-1,-1,System.Byte[]
60505100,1,0,System.Byte[],0,0,4,0,0,-1,40,40,-1,0,1,-1,40,40,5,32400,1,1,0,-1,-1,-1,System.Byte[]
60505200,1,0,System.Byte[],0,0,4,0,0,-1,40,40,-1,0,1,-1,40,40,5,32400,1,1,0,-1,-1,-1,System.Byte[]
60505300,1,0,System.Byte[],0,0,4,0,0,-1,40,40,-1,0,1,-1,40,40,5,32400,1,1,0,-1,-1,-1,System.Byte[]
60505400,1,0,System.Byte[],0,0,4,0,0,-1,40,40,60040,0,1,-1,40,40,5,32400,1,1,0,-1,-1,-1,System.Byte[]
60505500,1,0,System.Byte[],0,0,4,0,0,-1,41,40,60040,0,1,-1,40,40,5,32400,1,1,0,-1,-1,-1,System.Byte[]
60505600,1,0,System.Byte[],0,0,4,0,0,-1,41,40,60040,0,1,-1,40,40,5,32400,1,1,0,-1,-1,-1,System.Byte[]
60505700,1,0,System.Byte[],0,0,4,0,0,-1,41,40,-1,0,1,-1,40,40,5,32400,1,1,0,-1,-1,-1,System.Byte[]
60505800,1,0,System.Byte[],0,0,4,0,0,-1,40,40,-1,0,1,-1,40,40,5,32400,1,1,0,-1,-1,-1,System.Byte[]
60505900,1,0,System.Byte[],0,0,4,0,0,-1,40,40,-1,0,1,-1,40,40,5,32400,1,1,0,-1,-1,-1,System.Byte[]
60506000,1,0,System.Byte[],0,0,4,0,0,-1,40,40,-1,0,1,-1,40,40,5,32400,1,1,0,-1,-1,-1,System.Byte[]
60506100,1,0,System.Byte[],0,0,4,0,0,-1,40,40,-1,0,1,-1,40,40,5,32400,1,1,0,-1,-1,-1,System.Byte[]
60506200,1,0,System.Byte[],0,0,4,0,0,-1,40,40,-1,0,1,-1,40,40,5,32400,1,1,0,-1,-1,-1,System.Byte[]
60513500,1,0,System.Byte[],0,0,3,0,0,-1,30,30,-1,0,1,-1,40,40,5,32400,1,1,0,-1,-1,-1,System.Byte[]
60513600,1,0,System.Byte[],0,0,3,0,0,-1,30,30,-1,0,1,-1,40,40,5,32400,1,1,0,-1,-1,-1,System.Byte[]
60513700,1,0,System.Byte[],0,0,31,0,0,-1,30,30,-1,0,1,-1,40,40,5,32400,1,1,0,-1,-1,-1,System.Byte[]
60513800,1,0,System.Byte[],0,0,31,0,0,-1,30,30,-1,0,1,-1,40,40,5,32400,1,1,0,-1,-1,-1,System.Byte[]
60513900,1,0,System.Byte[],0,0,3,0,0,-1,30,30,-1,0,1,-1,40,40,5,32400,1,1,0,-1,-1,-1,System.Byte[]
60514000,1,0,System.Byte[],0,0,3,0,0,-1,30,30,-1,0,1,-1,40,40,5,32400,1,1,0,-1,-1,-1,System.Byte[]
60514100,1,0,System.Byte[],0,0,3,0,0,-1,30,30,-1,0,1,-1,40,40,5,32400,1,1,0,-1,-1,-1,System.Byte[]
60514200,1,0,System.Byte[],0,0,3,0,0,-1,30,30,-1,0,1,-1,40,40,5,32400,1,1,0,-1,-1,-1,System.Byte[]
60514300,1,0,System.Byte[],0,0,3,0,0,-1,30,30,60030,0,1,-1,40,40,5,32400,1,1,0,-1,-1,-1,System.Byte[]
60514400,1,0,System.Byte[],0,0,3,0,0,-1,30,30,-1,0,1,-1,40,40,5,32400,1,1,0,-1,-1,-1,System.Byte[]
60514500,1,0,System.Byte[],0,0,3,0,0,-1,30,30,-1,0,1,-1,40,40,5,32400,1,1,0,-1,-1,-1,System.Byte[]
60514600,1,0,System.Byte[],0,0,3,0,0,-1,30,30,-1,0,1,-1,40,40,5,32400,1,1,0,-1,-1,-1,System.Byte[]
60514700,1,0,System.Byte[],0,0,4,0,0,-1,40,40,-1,0,1,-1,40,40,5,32400,1,1,0,-1,-1,-1,System.Byte[]
60514800,1,0,System.Byte[],0,0,4,0,0,-1,40,40,-1,0,1,-1,40,40,5,32400,1,1,0,-1,-1,-1,System.Byte[]
60514900,1,0,System.Byte[],0,0,4,0,0,-1,40,40,-1,0,1,-1,40,40,5,32400,1,1,0,-1,-1,-1,System.Byte[]
60515000,1,0,System.Byte[],0,0,4,0,0,-1,40,40,-1,0,1,-1,40,40,5,32400,1,1,0,-1,-1,-1,System.Byte[]
60515100,1,0,System.Byte[],0,0,4,0,0,-1,40,40,-1,0,1,-1,40,40,5,32400,1,1,0,-1,-1,-1,System.Byte[]
60515200,1,0,System.Byte[],0,0,4,0,0,-1,40,40,-1,0,1,-1,40,40,5,32400,1,1,0,-1,-1,-1,System.Byte[]
60515300,1,0,System.Byte[],0,0,4,0,0,-1,40,40,-1,0,1,-1,40,40,5,32400,1,1,0,-1,-1,-1,System.Byte[]
60515400,1,0,System.Byte[],0,0,4,0,0,-1,40,40,60040,0,1,-1,40,40,5,32400,1,1,0,-1,-1,-1,System.Byte[]
60515500,1,0,System.Byte[],0,0,4,0,0,-1,40,40,60040,0,1,-1,40,40,5,32400,1,1,0,-1,-1,-1,System.Byte[]
60515600,1,0,System.Byte[],0,0,4,0,0,-1,40,40,-1,0,1,-1,40,40,5,32400,1,1,0,-1,-1,-1,System.Byte[]
60515700,1,0,System.Byte[],0,0,4,0,0,-1,40,40,-1,0,1,-1,40,40,5,32400,1,1,0,-1,-1,-1,System.Byte[]
60515800,1,0,System.Byte[],0,0,4,0,0,-1,40,40,-1,0,1,-1,40,40,5,32400,1,1,0,-1,-1,-1,System.Byte[]
60515900,1,0,System.Byte[],0,0,4,0,0,-1,40,40,-1,0,1,-1,40,40,5,32400,1,1,0,-1,-1,-1,System.Byte[]
60516000,1,0,System.Byte[],0,0,4,0,0,-1,40,40,-1,0,1,-1,40,40,5,32400,1,1,0,-1,-1,-1,System.Byte[]
60516100,1,0,System.Byte[],0,0,4,0,0,-1,40,40,-1,0,1,-1,40,40,5,32400,1,1,0,-1,-1,-1,System.Byte[]
60523600,1,0,System.Byte[],0,0,3,0,0,-1,30,30,-1,0,1,-1,40,40,5,32400,1,1,0,-1,-1,-1,System.Byte[]
60523700,1,0,System.Byte[],0,0,31,0,0,-1,30,30,-1,0,1,-1,40,40,5,32400,1,1,0,-1,-1,-1,System.Byte[]
60523800,1,0,System.Byte[],0,0,31,0,0,-1,30,30,-1,0,1,-1,40,40,5,32400,1,1,0,-1,-1,-1,System.Byte[]
60523900,1,0,System.Byte[],0,0,31,0,0,-1,30,30,-1,0,1,-1,40,40,5,32400,1,1,0,-1,-1,-1,System.Byte[]
60524000,1,0,System.Byte[],0,0,31,0,0,-1,30,30,-1,0,1,-1,40,40,5,32400,1,1,0,-1,-1,-1,System.Byte[]
60524100,1,0,System.Byte[],0,0,3,0,0,-1,30,30,-1,0,1,-1,40,40,5,32400,1,1,0,-1,-1,-1,System.Byte[]
60524200,1,0,System.Byte[],0,0,3,0,0,-1,30,30,60030,0,1,-1,40,40,5,32400,1,1,0,-1,-1,-1,System.Byte[]
60524300,1,0,System.Byte[],0,0,3,0,0,-1,30,30,-1,0,1,-1,40,40,5,32400,1,1,0,-1,-1,-1,System.Byte[]
60524400,1,0,System.Byte[],0,0,3,0,0,-1,30,30,-1,0,1,-1,40,40,5,32400,1,1,0,-1,-1,-1,System.Byte[]
60524500,1,0,System.Byte[],0,0,3,0,0,-1,30,30,-1,0,1,-1,40,40,5,32400,1,1,0,-1,-1,-1,System.Byte[]
60524600,1,0,System.Byte[],0,0,3,0,0,-1,30,30,-1,0,1,-1,40,40,5,32400,1,1,0,-1,-1,-1,System.Byte[]
60524700,1,0,System.Byte[],0,0,4,0,0,-1,40,40,-1,0,1,-1,40,40,5,32400,1,1,0,-1,-1,-1,System.Byte[]
60524800,1,0,System.Byte[],0,0,4,0,0,-1,40,40,-1,0,1,-1,40,40,5,32400,1,1,0,-1,-1,-1,System.Byte[]
60524900,1,0,System.Byte[],0,0,4,0,0,-1,40,40,-1,0,1,-1,40,40,5,32400,1,1,0,-1,-1,-1,System.Byte[]
60525000,1,0,System.Byte[],0,0,4,0,0,-1,40,40,-1,0,1,-1,40,40,5,32400,1,1,0,-1,-1,-1,System.Byte[]
60525100,1,0,System.Byte[],0,0,4,0,0,-1,40,40,-1,0,1,-1,40,40,5,32400,1,1,0,-1,-1,-1,System.Byte[]
60525200,1,0,System.Byte[],0,0,4,0,0,-1,40,40,-1,0,1,-1,40,40,5,32400,1,1,0,-1,-1,-1,System.Byte[]
60525300,1,0,System.Byte[],0,0,4,0,0,-1,40,40,-1,0,1,-1,40,40,5,32400,1,1,0,-1,-1,-1,System.Byte[]
60525400,1,0,System.Byte[],0,0,4,0,0,-1,40,40,-1,0,1,-1,40,40,5,32400,1,1,0,-1,-1,-1,System.Byte[]
60525500,1,0,System.Byte[],0,0,4,0,0,-1,40,40,-1,0,1,-1,40,40,5,32400,1,1,0,-1,-1,-1,System.Byte[]
60525600,1,0,System.Byte[],0,0,4,0,0,-1,40,40,-1,0,1,-1,40,40,5,32400,1,1,0,-1,-1,-1,System.Byte[]
60525700,1,0,System.Byte[],0,0,4,0,0,-1,40,40,-1,0,1,-1,40,40,5,32400,1,1,0,-1,-1,-1,System.Byte[]
60525800,1,0,System.Byte[],0,0,4,0,0,-1,40,40,-1,0,1,-1,40,40,5,32400,1,1,0,-1,-1,-1,System.Byte[]
60525900,1,0,System.Byte[],0,0,4,0,0,-1,40,40,-1,0,1,-1,40,40,5,32400,1,1,0,-1,-1,-1,System.Byte[]
60526000,1,0,System.Byte[],0,0,4,0,0,-1,40,40,-1,0,1,-1,40,40,5,32400,1,1,0,-1,-1,-1,System.Byte[]
60526100,1,0,System.Byte[],0,0,4,0,0,-1,40,40,-1,0,1,-1,40,40,5,32400,1,1,0,-1,-1,-1,System.Byte[]
60533600,1,0,System.Byte[],0,0,3,0,0,-1,30,30,-1,0,1,-1,40,40,5,32400,1,1,0,-1,-1,-1,System.Byte[]
60533700,1,0,System.Byte[],0,0,31,0,0,-1,30,30,-1,0,1,-1,40,40,5,32400,1,1,0,-1,-1,-1,System.Byte[]
60533800,1,0,System.Byte[],0,0,31,0,0,-1,30,30,-1,0,1,-1,40,40,5,32400,1,1,0,-1,-1,-1,System.Byte[]
60533900,1,0,System.Byte[],0,0,31,0,0,-1,30,30,-1,0,1,-1,40,40,5,32400,1,1,0,-1,-1,-1,System.Byte[]
60534000,1,0,System.Byte[],0,0,31,0,0,-1,30,30,-1,0,1,-1,40,40,5,32400,1,1,0,-1,-1,-1,System.Byte[]
60534100,1,0,System.Byte[],0,0,3,0,0,-1,30,30,-1,0,1,-1,40,40,5,32400,1,1,0,-1,-1,-1,System.Byte[]
60534200,1,0,System.Byte[],0,0,3,0,0,-1,30,30,-1,0,1,-1,40,40,5,32400,1,1,0,-1,-1,-1,System.Byte[]
60534300,1,0,System.Byte[],0,0,3,0,0,-1,30,30,-1,0,1,-1,40,40,5,32400,1,1,0,-1,-1,-1,System.Byte[]
60534400,1,0,System.Byte[],0,0,3,0,0,-1,30,30,-1,0,1,-1,40,40,5,32400,1,1,0,-1,-1,-1,System.Byte[]
60534500,1,0,System.Byte[],0,0,3,0,0,-1,30,30,-1,0,1,-1,40,40,5,32400,1,1,0,-1,-1,-1,System.Byte[]
60534600,1,0,System.Byte[],0,0,3,0,0,-1,30,30,-1,0,1,-1,40,40,5,32400,1,1,0,-1,-1,-1,System.Byte[]
60534700,1,0,System.Byte[],0,0,4,0,0,-1,40,40,-1,0,1,-1,40,40,5,32400,1,1,0,-1,-1,-1,System.Byte[]
60534800,1,0,System.Byte[],0,0,4,0,0,-1,40,40,-1,0,1,-1,40,40,5,32400,1,1,0,-1,-1,-1,System.Byte[]
60534900,1,0,System.Byte[],0,0,4,0,0,-1,40,40,-1,0,1,-1,40,40,5,32400,1,1,0,-1,-1,-1,System.Byte[]
60535000,1,0,System.Byte[],0,0,4,0,0,-1,40,40,-1,0,1,-1,40,40,5,32400,1,1,0,-1,-1,-1,System.Byte[]
60535100,1,0,System.Byte[],0,0,4,0,0,-1,40,40,-1,0,1,-1,40,40,5,32400,1,1,0,-1,-1,-1,System.Byte[]
60535200,1,0,System.Byte[],0,0,4,0,0,-1,40,40,-1,0,1,-1,40,40,5,32400,1,1,0,-1,-1,-1,System.Byte[]
60535300,1,0,System.Byte[],0,0,4,0,0,-1,40,40,-1,0,1,-1,40,40,5,32400,1,1,0,-1,-1,-1,System.Byte[]
60535400,1,0,System.Byte[],0,0,4,0,0,-1,40,40,-1,0,1,-1,40,40,5,32400,1,1,0,-1,-1,-1,System.Byte[]
60535500,1,0,System.Byte[],0,0,4,0,0,-1,40,40,-1,0,1,-1,40,40,5,32400,1,1,0,-1,-1,-1,System.Byte[]
60535600,1,0,System.Byte[],0,0,4,0,0,-1,40,40,60040,0,1,-1,40,40,5,32400,1,1,0,-1,-1,-1,System.Byte[]
60535700,1,0,System.Byte[],0,0,4,0,0,-1,40,40,-1,0,1,-1,40,40,5,32400,1,1,0,-1,-1,-1,System.Byte[]
60535800,1,0,System.Byte[],0,0,4,0,0,-1,40,40,-1,0,1,-1,40,40,5,32400,1,1,0,-1,-1,-1,System.Byte[]
60535900,1,0,System.Byte[],0,0,4,0,0,-1,40,40,-1,0,1,-1,40,40,5,32400,1,1,0,-1,-1,-1,System.Byte[]
60536000,1,0,System.Byte[],0,0,4,0,0,-1,40,40,-1,0,1,-1,40,40,5,32400,1,1,0,-1,-1,-1,System.Byte[]
60536100,1,0,System.Byte[],0,0,4,0,0,-1,40,40,-1,0,1,-1,40,40,5,32400,1,1,0,-1,-1,-1,System.Byte[]
60544800,1,0,System.Byte[],0,0,4,0,0,-1,40,40,-1,0,1,-1,40,40,5,32400,1,1,0,-1,-1,-1,System.Byte[]
60544900,1,0,System.Byte[],0,0,4,0,0,-1,40,40,-1,0,1,-1,40,40,5,32400,1,1,0,-1,-1,-1,System.Byte[]
60545000,1,0,System.Byte[],0,0,4,0,0,-1,40,40,-1,0,1,-1,40,40,5,32400,1,1,0,-1,-1,-1,System.Byte[]
60545100,1,0,System.Byte[],0,0,4,0,0,-1,40,40,-1,0,1,-1,40,40,5,32400,1,1,0,-1,-1,-1,System.Byte[]
60545200,1,0,System.Byte[],0,0,4,0,0,-1,40,40,-1,0,1,-1,40,40,5,32400,1,1,0,-1,-1,-1,System.Byte[]
60545300,1,0,System.Byte[],0,0,4,0,0,-1,40,40,-1,0,1,-1,40,40,5,32400,1,1,0,-1,-1,-1,System.Byte[]
60545400,1,0,System.Byte[],0,0,4,0,0,-1,40,40,-1,0,1,-1,40,40,5,32400,1,1,0,-1,-1,-1,System.Byte[]
60545500,1,0,System.Byte[],0,0,4,0,0,-1,40,40,-1,0,1,-1,40,40,5,32400,1,1,0,-1,-1,-1,System.Byte[]
60545600,1,0,System.Byte[],0,0,4,0,0,-1,40,40,-1,0,1,-1,40,40,5,32400,1,1,0,-1,-1,-1,System.Byte[]
60545700,1,0,System.Byte[],0,0,4,0,0,-1,40,40,-1,0,1,-1,40,40,5,32400,1,1,0,-1,-1,-1,System.Byte[]
60545800,1,0,System.Byte[],0,0,4,0,0,-1,40,40,-1,0,1,-1,40,40,5,32400,1,1,0,-1,-1,-1,System.Byte[]
60545900,1,0,System.Byte[],0,0,4,0,0,-1,40,40,-1,0,1,-1,40,40,5,32400,1,1,0,-1,-1,-1,System.Byte[]
60546000,1,0,System.Byte[],0,0,4,0,0,-1,40,40,-1,0,1,-1,40,40,5,32400,1,1,0,-1,-1,-1,System.Byte[]
60546100,1,0,System.Byte[],0,0,4,0,0,-1,40,40,-1,0,1,-1,40,40,5,32400,1,1,0,-1,-1,-1,System.Byte[]
60554800,1,0,System.Byte[],0,0,4,0,0,-1,40,40,-1,0,1,-1,40,40,5,32400,1,1,0,-1,-1,-1,System.Byte[]
60554900,1,0,System.Byte[],0,0,4,0,0,-1,40,40,-1,0,1,-1,40,40,5,32400,1,1,0,-1,-1,-1,System.Byte[]
60555000,1,0,System.Byte[],0,0,4,0,0,-1,40,40,-1,0,1,-1,40,40,5,32400,1,1,0,-1,-1,-1,System.Byte[]
60555100,1,0,System.Byte[],0,0,4,0,0,-1,40,40,-1,0,1,-1,40,40,5,32400,1,1,0,-1,-1,-1,System.Byte[]
60555200,1,0,System.Byte[],0,0,4,0,0,-1,40,40,-1,0,1,-1,40,40,5,32400,1,1,0,-1,-1,-1,System.Byte[]
60555300,1,0,System.Byte[],0,0,4,0,0,-1,40,40,-1,0,1,-1,40,40,5,32400,1,1,0,-1,-1,-1,System.Byte[]
60555400,1,0,System.Byte[],0,0,4,0,0,-1,40,40,-1,0,1,-1,40,40,5,32400,1,1,0,-1,-1,-1,System.Byte[]
60555500,1,0,System.Byte[],0,0,4,0,0,-1,40,40,-1,0,1,-1,40,40,5,32400,1,1,0,-1,-1,-1,System.Byte[]
60555600,1,0,System.Byte[],0,0,4,0,0,-1,40,40,-1,0,1,-1,40,40,5,32400,1,1,0,-1,-1,-1,System.Byte[]
60555700,1,0,System.Byte[],0,0,4,0,0,-1,40,40,-1,0,1,-1,40,40,5,32400,1,1,0,-1,-1,-1,System.Byte[]
60555800,1,0,System.Byte[],0,0,4,0,0,-1,40,40,-1,0,1,-1,40,40,5,32400,1,1,0,-1,-1,-1,System.Byte[]
60555900,1,0,System.Byte[],0,0,4,0,0,-1,40,40,-1,0,1,-1,40,40,5,32400,1,1,0,-1,-1,-1,System.Byte[]
60556000,1,0,System.Byte[],0,0,4,0,0,-1,40,40,-1,0,1,-1,40,40,5,32400,1,1,0,-1,-1,-1,System.Byte[]
60556100,1,0,System.Byte[],0,0,4,0,0,-1,40,40,-1,0,1,-1,40,40,5,32400,1,1,0,-1,-1,-1,System.Byte[]
60564900,1,0,System.Byte[],0,0,4,0,0,-1,40,40,-1,0,1,-1,40,40,5,32400,1,1,0,-1,-1,-1,System.Byte[]
60565000,1,0,System.Byte[],0,0,4,0,0,-1,40,40,-1,0,1,-1,40,40,5,32400,1,1,0,-1,-1,-1,System.Byte[]
60565100,1,0,System.Byte[],0,0,4,0,0,-1,40,40,-1,0,1,-1,40,40,5,32400,1,1,0,-1,-1,-1,System.Byte[]
60565200,1,0,System.Byte[],0,0,4,0,0,-1,40,40,-1,0,1,-1,40,40,5,32400,1,1,0,-1,-1,-1,System.Byte[]
60565300,1,0,System.Byte[],0,0,4,0,0,-1,40,40,-1,0,1,-1,40,40,5,32400,1,1,0,-1,-1,-1,System.Byte[]
60565400,1,0,System.Byte[],0,0,4,0,0,-1,40,40,-1,0,1,-1,40,40,5,32400,1,1,0,-1,-1,-1,System.Byte[]
60565500,1,0,System.Byte[],0,0,4,0,0,-1,40,40,-1,0,1,-1,40,40,5,32400,1,1,0,-1,-1,-1,System.Byte[]
60565600,1,0,System.Byte[],0,0,4,0,0,-1,40,40,-1,0,1,-1,40,40,5,32400,1,1,0,-1,-1,-1,System.Byte[]
60565700,1,0,System.Byte[],0,0,4,0,0,-1,40,40,-1,0,1,-1,40,40,5,32400,1,1,0,-1,-1,-1,System.Byte[]
60565800,1,0,System.Byte[],0,0,4,0,0,-1,40,40,-1,0,1,-1,40,40,5,32400,1,1,0,-1,-1,-1,System.Byte[]
60565900,1,0,System.Byte[],0,0,4,0,0,-1,40,40,-1,0,1,-1,40,40,5,32400,1,1,0,-1,-1,-1,System.Byte[]
60566000,1,0,System.Byte[],0,0,4,0,0,-1,40,40,-1,0,1,-1,40,40,5,32400,1,1,0,-1,-1,-1,System.Byte[]
60566100,1,0,System.Byte[],0,0,4,0,0,-1,40,40,-1,0,1,-1,40,40,5,32400,1,1,0,-1,-1,-1,System.Byte[]
60575000,1,0,System.Byte[],0,0,4,0,0,-1,40,40,-1,0,1,-1,40,40,5,32400,1,1,0,-1,-1,-1,System.Byte[]
60575100,1,0,System.Byte[],0,0,4,0,0,-1,40,40,-1,0,1,-1,40,40,5,32400,1,1,0,-1,-1,-1,System.Byte[]
60575200,1,0,System.Byte[],0,0,4,0,0,-1,40,40,-1,0,1,-1,40,40,5,32400,1,1,0,-1,-1,-1,System.Byte[]
60575300,1,0,System.Byte[],0,0,4,0,0,-1,40,40,-1,0,1,-1,40,40,5,32400,1,1,0,-1,-1,-1,System.Byte[]
60575400,1,0,System.Byte[],0,0,4,0,0,-1,40,40,-1,0,1,-1,40,40,5,32400,1,1,0,-1,-1,-1,System.Byte[]
60575500,1,0,System.Byte[],0,0,4,0,0,-1,40,40,-1,0,1,-1,40,40,5,32400,1,1,0,-1,-1,-1,System.Byte[]
60575600,1,0,System.Byte[],0,0,4,0,0,-1,40,40,-1,0,1,-1,40,40,5,32400,1,1,0,-1,-1,-1,System.Byte[]
60575700,1,0,System.Byte[],0,0,4,0,0,-1,40,40,-1,0,1,-1,40,40,5,32400,1,1,0,-1,-1,-1,System.Byte[]
60575800,1,0,System.Byte[],0,0,4,0,0,-1,40,40,-1,0,1,-1,40,40,5,32400,1,1,0,-1,-1,-1,System.Byte[]
60575900,1,0,System.Byte[],0,0,4,0,0,-1,40,40,-1,0,1,-1,40,40,5,32400,1,1,0,-1,-1,-1,System.Byte[]
60576000,1,0,System.Byte[],0,0,4,0,0,-1,40,40,-1,0,1,-1,40,40,5,32400,1,1,0,-1,-1,-1,System.Byte[]
60576100,1,0,System.Byte[],0,0,4,0,0,-1,40,40,-1,0,1,-1,40,40,5,32400,1,1,0,-1,-1,-1,System.Byte[]
