ID,LayoutPath,PropertyID,CaptionTextID,HelpTextID,reserved
0,,0,0,0,System.Byte[]
1000,Title,100,0,0,System.Byte[]
1001,TopItem_0,200,0,31360,System.Byte[]
1002,TopItem_1,0,0,0,System.Byte[]
1003,TopItem_1_1,0,0,0,System.Byte[]
1004,TopItem_1_2,0,0,0,System.Byte[]
1005,TopItem_2,110,0,31004,System.Byte[]
1006,TopItem_2_plus,111,0,0,System.Byte[]
1007,TopItem_3,112,0,31005,System.Byte[]
1008,TopItem_3_plus,113,0,0,System.Byte[]
1009,TopItem_4,210,0,31042,System.Byte[]
1010,TopItem_5,0,0,0,System.Byte[]
1011,L_Item_0,101,0,0,System.Byte[]
1012,L_Item_1,0,0,0,System.Byte[]
1013,Item_10,201,0,31314,System.Byte[]
1014,Item_11,202,0,31315,System.Byte[]
1015,Item_12,203,0,31316,System.Byte[]
1016,Item_13,204,0,31317,System.Byte[]
1017,Item_14,205,0,31318,System.Byte[]
1018,StatusTitle_0,0,20006,0,System.Byte[]
1019,StatusTitle_1,30000,0,0,System.Byte[]
1020,,0,0,0,System.Byte[]
1100,Title,100,0,0,System.Byte[]
1101,TopItem_0,0,0,0,System.Byte[]
1102,TopItem_1,0,0,0,System.Byte[]
1103,TopItem_1_1,0,0,0,System.Byte[]
1104,TopItem_1_2,0,0,0,System.Byte[]
1105,TopItem_2,0,0,0,System.Byte[]
1106,TopItem_2_plus,0,0,0,System.Byte[]
1107,TopItem_3,0,0,0,System.Byte[]
1108,TopItem_3_plus,0,0,0,System.Byte[]
1109,TopItem_4,0,0,0,System.Byte[]
1110,TopItem_5,103,0,31351,System.Byte[]
1111,L_Item_0,101,0,0,System.Byte[]
1112,L_Item_1,0,0,0,System.Byte[]
1113,Item_10,0,0,0,System.Byte[]
1114,Item_11,0,0,0,System.Byte[]
1115,Item_12,0,0,0,System.Byte[]
1116,Item_13,0,0,0,System.Byte[]
1117,Item_14,0,0,0,System.Byte[]
1118,StatusTitle_0,0,20006,0,System.Byte[]
1119,StatusTitle_1,0,0,0,System.Byte[]
1120,,0,0,0,System.Byte[]
1200,Title,100,0,0,System.Byte[]
1201,TopItem_0,0,0,0,System.Byte[]
1202,TopItem_1,0,0,0,System.Byte[]
1203,TopItem_1_1,0,0,0,System.Byte[]
1204,TopItem_1_2,0,0,0,System.Byte[]
1205,TopItem_2,0,0,0,System.Byte[]
1206,TopItem_2_plus,0,0,0,System.Byte[]
1207,TopItem_3,0,0,0,System.Byte[]
1208,TopItem_3_plus,0,0,0,System.Byte[]
1209,TopItem_4,0,0,0,System.Byte[]
1210,TopItem_5,0,0,0,System.Byte[]
1211,L_Item_0,101,0,0,System.Byte[]
1212,L_Item_1,0,0,0,System.Byte[]
1213,Item_10,0,0,0,System.Byte[]
1214,Item_11,0,0,0,System.Byte[]
1215,Item_12,0,0,0,System.Byte[]
1216,Item_13,0,0,0,System.Byte[]
1217,Item_14,0,0,0,System.Byte[]
1218,StatusTitle_0,0,20006,0,System.Byte[]
1219,StatusTitle_1,0,0,0,System.Byte[]
1220,,0,0,0,System.Byte[]
1300,Title,100,0,0,System.Byte[]
1301,TopItem_0,200,0,31360,System.Byte[]
1302,TopItem_1,0,0,0,System.Byte[]
1303,TopItem_2,110,0,31004,System.Byte[]
1304,TopItem_2_plus,111,0,0,System.Byte[]
1305,TopItem_3,112,0,31005,System.Byte[]
1306,TopItem_3_plus,113,0,0,System.Byte[]
1307,TopItem_4,0,0,0,System.Byte[]
1308,TopItem_5,0,0,0,System.Byte[]
1309,L_Item_0,101,0,0,System.Byte[]
1310,StatusTitle_0,0,20006,0,System.Byte[]
1311,StatusTitle_1,0,20100,0,System.Byte[]
1312,Item_10,700,0,0,System.Byte[]
1313,Item_11,701,0,0,System.Byte[]
1314,Item_12,710,0,0,System.Byte[]
1315,Item_13,711,0,0,System.Byte[]
1316,,0,0,0,System.Byte[]
1400,Title,100,0,0,System.Byte[]
1401,TopItem_0,200,0,31360,System.Byte[]
1402,TopItem_1,220,0,31008,System.Byte[]
1403,TopItem_1_1,221,0,0,System.Byte[]
1404,TopItem_1_2,222,0,0,System.Byte[]
1405,TopItem_2,110,11007,31007,System.Byte[]
1406,TopItem_2_plus,111,0,0,System.Byte[]
1407,TopItem_3,112,0,31005,System.Byte[]
1408,TopItem_3_plus,113,0,0,System.Byte[]
1409,TopItem_4,210,0,31042,System.Byte[]
1410,TopItem_5,0,0,0,System.Byte[]
1411,L_Item_0,101,0,0,System.Byte[]
1412,Item_10,201,0,31314,System.Byte[]
1413,Item_11,202,0,31315,System.Byte[]
1414,Item_12,203,0,31316,System.Byte[]
1415,Item_13,204,0,31317,System.Byte[]
1416,Item_14,205,0,31318,System.Byte[]
1417,StatusTitle_0,0,20006,0,System.Byte[]
1418,StatusTitle_1,30000,0,0,System.Byte[]
1419,,0,0,0,System.Byte[]
1500,Title,100,0,0,System.Byte[]
1501,TopItem_0,0,0,0,System.Byte[]
1502,TopItem_1,0,0,0,System.Byte[]
1503,TopItem_1_1,0,0,0,System.Byte[]
1504,TopItem_1_2,0,0,0,System.Byte[]
1505,TopItem_2,110,0,31004,System.Byte[]
1506,TopItem_2_plus,111,0,0,System.Byte[]
1507,TopItem_3,112,0,31005,System.Byte[]
1508,TopItem_3_plus,113,0,0,System.Byte[]
1509,TopItem_4,0,0,0,System.Byte[]
1510,TopItem_5,0,0,0,System.Byte[]
1511,L_Item_0,101,0,0,System.Byte[]
1512,L_Item_1,0,0,0,System.Byte[]
1513,Item_10,0,0,0,System.Byte[]
1514,Item_11,0,0,0,System.Byte[]
1515,Item_12,0,0,0,System.Byte[]
1516,Item_13,0,0,0,System.Byte[]
1517,Item_14,0,0,0,System.Byte[]
1518,StatusTitle_0,0,20006,0,System.Byte[]
1519,StatusTitle_1,0,0,0,System.Byte[]
1520,,0,0,0,System.Byte[]
1600,Title,100,0,0,System.Byte[]
1601,TopItem_0,0,0,0,System.Byte[]
1602,TopItem_1,0,0,0,System.Byte[]
1603,TopItem_1_1,0,0,0,System.Byte[]
1604,TopItem_1_2,0,0,0,System.Byte[]
1605,TopItem_2,110,0,31004,System.Byte[]
1606,TopItem_2_plus,111,0,0,System.Byte[]
1607,TopItem_3,112,0,31005,System.Byte[]
1608,TopItem_3_plus,113,0,0,System.Byte[]
1609,TopItem_4,209,0,31043,System.Byte[]
1610,TopItem_5,210,0,31042,System.Byte[]
1611,L_Item_0,101,0,0,System.Byte[]
1612,L_Item_1,0,0,0,System.Byte[]
1613,Item_10,0,0,0,System.Byte[]
1614,Item_11,0,0,0,System.Byte[]
1615,Item_12,0,0,0,System.Byte[]
1616,Item_13,0,0,0,System.Byte[]
1617,Item_14,0,0,0,System.Byte[]
1618,StatusTitle_0,0,20006,0,System.Byte[]
1619,StatusTitle_1,0,0,0,System.Byte[]
1620,,0,0,0,System.Byte[]
1700,Title,100,0,0,System.Byte[]
1701,TopItem_0,200,0,31360,System.Byte[]
1702,TopItem_1,0,0,0,System.Byte[]
1703,TopItem_1_1,0,0,0,System.Byte[]
1704,TopItem_1_2,0,0,0,System.Byte[]
1705,TopItem_2,110,0,31004,System.Byte[]
1706,TopItem_2_plus,111,0,0,System.Byte[]
1707,TopItem_3,112,0,31005,System.Byte[]
1708,TopItem_3_plus,113,0,0,System.Byte[]
1709,TopItem_4,0,0,0,System.Byte[]
1710,TopItem_5,0,0,0,System.Byte[]
1711,L_Item_0,101,0,0,System.Byte[]
1712,L_Item_1,105,0,0,System.Byte[]
1713,Item_10,0,0,0,System.Byte[]
1714,Item_11,0,0,0,System.Byte[]
1715,Item_12,0,0,0,System.Byte[]
1716,Item_13,0,0,0,System.Byte[]
1717,Item_14,0,0,0,System.Byte[]
1718,StatusTitle_0,0,20006,0,System.Byte[]
1719,StatusTitle_1,30001,0,0,System.Byte[]
1720,,0,0,0,System.Byte[]
2000,Title,100,0,0,System.Byte[]
2001,TopItem_0,300,0,31001,System.Byte[]
2002,TopItem_1,301,0,31003,System.Byte[]
2003,TopItem_2,0,0,0,System.Byte[]
2004,TopItem_3,302,0,31006,System.Byte[]
2005,TopItem_4,391,0,31034,System.Byte[]
2006,TopItem_4_0,391,0,31034,System.Byte[]
2007,TopItem_4_1,392,0,0,System.Byte[]
2008,TopItem_4_2,393,0,0,System.Byte[]
2009,TopItem_5,103,0,31351,System.Byte[]
2010,TopItem_6,0,0,0,System.Byte[]
2011,TopItem_7,0,0,0,System.Byte[]
2012,TopItem_7_plus,0,0,0,System.Byte[]
2013,L_Item_0,310,0,31010,System.Byte[]
2014,L_Item_1,311,0,31011,System.Byte[]
2015,L_Item_2,312,0,31012,System.Byte[]
2016,L_Item_3,313,0,31013,System.Byte[]
2017,L_Item_4,314,0,31014,System.Byte[]
2018,L_Item_5,322,0,31030,System.Byte[]
2019,L_Item_6,0,0,0,System.Byte[]
2020,L_Item_6a,320,0,31032,System.Byte[]
2021,L_Item_6b,0,0,0,System.Byte[]
2022,L_Item_0_plus,315,0,0,System.Byte[]
2023,L_Item_1_plus,316,0,0,System.Byte[]
2024,L_Item_2_plus,317,0,0,System.Byte[]
2025,L_Item_3_plus,318,0,0,System.Byte[]
2026,L_Item_4_plus,319,0,0,System.Byte[]
2027,L_Item_5_plus,0,0,0,System.Byte[]
2028,L_Item_6_plus,0,0,0,System.Byte[]
2029,L_Item_6a_plus,0,0,0,System.Byte[]
2030,L_Item_6b_plus,0,0,0,System.Byte[]
2031,R_Item_0,340,0,31020,System.Byte[]
2032,R_Item_1,341,0,31021,System.Byte[]
2033,R_Item_2,342,0,31022,System.Byte[]
2034,R_Item_3,343,0,31023,System.Byte[]
2035,R_Item_4,344,0,31024,System.Byte[]
2036,R_Item_5,350,0,31031,System.Byte[]
2037,R_Item_6,0,0,0,System.Byte[]
2038,R_Item_0_plus,345,0,0,System.Byte[]
2039,R_Item_1_plus,346,0,0,System.Byte[]
2040,R_Item_2_plus,347,0,0,System.Byte[]
2041,R_Item_3_plus,348,0,0,System.Byte[]
2042,R_Item_4_plus,349,0,0,System.Byte[]
2043,R_Item_5_plus,351,0,0,System.Byte[]
2044,R_Item_6_plus,0,0,0,System.Byte[]
2045,Item_10,370,0,31310,System.Byte[]
2046,Item_11,371,0,31311,System.Byte[]
2047,Item_12,372,0,31312,System.Byte[]
2048,Item_13,373,0,31313,System.Byte[]
2049,Item_14,374,0,31319,System.Byte[]
2050,Item_20,360,0,31300,System.Byte[]
2051,Item_21,361,0,31301,System.Byte[]
2052,Item_22,362,0,31302,System.Byte[]
2053,Item_23,363,0,31303,System.Byte[]
2054,Item_24,364,0,31304,System.Byte[]
2055,Item_20_plus,365,0,0,System.Byte[]
2056,Item_21_plus,366,0,0,System.Byte[]
2057,Item_22_plus,367,0,0,System.Byte[]
2058,Item_23_plus,368,0,0,System.Byte[]
2059,Item_24_plus,369,0,0,System.Byte[]
2060,Item_30,395,0,0,System.Byte[]
2061,Item_31,396,0,0,System.Byte[]
2062,Item_32,397,0,0,System.Byte[]
2063,Item_33,0,0,0,System.Byte[]
2064,Item_34,0,0,0,System.Byte[]
2065,StatusTitle_0,0,20000,0,System.Byte[]
2066,StatusTitle_1,0,20001,0,System.Byte[]
2067,StatusTitle_2,0,20003,0,System.Byte[]
2068,StatusTitle_3,0,20002,0,System.Byte[]
2069,StatusTitle_4,0,20004,0,System.Byte[]
2070,,0,0,0,System.Byte[]
2100,Title,100,0,0,System.Byte[]
2101,TopItem_0,300,0,31001,System.Byte[]
2102,TopItem_1,301,0,31003,System.Byte[]
2103,TopItem_2,0,0,0,System.Byte[]
2104,TopItem_3,302,0,31006,System.Byte[]
2105,TopItem_4,391,0,31034,System.Byte[]
2106,TopItem_4_0,391,0,31034,System.Byte[]
2107,TopItem_4_1,392,0,0,System.Byte[]
2108,TopItem_4_2,393,0,0,System.Byte[]
2109,TopItem_5,103,0,31351,System.Byte[]
2110,TopItem_6,0,0,0,System.Byte[]
2111,TopItem_7,0,0,0,System.Byte[]
2112,TopItem_7_plus,0,0,0,System.Byte[]
2113,L_Item_0,310,0,31010,System.Byte[]
2114,L_Item_1,311,0,31011,System.Byte[]
2115,L_Item_2,312,0,31012,System.Byte[]
2116,L_Item_3,313,0,31013,System.Byte[]
2117,L_Item_4,314,0,31014,System.Byte[]
2118,L_Item_5,322,0,31030,System.Byte[]
2119,L_Item_6,0,0,0,System.Byte[]
2120,L_Item_6a,320,0,31032,System.Byte[]
2121,L_Item_6b,0,0,0,System.Byte[]
2122,L_Item_0_plus,315,0,0,System.Byte[]
2123,L_Item_1_plus,316,0,0,System.Byte[]
2124,L_Item_2_plus,317,0,0,System.Byte[]
2125,L_Item_3_plus,318,0,0,System.Byte[]
2126,L_Item_4_plus,319,0,0,System.Byte[]
2127,L_Item_5_plus,0,0,0,System.Byte[]
2128,L_Item_6_plus,0,0,0,System.Byte[]
2129,L_Item_6a_plus,0,0,0,System.Byte[]
2130,L_Item_6b_plus,0,0,0,System.Byte[]
2131,R_Item_0,340,0,31020,System.Byte[]
2132,R_Item_1,341,0,31021,System.Byte[]
2133,R_Item_2,342,0,31022,System.Byte[]
2134,R_Item_3,343,0,31023,System.Byte[]
2135,R_Item_4,344,0,31024,System.Byte[]
2136,R_Item_5,350,0,31031,System.Byte[]
2137,R_Item_6,0,0,0,System.Byte[]
2138,R_Item_0_plus,345,0,0,System.Byte[]
2139,R_Item_1_plus,346,0,0,System.Byte[]
2140,R_Item_2_plus,347,0,0,System.Byte[]
2141,R_Item_3_plus,348,0,0,System.Byte[]
2142,R_Item_4_plus,349,0,0,System.Byte[]
2143,R_Item_5_plus,351,0,0,System.Byte[]
2144,R_Item_6_plus,0,0,0,System.Byte[]
2145,Item_10,370,0,31310,System.Byte[]
2146,Item_11,371,0,31311,System.Byte[]
2147,Item_12,372,0,31312,System.Byte[]
2148,Item_13,373,0,31313,System.Byte[]
2149,Item_14,374,0,31319,System.Byte[]
2150,Item_20,360,0,31300,System.Byte[]
2151,Item_21,361,0,31301,System.Byte[]
2152,Item_22,362,0,31302,System.Byte[]
2153,Item_23,363,0,31303,System.Byte[]
2154,Item_24,364,0,31304,System.Byte[]
2155,Item_20_plus,365,0,0,System.Byte[]
2156,Item_21_plus,366,0,0,System.Byte[]
2157,Item_22_plus,367,0,0,System.Byte[]
2158,Item_23_plus,368,0,0,System.Byte[]
2159,Item_24_plus,369,0,0,System.Byte[]
2160,Item_30,395,0,0,System.Byte[]
2161,Item_31,396,0,0,System.Byte[]
2162,Item_32,397,0,0,System.Byte[]
2163,Item_33,0,0,0,System.Byte[]
2164,Item_34,0,0,0,System.Byte[]
2165,StatusTitle_0,0,20000,0,System.Byte[]
2166,StatusTitle_1,0,20001,0,System.Byte[]
2167,StatusTitle_2,0,20003,0,System.Byte[]
2168,StatusTitle_3,0,20002,0,System.Byte[]
2169,StatusTitle_4,0,20004,0,System.Byte[]
2170,,0,0,0,System.Byte[]
2300,Title,100,0,0,System.Byte[]
2301,TopItem_0,300,0,31001,System.Byte[]
2302,TopItem_1,301,0,31003,System.Byte[]
2303,TopItem_2,0,0,0,System.Byte[]
2304,TopItem_3,302,0,31006,System.Byte[]
2305,TopItem_4,391,0,31034,System.Byte[]
2306,TopItem_4_0,391,0,31034,System.Byte[]
2307,TopItem_4_1,392,0,0,System.Byte[]
2308,TopItem_4_2,393,0,0,System.Byte[]
2309,TopItem_5,103,0,31351,System.Byte[]
2310,TopItem_6,0,0,0,System.Byte[]
2311,TopItem_7,0,0,0,System.Byte[]
2312,TopItem_7_plus,0,0,0,System.Byte[]
2313,L_Item_0,310,0,31010,System.Byte[]
2314,L_Item_1,311,0,31011,System.Byte[]
2315,L_Item_2,312,0,31012,System.Byte[]
2316,L_Item_3,313,0,31013,System.Byte[]
2317,L_Item_4,314,0,31014,System.Byte[]
2318,L_Item_5,322,0,31030,System.Byte[]
2319,L_Item_6,0,0,0,System.Byte[]
2320,L_Item_6a,320,0,31032,System.Byte[]
2321,L_Item_6b,338,0,31035,System.Byte[]
2322,L_Item_0_plus,315,0,0,System.Byte[]
2323,L_Item_1_plus,316,0,0,System.Byte[]
2324,L_Item_2_plus,317,0,0,System.Byte[]
2325,L_Item_3_plus,318,0,0,System.Byte[]
2326,L_Item_4_plus,319,0,0,System.Byte[]
2327,L_Item_5_plus,0,0,0,System.Byte[]
2328,L_Item_6_plus,0,0,0,System.Byte[]
2329,L_Item_6a_plus,0,0,0,System.Byte[]
2330,L_Item_6b_plus,0,0,0,System.Byte[]
2331,R_Item_0,340,0,31020,System.Byte[]
2332,R_Item_1,341,0,31021,System.Byte[]
2333,R_Item_2,342,0,31022,System.Byte[]
2334,R_Item_3,343,0,31023,System.Byte[]
2335,R_Item_4,344,0,31024,System.Byte[]
2336,R_Item_5,350,0,31031,System.Byte[]
2337,R_Item_6,0,0,0,System.Byte[]
2338,R_Item_0_plus,345,0,0,System.Byte[]
2339,R_Item_1_plus,346,0,0,System.Byte[]
2340,R_Item_2_plus,347,0,0,System.Byte[]
2341,R_Item_3_plus,348,0,0,System.Byte[]
2342,R_Item_4_plus,349,0,0,System.Byte[]
2343,R_Item_5_plus,351,0,0,System.Byte[]
2344,R_Item_6_plus,0,0,0,System.Byte[]
2345,Item_10,370,0,31314,System.Byte[]
2346,Item_11,371,0,31315,System.Byte[]
2347,Item_12,372,0,31316,System.Byte[]
2348,Item_13,373,0,31317,System.Byte[]
2349,Item_14,374,0,31318,System.Byte[]
2350,Item_20,360,0,31300,System.Byte[]
2351,Item_21,361,0,31301,System.Byte[]
2352,Item_22,362,0,31302,System.Byte[]
2353,Item_23,363,0,31303,System.Byte[]
2354,Item_24,364,0,31304,System.Byte[]
2355,Item_20_plus,365,0,0,System.Byte[]
2356,Item_21_plus,366,0,0,System.Byte[]
2357,Item_22_plus,367,0,0,System.Byte[]
2358,Item_23_plus,368,0,0,System.Byte[]
2359,Item_24_plus,369,0,0,System.Byte[]
2360,Item_30,395,0,0,System.Byte[]
2361,Item_31,396,0,0,System.Byte[]
2362,Item_32,397,0,0,System.Byte[]
2363,Item_33,0,0,0,System.Byte[]
2364,Item_34,0,0,0,System.Byte[]
2365,StatusTitle_0,0,20000,0,System.Byte[]
2366,StatusTitle_1,0,20001,0,System.Byte[]
2367,StatusTitle_2,0,20003,0,System.Byte[]
2368,StatusTitle_3,0,20002,0,System.Byte[]
2369,StatusTitle_4,0,20004,0,System.Byte[]
2370,,0,0,0,System.Byte[]
2400,Title,100,0,0,System.Byte[]
2401,TopItem_0,300,0,31001,System.Byte[]
2402,TopItem_1,301,0,31003,System.Byte[]
2403,TopItem_2,0,0,0,System.Byte[]
2404,TopItem_3,302,0,31006,System.Byte[]
2405,TopItem_4,391,0,31034,System.Byte[]
2406,TopItem_4_0,391,0,31034,System.Byte[]
2407,TopItem_4_1,392,0,0,System.Byte[]
2408,TopItem_4_2,393,0,0,System.Byte[]
2409,TopItem_5,103,0,31351,System.Byte[]
2410,TopItem_6,0,0,0,System.Byte[]
2411,TopItem_7,0,0,0,System.Byte[]
2412,TopItem_7_plus,0,0,0,System.Byte[]
2413,L_Item_0,310,0,31010,System.Byte[]
2414,L_Item_1,311,0,31011,System.Byte[]
2415,L_Item_2,312,0,31012,System.Byte[]
2416,L_Item_3,313,0,31013,System.Byte[]
2417,L_Item_4,314,0,31014,System.Byte[]
2418,L_Item_5,322,0,31030,System.Byte[]
2419,L_Item_6,0,0,0,System.Byte[]
2420,L_Item_6a,320,0,31032,System.Byte[]
2421,L_Item_6b,338,0,31035,System.Byte[]
2422,L_Item_0_plus,315,0,0,System.Byte[]
2423,L_Item_1_plus,316,0,0,System.Byte[]
2424,L_Item_2_plus,317,0,0,System.Byte[]
2425,L_Item_3_plus,318,0,0,System.Byte[]
2426,L_Item_4_plus,319,0,0,System.Byte[]
2427,L_Item_5_plus,0,0,0,System.Byte[]
2428,L_Item_6_plus,0,0,0,System.Byte[]
2429,L_Item_6a_plus,0,0,0,System.Byte[]
2430,L_Item_6b_plus,0,0,0,System.Byte[]
2431,R_Item_0,340,0,31020,System.Byte[]
2432,R_Item_1,341,0,31021,System.Byte[]
2433,R_Item_2,342,0,31022,System.Byte[]
2434,R_Item_3,343,0,31023,System.Byte[]
2435,R_Item_4,344,0,31024,System.Byte[]
2436,R_Item_5,350,0,31031,System.Byte[]
2437,R_Item_6,0,0,0,System.Byte[]
2438,R_Item_0_plus,345,0,0,System.Byte[]
2439,R_Item_1_plus,346,0,0,System.Byte[]
2440,R_Item_2_plus,347,0,0,System.Byte[]
2441,R_Item_3_plus,348,0,0,System.Byte[]
2442,R_Item_4_plus,349,0,0,System.Byte[]
2443,R_Item_5_plus,351,0,0,System.Byte[]
2444,R_Item_6_plus,0,0,0,System.Byte[]
2445,Item_10,370,0,31314,System.Byte[]
2446,Item_11,371,0,31315,System.Byte[]
2447,Item_12,372,0,31316,System.Byte[]
2448,Item_13,373,0,31317,System.Byte[]
2449,Item_14,374,0,31318,System.Byte[]
2450,Item_20,360,0,31300,System.Byte[]
2451,Item_21,361,0,31301,System.Byte[]
2452,Item_22,362,0,31302,System.Byte[]
2453,Item_23,363,0,31303,System.Byte[]
2454,Item_24,364,0,31304,System.Byte[]
2455,Item_20_plus,365,0,0,System.Byte[]
2456,Item_21_plus,366,0,0,System.Byte[]
2457,Item_22_plus,367,0,0,System.Byte[]
2458,Item_23_plus,368,0,0,System.Byte[]
2459,Item_24_plus,369,0,0,System.Byte[]
2460,Item_30,395,0,0,System.Byte[]
2461,Item_31,396,0,0,System.Byte[]
2462,Item_32,397,0,0,System.Byte[]
2463,Item_33,0,0,0,System.Byte[]
2464,Item_34,0,0,0,System.Byte[]
2465,StatusTitle_0,0,20000,0,System.Byte[]
2466,StatusTitle_1,0,20001,0,System.Byte[]
2467,StatusTitle_2,0,20003,0,System.Byte[]
2468,StatusTitle_3,0,20002,0,System.Byte[]
2469,StatusTitle_4,0,20004,0,System.Byte[]
2470,,0,0,0,System.Byte[]
2500,Title,100,0,0,System.Byte[]
2501,TopItem_0,300,0,31001,System.Byte[]
2502,TopItem_1,301,0,31003,System.Byte[]
2503,TopItem_2,0,0,0,System.Byte[]
2504,TopItem_3,302,0,31006,System.Byte[]
2505,TopItem_4,391,0,31034,System.Byte[]
2506,TopItem_4_0,391,0,31034,System.Byte[]
2507,TopItem_4_1,392,0,0,System.Byte[]
2508,TopItem_4_2,393,0,0,System.Byte[]
2509,TopItem_5,103,0,31351,System.Byte[]
2510,TopItem_6,0,0,0,System.Byte[]
2511,TopItem_7,0,0,0,System.Byte[]
2512,TopItem_7_plus,0,0,0,System.Byte[]
2513,L_Item_0,310,0,31010,System.Byte[]
2514,L_Item_1,311,0,31011,System.Byte[]
2515,L_Item_2,312,0,31012,System.Byte[]
2516,L_Item_3,313,0,31013,System.Byte[]
2517,L_Item_4,314,0,31014,System.Byte[]
2518,L_Item_5,322,0,31030,System.Byte[]
2519,L_Item_6,0,0,0,System.Byte[]
2520,L_Item_6a,320,0,31032,System.Byte[]
2521,L_Item_6b,339,0,31036,System.Byte[]
2522,L_Item_0_plus,315,0,0,System.Byte[]
2523,L_Item_1_plus,316,0,0,System.Byte[]
2524,L_Item_2_plus,317,0,0,System.Byte[]
2525,L_Item_3_plus,318,0,0,System.Byte[]
2526,L_Item_4_plus,319,0,0,System.Byte[]
2527,L_Item_5_plus,0,0,0,System.Byte[]
2528,L_Item_6_plus,0,0,0,System.Byte[]
2529,L_Item_6a_plus,0,0,0,System.Byte[]
2530,L_Item_6b_plus,0,0,0,System.Byte[]
2531,R_Item_0,340,0,31020,System.Byte[]
2532,R_Item_1,341,0,31021,System.Byte[]
2533,R_Item_2,342,0,31022,System.Byte[]
2534,R_Item_3,343,0,31023,System.Byte[]
2535,R_Item_4,344,0,31024,System.Byte[]
2536,R_Item_5,350,0,31031,System.Byte[]
2537,R_Item_6,0,0,0,System.Byte[]
2538,R_Item_0_plus,345,0,0,System.Byte[]
2539,R_Item_1_plus,346,0,0,System.Byte[]
2540,R_Item_2_plus,347,0,0,System.Byte[]
2541,R_Item_3_plus,348,0,0,System.Byte[]
2542,R_Item_4_plus,349,0,0,System.Byte[]
2543,R_Item_5_plus,351,0,0,System.Byte[]
2544,R_Item_6_plus,0,0,0,System.Byte[]
2545,Item_10,370,0,31314,System.Byte[]
2546,Item_11,371,0,31315,System.Byte[]
2547,Item_12,372,0,31316,System.Byte[]
2548,Item_13,373,0,31317,System.Byte[]
2549,Item_14,374,0,31318,System.Byte[]
2550,Item_20,360,0,31300,System.Byte[]
2551,Item_21,361,0,31301,System.Byte[]
2552,Item_22,362,0,31302,System.Byte[]
2553,Item_23,363,0,31303,System.Byte[]
2554,Item_24,364,0,31304,System.Byte[]
2555,Item_20_plus,365,0,0,System.Byte[]
2556,Item_21_plus,366,0,0,System.Byte[]
2557,Item_22_plus,367,0,0,System.Byte[]
2558,Item_23_plus,368,0,0,System.Byte[]
2559,Item_24_plus,369,0,0,System.Byte[]
2560,Item_30,395,0,0,System.Byte[]
2561,Item_31,396,0,0,System.Byte[]
2562,Item_32,397,0,0,System.Byte[]
2563,Item_33,0,0,0,System.Byte[]
2564,Item_34,0,0,0,System.Byte[]
2565,StatusTitle_0,0,20000,0,System.Byte[]
2566,StatusTitle_1,0,20001,0,System.Byte[]
2567,StatusTitle_2,0,20003,0,System.Byte[]
2568,StatusTitle_3,0,20002,0,System.Byte[]
2569,StatusTitle_4,0,20004,0,System.Byte[]
2570,,0,0,0,System.Byte[]
2600,Title,100,0,0,System.Byte[]
2601,TopItem_0,300,0,31001,System.Byte[]
2602,TopItem_1,301,0,31003,System.Byte[]
2603,TopItem_2,0,0,0,System.Byte[]
2604,TopItem_3,302,0,31006,System.Byte[]
2605,TopItem_4,391,0,31034,System.Byte[]
2606,TopItem_4_0,391,0,31034,System.Byte[]
2607,TopItem_4_1,392,0,0,System.Byte[]
2608,TopItem_4_2,393,0,0,System.Byte[]
2609,TopItem_5,103,0,31351,System.Byte[]
2610,TopItem_6,0,0,0,System.Byte[]
2611,TopItem_7,0,0,0,System.Byte[]
2612,TopItem_7_plus,0,0,0,System.Byte[]
2613,L_Item_0,310,0,31010,System.Byte[]
2614,L_Item_1,311,0,31011,System.Byte[]
2615,L_Item_2,312,0,31012,System.Byte[]
2616,L_Item_3,313,0,31013,System.Byte[]
2617,L_Item_4,314,0,31014,System.Byte[]
2618,L_Item_5,322,0,31030,System.Byte[]
2619,L_Item_6,0,0,0,System.Byte[]
2620,L_Item_6a,320,0,31032,System.Byte[]
2621,L_Item_6b,339,0,31036,System.Byte[]
2622,L_Item_0_plus,315,0,0,System.Byte[]
2623,L_Item_1_plus,316,0,0,System.Byte[]
2624,L_Item_2_plus,317,0,0,System.Byte[]
2625,L_Item_3_plus,318,0,0,System.Byte[]
2626,L_Item_4_plus,319,0,0,System.Byte[]
2627,L_Item_5_plus,0,0,0,System.Byte[]
2628,L_Item_6_plus,0,0,0,System.Byte[]
2629,L_Item_6a_plus,0,0,0,System.Byte[]
2630,L_Item_6b_plus,0,0,0,System.Byte[]
2631,R_Item_0,340,0,31020,System.Byte[]
2632,R_Item_1,341,0,31021,System.Byte[]
2633,R_Item_2,342,0,31022,System.Byte[]
2634,R_Item_3,343,0,31023,System.Byte[]
2635,R_Item_4,344,0,31024,System.Byte[]
2636,R_Item_5,350,0,31031,System.Byte[]
2637,R_Item_6,0,0,0,System.Byte[]
2638,R_Item_0_plus,345,0,0,System.Byte[]
2639,R_Item_1_plus,346,0,0,System.Byte[]
2640,R_Item_2_plus,347,0,0,System.Byte[]
2641,R_Item_3_plus,348,0,0,System.Byte[]
2642,R_Item_4_plus,349,0,0,System.Byte[]
2643,R_Item_5_plus,351,0,0,System.Byte[]
2644,R_Item_6_plus,0,0,0,System.Byte[]
2645,Item_10,370,0,31314,System.Byte[]
2646,Item_11,371,0,31315,System.Byte[]
2647,Item_12,372,0,31316,System.Byte[]
2648,Item_13,373,0,31317,System.Byte[]
2649,Item_14,374,0,31318,System.Byte[]
2650,Item_20,360,0,31300,System.Byte[]
2651,Item_21,361,0,31301,System.Byte[]
2652,Item_22,362,0,31302,System.Byte[]
2653,Item_23,363,0,31303,System.Byte[]
2654,Item_24,364,0,31304,System.Byte[]
2655,Item_20_plus,365,0,0,System.Byte[]
2656,Item_21_plus,366,0,0,System.Byte[]
2657,Item_22_plus,367,0,0,System.Byte[]
2658,Item_23_plus,368,0,0,System.Byte[]
2659,Item_24_plus,369,0,0,System.Byte[]
2660,Item_30,395,0,0,System.Byte[]
2661,Item_31,396,0,0,System.Byte[]
2662,Item_32,397,0,0,System.Byte[]
2663,Item_33,0,0,0,System.Byte[]
2664,Item_34,0,0,0,System.Byte[]
2665,StatusTitle_0,0,20000,0,System.Byte[]
2666,StatusTitle_1,0,20001,0,System.Byte[]
2667,StatusTitle_2,0,20003,0,System.Byte[]
2668,StatusTitle_3,0,20002,0,System.Byte[]
2669,StatusTitle_4,0,20004,0,System.Byte[]
2670,,0,0,0,System.Byte[]
4000,Title,100,0,0,System.Byte[]
4001,TopItem_0,0,0,0,System.Byte[]
4002,TopItem_1,0,0,0,System.Byte[]
4003,TopItem_2,0,0,0,System.Byte[]
4004,TopItem_3,0,0,0,System.Byte[]
4005,TopItem_4,0,0,0,System.Byte[]
4006,TopItem_5,103,0,31351,System.Byte[]
4007,TopItem_6,0,0,0,System.Byte[]
4008,TopItem_7,0,0,0,System.Byte[]
4009,L_Item_0,430,0,31180,System.Byte[]
4010,L_Item_1,431,0,31181,System.Byte[]
4011,L_Item_2,432,0,31182,System.Byte[]
4012,L_Item_3,433,0,31183,System.Byte[]
4013,L_Item_4,434,0,31184,System.Byte[]
4014,L_Item_5,435,0,31185,System.Byte[]
4015,L_Item_6,436,0,31186,System.Byte[]
4016,L_Item_7,437,0,31187,System.Byte[]
4017,R_Item_0,411,0,31190,System.Byte[]
4018,R_Item_1,412,0,31191,System.Byte[]
4019,R_Item_2,417,0,31192,System.Byte[]
4020,R_Item_3,413,0,31193,System.Byte[]
4021,R_Item_4,0,0,0,System.Byte[]
4022,R_Item_5,0,0,0,System.Byte[]
4023,R_Item_6,0,0,0,System.Byte[]
4024,R_Item_7,0,0,0,System.Byte[]
4025,StatusTitle_0,0,20050,0,System.Byte[]
4026,StatusTitle_1,0,20051,0,System.Byte[]
4027,,0,0,0,System.Byte[]
5000,Title,100,0,0,System.Byte[]
5001,TopItem_0,500,0,31002,System.Byte[]
5002,TopItem_1,0,0,0,System.Byte[]
5003,TopItem_2,110,0,31004,System.Byte[]
5004,TopItem_2_plus,111,0,0,System.Byte[]
5005,TopItem_3,112,0,31005,System.Byte[]
5006,TopItem_3_plus,113,0,0,System.Byte[]
5007,TopItem_4,520,0,31041,System.Byte[]
5008,TopItem_5,502,0,31040,System.Byte[]
5009,L_Item_0,101,0,0,System.Byte[]
5010,Item_10,504,0,31302,System.Byte[]
5011,Item_11,505,0,31303,System.Byte[]
5012,Item_12,506,0,31304,System.Byte[]
5013,Item_13,0,0,0,System.Byte[]
5014,Item_14,0,0,0,System.Byte[]
5015,StatusTitle_0,0,20006,0,System.Byte[]
5016,StatusTitle_1,0,20002,0,System.Byte[]
5017,,0,0,0,System.Byte[]
6000,Title,100,0,0,System.Byte[]
6001,TopItem_0,600,0,31001,System.Byte[]
6002,TopItem_1,601,0,31003,System.Byte[]
6003,TopItem_2,110,0,31004,System.Byte[]
6004,TopItem_2_plus,111,0,0,System.Byte[]
6005,TopItem_3,112,0,31005,System.Byte[]
6006,TopItem_3_plus,113,0,0,System.Byte[]
6007,TopItem_4,0,0,0,System.Byte[]
6008,TopItem_5,0,0,0,System.Byte[]
6009,L_Item_0,610,0,31010,System.Byte[]
6010,L_Item_1,611,0,31011,System.Byte[]
6011,L_Item_2,612,0,31012,System.Byte[]
6012,L_Item_3,613,0,31013,System.Byte[]
6013,L_Item_4,615,0,31014,System.Byte[]
6014,L_Item_5,614,0,31030,System.Byte[]
6015,L_Item_6,0,0,0,System.Byte[]
6016,R_Item_0,0,0,0,System.Byte[]
6017,R_Item_1,0,0,0,System.Byte[]
6018,R_Item_2,0,0,0,System.Byte[]
6019,R_Item_3,0,0,0,System.Byte[]
6020,R_Item_4,0,0,0,System.Byte[]
6021,R_Item_5,0,0,0,System.Byte[]
6022,R_Item_6,0,0,0,System.Byte[]
6023,Item_10,395,0,0,System.Byte[]
6024,Item_11,396,0,0,System.Byte[]
6025,Item_12,397,0,0,System.Byte[]
6026,Item_13,0,0,0,System.Byte[]
6027,Item_14,0,0,0,System.Byte[]
6028,StatusTitle_0,0,20000,0,System.Byte[]
6029,StatusTitle_1,0,20004,0,System.Byte[]
6030,,0,0,0,System.Byte[]
6500,Title,100,0,0,System.Byte[]
6501,TopItem_0,802,0,31512,System.Byte[]
6502,TopItem_1,0,0,0,System.Byte[]
6503,TopItem_2,0,0,0,System.Byte[]
6504,TopItem_3,0,0,0,System.Byte[]
6505,TopItem_4,801,0,31511,System.Byte[]
6506,TopItem_5,803,0,31513,System.Byte[]
6507,L_Item_0,101,0,0,System.Byte[]
6508,L_Item_1,0,0,0,System.Byte[]
6509,L_Item_2,0,0,0,System.Byte[]
6510,Item_10,0,0,0,System.Byte[]
6511,Item_11,0,0,0,System.Byte[]
6512,Item_12,0,0,0,System.Byte[]
6513,Item_13,0,0,0,System.Byte[]
6514,Item_14,0,0,0,System.Byte[]
6515,StatusTitle_0,0,20006,0,System.Byte[]
6516,StatusTitle_1,0,0,0,System.Byte[]
6517,,0,0,0,System.Byte[]
7000,Title,100,0,0,System.Byte[]
7001,StatusTitle_0,0,0,0,System.Byte[]
7002,TopItem_0_0,0,0,0,System.Byte[]
7003,TopItem_1_0,200,0,31360,System.Byte[]
7004,TopItem_2_0,0,0,0,System.Byte[]
7005,TopItem_2_1,0,0,0,System.Byte[]
7006,TopItem_2_2,0,0,0,System.Byte[]
7007,TopItem_3_0,110,0,31004,System.Byte[]
7008,TopItem_3_1,111,0,0,System.Byte[]
7009,TopItem_4_0,112,0,31005,System.Byte[]
7010,TopItem_4_1,113,0,0,System.Byte[]
7011,TopItem_5,101,0,0,System.Byte[]
7012,StatusTitle_1_0,0,236001,0,System.Byte[]
7013,StatusTitle_1_1,0,236002,0,System.Byte[]
7014,Item_0_0,150,0,0,System.Byte[]
7015,Item_0_1,151,0,0,System.Byte[]
7016,Item_0_2,152,0,0,System.Byte[]
7017,Item_0_3,153,0,0,System.Byte[]
7018,Item_1_0,155,0,0,System.Byte[]
7019,Item_1_1,156,0,0,System.Byte[]
7020,Item_1_2,157,0,0,System.Byte[]
7021,Item_1_3,158,0,0,System.Byte[]
7022,Item_2_0,160,0,0,System.Byte[]
7023,Item_2_1,161,0,0,System.Byte[]
7024,Item_2_2,162,0,0,System.Byte[]
7025,Item_2_3,163,0,0,System.Byte[]
7026,Item_3_0,165,0,0,System.Byte[]
7027,Item_3_1,166,0,0,System.Byte[]
7028,Item_3_2,167,0,0,System.Byte[]
7029,Item_3_3,168,0,0,System.Byte[]
7030,,0,0,0,System.Byte[]
7100,Title,100,0,0,System.Byte[]
7101,StatusTitle_0,0,0,0,System.Byte[]
7102,TopItem_0_0,0,0,0,System.Byte[]
7103,TopItem_1_0,600,0,31001,System.Byte[]
7104,TopItem_2_0,601,0,31003,System.Byte[]
7105,TopItem_2_1,0,0,0,System.Byte[]
7106,TopItem_2_2,0,0,0,System.Byte[]
7107,TopItem_3_0,110,0,31004,System.Byte[]
7108,TopItem_3_1,111,0,0,System.Byte[]
7109,TopItem_4_0,112,0,31005,System.Byte[]
7110,TopItem_4_1,113,0,0,System.Byte[]
7111,TopItem_5,101,0,0,System.Byte[]
7112,StatusTitle_1_0,0,236001,0,System.Byte[]
7113,StatusTitle_1_1,0,236002,0,System.Byte[]
7114,Item_0_0,150,0,0,System.Byte[]
7115,Item_0_1,151,0,0,System.Byte[]
7116,Item_0_2,152,0,0,System.Byte[]
7117,Item_0_3,153,0,0,System.Byte[]
7118,Item_1_0,155,0,0,System.Byte[]
7119,Item_1_1,156,0,0,System.Byte[]
7120,Item_1_2,157,0,0,System.Byte[]
7121,Item_1_3,158,0,0,System.Byte[]
7122,Item_2_0,160,0,0,System.Byte[]
7123,Item_2_1,161,0,0,System.Byte[]
7124,Item_2_2,162,0,0,System.Byte[]
7125,Item_2_3,163,0,0,System.Byte[]
7126,Item_3_0,165,0,0,System.Byte[]
7127,Item_3_1,166,0,0,System.Byte[]
7128,Item_3_2,167,0,0,System.Byte[]
7129,Item_3_3,168,0,0,System.Byte[]
7129,,0,0,0,System.Byte[]
7200,Title,100,0,0,System.Byte[]
7201,StatusTitle_0,0,0,0,System.Byte[]
7202,TopItem_0_0,0,0,0,System.Byte[]
7203,TopItem_1_0,200,0,31360,System.Byte[]
7204,TopItem_2_0,220,0,31008,System.Byte[]
7205,TopItem_2_1,221,0,0,System.Byte[]
7206,TopItem_2_2,222,0,0,System.Byte[]
7207,TopItem_3_0,110,11007,31007,System.Byte[]
7208,TopItem_3_1,111,0,0,System.Byte[]
7209,TopItem_4_0,112,0,31005,System.Byte[]
7210,TopItem_4_1,113,0,0,System.Byte[]
7211,TopItem_5,101,0,0,System.Byte[]
7212,StatusTitle_1_0,0,236001,0,System.Byte[]
7213,StatusTitle_1_1,0,236002,0,System.Byte[]
7214,Item_0_0,150,0,0,System.Byte[]
7215,Item_0_1,151,0,0,System.Byte[]
7216,Item_0_2,152,0,0,System.Byte[]
7217,Item_0_3,153,0,0,System.Byte[]
7218,Item_1_0,155,0,0,System.Byte[]
7219,Item_1_1,156,0,0,System.Byte[]
7220,Item_1_2,157,0,0,System.Byte[]
7221,Item_1_3,158,0,0,System.Byte[]
7222,Item_2_0,160,0,0,System.Byte[]
7223,Item_2_1,161,0,0,System.Byte[]
7224,Item_2_2,162,0,0,System.Byte[]
7225,Item_2_3,163,0,0,System.Byte[]
7226,Item_3_0,165,0,0,System.Byte[]
7227,Item_3_1,166,0,0,System.Byte[]
7228,Item_3_2,167,0,0,System.Byte[]
7229,Item_3_3,168,0,0,System.Byte[]
7230,,0,0,0,System.Byte[]
10000,Item_01,10008,0,30200,System.Byte[]
10001,Item_02,10009,0,30201,System.Byte[]
10002,Item_03,0,0,0,System.Byte[]
10003,Item_04,10100,0,30400,System.Byte[]
10004,Item_05,10102,0,30402,System.Byte[]
10005,Item_06,10101,0,30401,System.Byte[]
10006,Item_07,10103,0,30403,System.Byte[]
10007,Item_08,10104,0,30404,System.Byte[]
10008,Item_09,10106,0,30406,System.Byte[]
10009,Item_10,10107,0,30407,System.Byte[]
10010,Item_11,10109,0,30409,System.Byte[]
10011,Item_12,0,0,0,System.Byte[]
10012,Item_13,10200,0,30500,System.Byte[]
10013,Item_13_plus,10201,0,0,System.Byte[]
10014,Item_14,10202,0,30501,System.Byte[]
10015,Item_14_plus,10203,0,0,System.Byte[]
10016,Item_15,10204,0,30502,System.Byte[]
10017,Item_16,0,0,0,System.Byte[]
10018,Item_17,10205,0,30510,System.Byte[]
10019,Item_17_plus,10206,0,0,System.Byte[]
10020,Item_18,10228,0,0,System.Byte[]
10021,Item_19,0,0,0,System.Byte[]
10022,Item_20,10225,0,30562,System.Byte[]
10023,Item_21,10224,0,30561,System.Byte[]
10024,Item_22,0,0,0,System.Byte[]
10025,StatusTitle_0,0,0,0,System.Byte[]
10026,StatusTitle_1,0,0,0,System.Byte[]
10027,,0,0,0,System.Byte[]
11000,Item_01,0,0,0,System.Byte[]
11001,Item_02,10207,0,30520,System.Byte[]
11002,Item_03,10208,0,30521,System.Byte[]
11003,Item_04,10209,0,30522,System.Byte[]
11004,Item_05,10210,0,30523,System.Byte[]
11005,Item_06,10211,0,30524,System.Byte[]
11006,Item_07,10212,0,30525,System.Byte[]
11007,Item_08,0,0,0,System.Byte[]
11008,Item_09,0,0,0,System.Byte[]
11009,Item_10,10213,0,30580,System.Byte[]
11010,Item_11,10214,0,30581,System.Byte[]
11011,Item_12,10215,0,30582,System.Byte[]
11012,Item_13,10216,0,30583,System.Byte[]
11013,Item_14,10217,0,30584,System.Byte[]
11014,Item_15,10218,0,30585,System.Byte[]
11015,Item_16,10219,0,30586,System.Byte[]
11016,Item_17,10258,0,30587,System.Byte[]
11017,Item_18,0,0,0,System.Byte[]
11018,Item_19,0,0,0,System.Byte[]
11019,Item_20,10270,0,30590,System.Byte[]
11020,Item_21,10271,0,30591,System.Byte[]
11021,Item_22,10276,0,30592,System.Byte[]
11022,Item_23,10272,0,30593,System.Byte[]
11023,Item_24,0,0,0,System.Byte[]
11024,Item_10_plus,10242,0,0,System.Byte[]
11025,Item_11_plus,10259,0,0,System.Byte[]
11026,Item_12_plus,10260,0,0,System.Byte[]
11027,Item_13_plus,10261,0,0,System.Byte[]
11028,Item_14_plus,10243,0,0,System.Byte[]
11029,Item_15_plus,10244,0,0,System.Byte[]
11030,Item_16_plus,10245,0,0,System.Byte[]
11031,Item_17_plus,10262,0,0,System.Byte[]
11032,Item_20_plus,10281,0,0,System.Byte[]
11033,Item_21_plus,10280,0,0,System.Byte[]
11034,Item_22_plus,10286,0,0,System.Byte[]
11035,Item_23_plus,10283,0,0,System.Byte[]
11036,StatusTitle_0,0,40602,0,System.Byte[]
11037,StatusTitle_1,0,20000,0,System.Byte[]
11038,StatusTitle_2,0,20010,0,System.Byte[]
11039,StatusTitle_3,0,20017,0,System.Byte[]
11040,,0,0,0,System.Byte[]
15000,PlayerName,10000,0,30100,System.Byte[]
15001,Item_0,10001,0,30101,System.Byte[]
15002,Item_1,10012,0,30301,System.Byte[]
15003,Item_2,10002,0,30102,System.Byte[]
15004,Item_3,10003,0,30103,System.Byte[]
15005,StatusTitle_0,0,20015,0,System.Byte[]
15006,StatusTitle_1,0,20016,0,System.Byte[]
15007,,0,0,0,System.Byte[]
15500,Item_0_0,10008,0,30200,System.Byte[]
15501,Item_1_0,0,0,0,System.Byte[]
15502,Item_2_0,10009,0,30201,System.Byte[]
15503,Item_3_0,10010,0,30202,System.Byte[]
15504,Item_4_0,0,0,0,System.Byte[]
15505,Item_5_0,0,0,0,System.Byte[]
15506,Item_6_0,0,0,0,System.Byte[]
15507,Item_7_0,0,0,0,System.Byte[]
15508,LowerLeft_0,10100,0,30400,System.Byte[]
15509,LowerLeft_1,10102,0,30402,System.Byte[]
15510,LowerLeft_2,10101,0,30401,System.Byte[]
15511,LowerLeft_3,10103,0,30403,System.Byte[]
15512,LowerLeft_4,10104,0,30404,System.Byte[]
15513,LowerLeft_5,10106,0,30406,System.Byte[]
15514,LowerLeft_6,10107,0,30407,System.Byte[]
15515,LowerLeft_7,10109,0,30409,System.Byte[]
15516,LowerLeft_8,0,0,0,System.Byte[]
15517,PlayerName,10000,0,0,System.Byte[]
15518,StatusTitle_1,0,20008,0,System.Byte[]
15519,,0,0,0,System.Byte[]
16000,L_Item_00,10200,0,30500,System.Byte[]
16001,L_Item_00_plus,10201,0,0,System.Byte[]
16002,L_Item_01,10202,0,30501,System.Byte[]
16003,L_Item_01_plus,10203,0,0,System.Byte[]
16004,L_Item_02,10204,0,30502,System.Byte[]
16005,L_Item_03,10205,0,30510,System.Byte[]
16006,L_Item_03_plus,10206,0,0,System.Byte[]
16007,L_Item_04,10228,0,0,System.Byte[]
16008,L_Item_05,0,0,0,System.Byte[]
16009,L_Item_06,10225,0,30562,System.Byte[]
16010,L_Item_07,0,0,0,System.Byte[]
16011,L_Item_10,10207,0,30520,System.Byte[]
16012,L_Item_11,10208,0,30521,System.Byte[]
16013,L_Item_12,10209,0,30522,System.Byte[]
16014,L_Item_13,10210,0,30523,System.Byte[]
16015,L_Item_14,10211,0,30524,System.Byte[]
16016,L_Item_15,10212,0,30525,System.Byte[]
16017,R_Item_00,10213,0,30580,System.Byte[]
16018,R_Item_01,10214,0,30581,System.Byte[]
16019,R_Item_02,10215,0,30582,System.Byte[]
16020,R_Item_03,10216,0,30583,System.Byte[]
16021,R_Item_04,10217,0,30584,System.Byte[]
16022,R_Item_05,10218,0,30585,System.Byte[]
16023,R_Item_06,10219,0,30586,System.Byte[]
16024,R_Item_07,10258,0,30587,System.Byte[]
16025,R_Item_10,10270,0,30590,System.Byte[]
16026,R_Item_11,10271,0,30591,System.Byte[]
16027,R_Item_12,10276,0,30592,System.Byte[]
16028,R_Item_13,10272,0,30593,System.Byte[]
16029,R_Item_14,10224,0,30561,System.Byte[]
16030,R_Item_00_plus,10242,0,0,System.Byte[]
16031,R_Item_01_plus,10259,0,0,System.Byte[]
16032,R_Item_02_plus,10260,0,0,System.Byte[]
16033,R_Item_03_plus,10261,0,0,System.Byte[]
16034,R_Item_04_plus,10243,0,0,System.Byte[]
16035,R_Item_05_plus,10244,0,0,System.Byte[]
16036,R_Item_06_plus,10245,0,0,System.Byte[]
16037,R_Item_07_plus,10262,0,0,System.Byte[]
16038,R_Item_10_plus,10281,0,0,System.Byte[]
16039,R_Item_11_plus,10280,0,0,System.Byte[]
16040,R_Item_12_plus,10286,0,0,System.Byte[]
16041,R_Item_13_plus,10283,0,0,System.Byte[]
16042,StatusTitle_0,0,20009,0,System.Byte[]
16043,StatusTitle_1,0,20000,0,System.Byte[]
16044,StatusTitle_2,0,20010,0,System.Byte[]
16045,StatusTitle_3,0,20017,0,System.Byte[]
16046,,0,0,0,System.Byte[]
20000,TopItem_0,0,0,0,System.Byte[]
20001,TopItem_1,0,0,0,System.Byte[]
20002,,0,0,0,System.Byte[]
20100,TopItem_0,10009,0,30201,System.Byte[]
20101,TopItem_1,0,0,0,System.Byte[]
20102,,0,0,0,System.Byte[]
20200,TopItem_0,10009,0,30201,System.Byte[]
20201,TopItem_1,0,0,0,System.Byte[]
20202,,0,0,0,System.Byte[]
20300,Weight_Rate,0,0,0,System.Byte[]
20301,Weight_Current,0,0,0,System.Byte[]
20302,Weight_Max,0,0,0,System.Byte[]
20303,,0,0,0,System.Byte[]
20400,TopItem_0,10009,0,30201,System.Byte[]
20401,TopItem_1,0,0,0,System.Byte[]
20402,,0,0,0,System.Byte[]
20500,TopItem_0,0,0,0,System.Byte[]
20501,TopItem_1,0,0,0,System.Byte[]
20502,,0,0,0,System.Byte[]
20600,TopItem_0,10009,0,30201,System.Byte[]
20601,TopItem_1,120,0,32003,System.Byte[]
20602,,0,0,0,System.Byte[]
20700,TopItem_0,10009,0,30201,System.Byte[]
20701,TopItem_1,120,0,32004,System.Byte[]
20702,,0,0,0,System.Byte[]
20800,TopItem_0,10014,0,0,System.Byte[]
20801,TopItem_1,0,0,0,System.Byte[]
20802,,0,0,0,System.Byte[]
20900,TopItem_0,100,0,0,System.Byte[]
20901,TopItem_1,110,0,31004,System.Byte[]
20902,,0,0,0,System.Byte[]
21000,TopItem_0,100,0,0,System.Byte[]
21001,L_Item_0_0,800,0,0,System.Byte[]
21002,L_Item_1_0,801,0,0,System.Byte[]
21003,L_Item_2_0,810,0,0,System.Byte[]
21004,L_Item_3_0,811,0,0,System.Byte[]
21005,L_Item_4_0,0,0,0,System.Byte[]
21006,,0,0,0,System.Byte[]
21100,TopItem_0,10009,0,30201,System.Byte[]
21101,TopItem_1,0,0,0,System.Byte[]
21102,,0,0,0,System.Byte[]
21200,TopItem_0,0,0,0,System.Byte[]
21201,TopItem_1,0,0,0,System.Byte[]
21202,,0,0,0,System.Byte[]
22000,L_TopItem_0_0,0,236001,0,System.Byte[]
22001,L_TopItem_0_1,0,236002,0,System.Byte[]
22002,L_Item_0_0,150,0,0,System.Byte[]
22003,L_Item_0_1,151,0,0,System.Byte[]
22004,L_Item_0_2,152,0,0,System.Byte[]
22005,L_Item_1_0,155,0,0,System.Byte[]
22006,L_Item_1_1,156,0,0,System.Byte[]
22007,L_Item_1_2,157,0,0,System.Byte[]
22008,L_Item_2_0,160,0,0,System.Byte[]
22009,L_Item_2_1,161,0,0,System.Byte[]
22010,L_Item_2_2,162,0,0,System.Byte[]
22011,L_Item_3_0,165,0,0,System.Byte[]
22012,L_Item_3_1,166,0,0,System.Byte[]
22013,L_Item_3_2,167,0,0,System.Byte[]
22014,L_Item_4_0,0,0,0,System.Byte[]
22015,L_Item_4_1,0,0,0,System.Byte[]
22016,L_Item_4_2,0,0,0,System.Byte[]
22017,R_TopItem_0,0,236003,0,System.Byte[]
22018,R_Item_0_0,199,0,0,System.Byte[]
22019,R_Item_1_0,110,0,0,System.Byte[]
22020,R_Item_1_1,111,0,0,System.Byte[]
22021,R_Item_2_0,112,0,0,System.Byte[]
22022,R_Item_2_1,113,0,0,System.Byte[]
22023,R_Item_3_0,0,0,0,System.Byte[]
22024,R_Item_3_1,0,0,0,System.Byte[]
22025,R_Item_4_0,0,0,0,System.Byte[]
22026,R_Item_4_1,0,0,0,System.Byte[]
22027,R_Item_10_0,0,0,0,System.Byte[]
22028,R_Item_10_1,0,0,0,System.Byte[]
22029,R_Item_10_2,0,0,0,System.Byte[]
22030,,0,0,0,System.Byte[]
23000,L_TopItem_0_0,0,236001,0,System.Byte[]
23001,L_TopItem_0_1,0,236002,0,System.Byte[]
23002,L_Item_0_0,150,0,0,System.Byte[]
23003,L_Item_0_1,151,0,0,System.Byte[]
23004,L_Item_0_2,152,0,0,System.Byte[]
23005,L_Item_1_0,155,0,0,System.Byte[]
23006,L_Item_1_1,156,0,0,System.Byte[]
23007,L_Item_1_2,157,0,0,System.Byte[]
23008,L_Item_2_0,160,0,0,System.Byte[]
23009,L_Item_2_1,161,0,0,System.Byte[]
23010,L_Item_2_2,162,0,0,System.Byte[]
23011,L_Item_3_0,165,0,0,System.Byte[]
23012,L_Item_3_1,166,0,0,System.Byte[]
23013,L_Item_3_2,167,0,0,System.Byte[]
23014,L_Item_4_0,0,0,0,System.Byte[]
23015,L_Item_4_1,0,0,0,System.Byte[]
23016,L_Item_4_2,0,0,0,System.Byte[]
23017,R_TopItem_0,0,236003,0,System.Byte[]
23018,R_Item_0_0,199,0,0,System.Byte[]
23019,R_Item_1_0,0,0,0,System.Byte[]
23020,R_Item_1_1,0,0,0,System.Byte[]
23021,R_Item_2_0,0,0,0,System.Byte[]
23022,R_Item_2_1,0,0,0,System.Byte[]
23023,R_Item_3_0,110,0,0,System.Byte[]
23024,R_Item_3_1,111,0,0,System.Byte[]
23025,R_Item_4_0,112,0,0,System.Byte[]
23026,R_Item_4_1,113,0,0,System.Byte[]
23027,R_Item_10_0,220,0,0,System.Byte[]
23028,R_Item_10_1,221,0,0,System.Byte[]
23029,R_Item_10_2,222,0,0,System.Byte[]
23030,,0,0,0,System.Byte[]
30000,Item_0_0,10008,0,30200,System.Byte[]
30001,Item_1_0,0,0,0,System.Byte[]
30002,Item_2_0,10009,0,30201,System.Byte[]
30003,Item_3_0,10010,0,30202,System.Byte[]
30004,Item_4_0,0,0,0,System.Byte[]
30005,LowerLeft_0,10100,0,30400,System.Byte[]
30006,LowerLeft_1,10102,0,30402,System.Byte[]
30007,LowerLeft_2,10101,0,30401,System.Byte[]
30008,LowerLeft_3,10103,0,30403,System.Byte[]
30009,LowerLeft_4,10104,0,30404,System.Byte[]
30010,LowerLeft_5,10106,0,30406,System.Byte[]
30011,LowerLeft_6,10107,0,30407,System.Byte[]
30012,LowerLeft_7,10109,0,30409,System.Byte[]
30013,LowerLeft_8,0,0,0,System.Byte[]
30014,PlayerName,10000,0,0,System.Byte[]
30015,StatusTitle_1,0,20008,0,System.Byte[]
30016,,0,0,0,System.Byte[]
31000,L_Item_00,10201,0,30500,System.Byte[]
31001,L_Item_01,10203,0,30501,System.Byte[]
31002,L_Item_02,10204,0,30502,System.Byte[]
31003,L_Item_03,10206,0,30512,System.Byte[]
31004,L_Item_04,0,0,0,System.Byte[]
31005,L_Item_05,0,0,0,System.Byte[]
31006,L_Item_06,10225,0,30562,System.Byte[]
31007,L_Item_07,0,0,0,System.Byte[]
31008,L_Item_10,10207,0,30520,System.Byte[]
31009,L_Item_11,10208,0,30521,System.Byte[]
31010,L_Item_12,10209,0,30522,System.Byte[]
31011,L_Item_13,10210,0,30523,System.Byte[]
31012,L_Item_14,10211,0,30524,System.Byte[]
31013,L_Item_15,10212,0,30525,System.Byte[]
31014,R_Item_00,10213,0,30580,System.Byte[]
31015,R_Item_01,10214,0,30581,System.Byte[]
31016,R_Item_02,10215,0,30582,System.Byte[]
31017,R_Item_03,10216,0,30583,System.Byte[]
31018,R_Item_04,10217,0,30584,System.Byte[]
31019,R_Item_05,10218,0,30585,System.Byte[]
31020,R_Item_06,10219,0,30586,System.Byte[]
31021,R_Item_07,10258,0,30587,System.Byte[]
31022,R_Item_10,10270,0,30590,System.Byte[]
31023,R_Item_11,10271,0,30591,System.Byte[]
31024,R_Item_12,10276,0,30592,System.Byte[]
31025,R_Item_13,10272,0,30593,System.Byte[]
31026,R_Item_14,0,0,0,System.Byte[]
31027,StatusTitle_0,0,20009,0,System.Byte[]
31028,StatusTitle_1,0,20000,0,System.Byte[]
31029,StatusTitle_2,0,20000,0,System.Byte[]
31030,StatusTitle_3,0,20011,0,System.Byte[]
31031,StatusTitle_4,0,20014,0,System.Byte[]
31032,,0,0,0,System.Byte[]
32000,Title,0,122010,0,System.Byte[]
32001,Item_0,900,0,0,System.Byte[]
32002,Item_1,910,0,0,System.Byte[]
32003,,0,0,0,System.Byte[]
32100,Title,0,122020,0,System.Byte[]
32101,Item_0,901,0,0,System.Byte[]
32102,Item_1,911,0,0,System.Byte[]
32103,,0,0,0,System.Byte[]
32200,Title,0,122030,0,System.Byte[]
32201,Item_0,902,0,0,System.Byte[]
32202,Item_1,912,0,0,System.Byte[]
32203,,0,0,0,System.Byte[]
32300,Title,0,122040,0,System.Byte[]
32301,Item_0,903,0,0,System.Byte[]
32302,Item_1,913,0,0,System.Byte[]
32303,,0,0,0,System.Byte[]
32400,Title,0,122050,0,System.Byte[]
32401,Item_0,904,0,0,System.Byte[]
32402,Item_1,914,0,0,System.Byte[]
32403,,0,0,0,System.Byte[]
40000,TopItem_0,10000,0,0,System.Byte[]
40001,TopItem_1,10001,0,0,System.Byte[]
40002,TopItem_2,10012,0,0,System.Byte[]
40003,TopItem_3,10002,0,0,System.Byte[]
40004,TopItem_4,10003,0,0,System.Byte[]
40005,Bottom/Item_0_0,10008,0,30200,System.Byte[]
40006,Bottom/Item_1_0,10100,0,30400,System.Byte[]
40007,Bottom/Item_2_0,10102,0,30402,System.Byte[]
40008,Bottom/Item_3_0,10101,0,30401,System.Byte[]
40009,Bottom/Item_4_0,10105,0,30405,System.Byte[]
40010,Bottom/Item_5_0,10103,0,30403,System.Byte[]
40011,Bottom/Item_6_0,10104,0,30404,System.Byte[]
40012,Bottom/Item_7_0,10106,0,30406,System.Byte[]
40013,Bottom/Item_8_0,10107,0,30407,System.Byte[]
40014,Bottom/Item_9_0,10109,0,30409,System.Byte[]
40015,,0,0,0,System.Byte[]
